{"type":"FeatureCollection","features":[{"type":"Feature","properties":{"ZIP":"64011"},"geometry":{"type":"Polygon","coordinates":[[[-94.11206,38.97177],[-94.11227,38.96818],[-94.10752,38.96805],[-94.1077,38.96441],[-94.11,38.96448],[-94.11018,38.96086],[-94.10798,38.96079],[-94.10806,38.95899],[-94.10571,38.95893],[-94.10578,38.95711],[-94.10216,38.95695],[-94.10175,38.9557],[-94.10184,38.95348],[-94.09902,38.95341],[-94.09919,38.94972],[-94.09565,38.94962],[-94.09541,38.94906],[-94.09491,38.94887],[-94.09482,38.94853],[-94.09373,38.94813],[-94.09341,38.94735],[-94.0932,38.9474],[-94.09293,38.94797],[-94.09224,38.94786],[-94.09216,38.94774],[-94.09239,38.94747],[-94.09198,38.94723],[-94.09179,38.94665],[-94.09106,38.94646],[-94.09041,38.94588],[-94.08966,38.94587],[-94.08957,38.945],[-94.08985,38.94407],[-94.09031,38.9439],[-94.09039,38.94139],[-94.08663,38.94135],[-94.08677,38.93852],[-94.08811,38.93857],[-94.08832,38.93497],[-94.08719,38.93493],[-94.08738,38.93131],[-94.08161,38.93112],[-94.0818,38.92752],[-94.09108,38.92784],[-94.0913,38.92426],[-94.07744,38.92378],[-94.07775,38.91683],[-94.0774,38.91653],[-94.0761,38.9165],[-94.07673,38.90442],[-94.07709,38.9034],[-94.0768,38.90241],[-94.07871,38.86943],[-94.07898,38.86909],[-94.07972,38.86903],[-94.07984,38.86864],[-94.06139,38.86869],[-94.0596,38.86842],[-94.05959,38.86862],[-94.05876,38.86844],[-94.05198,38.86807],[-94.03768,38.86759],[-94.03761,38.86804],[-94.03722,38.86841],[-94.03616,38.86841],[-94.03553,38.8686],[-94.03523,38.86818],[-94.03458,38.86807],[-94.03432,38.86817],[-94.03415,38.86849],[-94.03199,38.86858],[-94.03178,38.86902],[-94.03102,38.86923],[-94.0309,38.86968],[-94.02979,38.86979],[-94.02949,38.87045],[-94.02913,38.87076],[-94.02823,38.87081],[-94.02806,38.87137],[-94.02833,38.87148],[-94.02804,38.87163],[-94.02781,38.8721],[-94.02792,38.87299],[-94.02768,38.87317],[-94.02766,38.87382],[-94.02661,38.87557],[-94.02647,38.87704],[-94.02624,38.87718],[-94.02613,38.87767],[-94.02526,38.87851],[-94.02521,38.87905],[-94.02497,38.87932],[-94.02536,38.8799],[-94.02494,38.88034],[-94.02531,38.88067],[-94.02543,38.88119],[-94.02609,38.88156],[-94.0272,38.88122],[-94.02776,38.88139],[-94.0281,38.88102],[-94.02852,38.88096],[-94.02873,38.8812],[-94.02923,38.8813],[-94.02923,38.88169],[-94.0294,38.88181],[-94.0305,38.88141],[-94.03099,38.88146],[-94.03122,38.88177],[-94.03166,38.88197],[-94.03105,38.88775],[-94.04059,38.88797],[-94.04007,38.89704],[-94.04947,38.89748],[-94.0491,38.90408],[-94.03936,38.90416],[-94.03527,38.90404],[-94.03491,38.91062],[-94.03452,38.91061],[-94.0343,38.91434],[-94.03435,38.9145],[-94.03563,38.91463],[-94.03596,38.91486],[-94.03558,38.92132],[-94.03519,38.92195],[-94.03441,38.92234],[-94.03093,38.92231],[-94.02953,38.95122],[-94.02826,38.95138],[-94.02801,38.95302],[-94.02475,38.95298],[-94.02463,38.95435],[-94.02472,38.95521],[-94.025,38.95533],[-94.02528,38.95589],[-94.02469,38.95694],[-94.02466,38.958],[-94.02495,38.95827],[-94.02568,38.9602],[-94.02589,38.96027],[-94.02649,38.95998],[-94.02672,38.96028],[-94.02711,38.96001],[-94.02718,38.96042],[-94.0276,38.96041],[-94.02851,38.9612],[-94.02931,38.96222],[-94.03036,38.96258],[-94.03173,38.96349],[-94.03158,38.96456],[-94.03191,38.96497],[-94.03201,38.96603],[-94.03246,38.96702],[-94.03237,38.9674],[-94.03265,38.96809],[-94.03243,38.96831],[-94.03313,38.96863],[-94.03318,38.96927],[-94.03309,38.97014],[-94.03271,38.97132],[-94.03254,38.9717],[-94.03186,38.97238],[-94.03139,38.97331],[-94.04244,38.97374],[-94.04213,38.97954],[-94.04185,38.98041],[-94.04145,38.98103],[-94.03988,38.98171],[-94.03759,38.98433],[-94.03705,38.98532],[-94.03696,38.98714],[-94.03908,38.98804],[-94.03972,38.98816],[-94.05575,38.98874],[-94.0554,38.99606],[-94.05552,38.99607],[-94.05552,38.99655],[-94.05538,38.99654],[-94.05511,39.00332],[-94.03533,39.00252],[-94.03438,39.02442],[-94.03945,39.02467],[-94.0415,39.02505],[-94.04307,39.02516],[-94.04512,39.02485],[-94.05418,39.0253],[-94.05391,39.03193],[-94.07228,39.03757],[-94.07241,39.03452],[-94.07346,39.03416],[-94.07356,39.03395],[-94.07395,39.03405],[-94.07444,39.03384],[-94.07553,39.03412],[-94.07591,39.03477],[-94.07727,39.03516],[-94.07884,39.03662],[-94.0796,39.03702],[-94.08041,39.03808],[-94.0811,39.03847],[-94.0815,39.03836],[-94.08181,39.0388],[-94.08213,39.0388],[-94.08244,39.03949],[-94.08358,39.03962],[-94.08365,39.04016],[-94.09994,39.04042],[-94.10018,39.03341],[-94.10032,39.03318],[-94.10933,39.03319],[-94.10957,39.02721],[-94.10958,39.01846],[-94.11001,39.01509],[-94.11032,39.00456],[-94.10138,39.00429],[-94.10139,39.00165],[-94.1017,38.99573],[-94.10689,38.99575],[-94.10631,38.98559],[-94.10715,38.98562],[-94.10708,38.98552],[-94.10751,38.98505],[-94.10739,38.98487],[-94.10764,38.9846],[-94.10734,38.98377],[-94.10694,38.98373],[-94.10719,38.98334],[-94.10691,38.98311],[-94.107,38.98299],[-94.10682,38.98254],[-94.10722,38.97528],[-94.1094,38.97532],[-94.10958,38.97516],[-94.10959,38.97455],[-94.11059,38.97455],[-94.11059,38.97534],[-94.11187,38.97537],[-94.11206,38.97177]]]}},{"type":"Feature","properties":{"ZIP":"64012"},"geometry":{"type":"Polygon","coordinates":[[[-94.60944,38.72589],[-94.60947,38.72383],[-94.59083,38.72289],[-94.59032,38.73762],[-94.58517,38.73734],[-94.58451,38.73984],[-94.58446,38.74099],[-94.58101,38.7408],[-94.58067,38.74811],[-94.57609,38.74787],[-94.57628,38.74425],[-94.57364,38.74412],[-94.57387,38.74032],[-94.57454,38.73837],[-94.57475,38.73823],[-94.57199,38.73809],[-94.57205,38.73659],[-94.5627,38.73619],[-94.56297,38.72152],[-94.55387,38.72118],[-94.55362,38.7285],[-94.53307,38.72742],[-94.53304,38.72849],[-94.53029,38.72835],[-94.53006,38.73452],[-94.52119,38.73396],[-94.5212,38.73536],[-94.51597,38.73536],[-94.5159,38.7377],[-94.5129,38.7375],[-94.50651,38.73747],[-94.50661,38.74357],[-94.5107,38.7436],[-94.5106,38.75456],[-94.49867,38.75401],[-94.49734,38.75424],[-94.4886,38.75426],[-94.48111,38.75391],[-94.48235,38.75614],[-94.48334,38.75741],[-94.48866,38.76187],[-94.48997,38.76356],[-94.49068,38.76547],[-94.49096,38.76803],[-94.49133,38.76939],[-94.49684,38.78149],[-94.49711,38.78295],[-94.49793,38.80211],[-94.49812,38.80323],[-94.49861,38.80451],[-94.49774,38.80439],[-94.49966,38.80761],[-94.49662,38.80748],[-94.49655,38.80928],[-94.49732,38.80932],[-94.49708,38.81295],[-94.49238,38.81276],[-94.4923,38.81424],[-94.4915,38.81422],[-94.49134,38.81682],[-94.49209,38.81686],[-94.49183,38.82001],[-94.48314,38.81961],[-94.48202,38.8317],[-94.48155,38.83189],[-94.48164,38.83306],[-94.48115,38.83962],[-94.48033,38.84088],[-94.48031,38.84135],[-94.49213,38.84171],[-94.50673,38.84241],[-94.50907,38.8423],[-94.51012,38.84246],[-94.52675,38.84327],[-94.52942,38.84364],[-94.53783,38.84403],[-94.54348,38.84408],[-94.54353,38.84337],[-94.5432,38.84193],[-94.54351,38.83571],[-94.5492,38.83418],[-94.54939,38.83468],[-94.55072,38.83443],[-94.55115,38.83495],[-94.55095,38.83552],[-94.55141,38.83619],[-94.55159,38.83746],[-94.55191,38.83776],[-94.55195,38.83898],[-94.5524,38.84151],[-94.55496,38.84136],[-94.55421,38.84462],[-94.58263,38.84611],[-94.60803,38.84721],[-94.60763,38.82756],[-94.60803,38.81109],[-94.60817,38.81109],[-94.60859,38.76782],[-94.60908,38.7381],[-94.60944,38.72589]]]}},{"type":"Feature","properties":{"ZIP":"64014"},"geometry":{"type":"Polygon","coordinates":[[[-94.2744,38.96757],[-94.27449,38.96571],[-94.26435,38.96545],[-94.26443,38.96272],[-94.264,38.96272],[-94.26407,38.95817],[-94.26555,38.95824],[-94.26571,38.95461],[-94.26297,38.95451],[-94.26282,38.95756],[-94.26112,38.95737],[-94.26129,38.95278],[-94.26108,38.95277],[-94.2608,38.95811],[-94.25972,38.95807],[-94.25951,38.96211],[-94.25646,38.96203],[-94.25653,38.95981],[-94.25628,38.95981],[-94.25602,38.96517],[-94.24707,38.96493],[-94.24636,38.98104],[-94.25066,38.98114],[-94.2506,38.98319],[-94.25099,38.9832],[-94.25036,38.98351],[-94.25027,38.98403],[-94.24879,38.98593],[-94.24801,38.98612],[-94.24795,38.98655],[-94.24808,38.98674],[-94.23676,38.98643],[-94.23658,38.98657],[-94.23662,38.98691],[-94.23629,38.988],[-94.2365,38.98964],[-94.23635,38.98992],[-94.23172,38.9899],[-94.23169,38.99357],[-94.23102,39.00794],[-94.23199,39.0078],[-94.23475,39.00789],[-94.23453,39.01285],[-94.23476,39.01281],[-94.2351,39.01305],[-94.23536,39.01346],[-94.23569,39.01499],[-94.23572,39.01529],[-94.23547,39.01552],[-94.23564,39.01591],[-94.2354,39.01613],[-94.23542,39.01633],[-94.2357,39.01723],[-94.23588,39.01871],[-94.23649,39.01972],[-94.23647,39.01985],[-94.23587,39.01999],[-94.23607,39.02044],[-94.23655,39.02059],[-94.23694,39.02123],[-94.23843,39.02234],[-94.23805,39.02277],[-94.23804,39.02299],[-94.23829,39.02307],[-94.23823,39.02335],[-94.23864,39.02346],[-94.23867,39.02378],[-94.23805,39.02431],[-94.23787,39.025],[-94.23793,39.02564],[-94.23951,39.02587],[-94.23865,39.04605],[-94.23764,39.04677],[-94.23576,39.04674],[-94.23558,39.04681],[-94.23541,39.04729],[-94.23409,39.04728],[-94.23391,39.05139],[-94.23639,39.05124],[-94.23853,39.05146],[-94.23855,39.05067],[-94.24077,39.05076],[-94.24071,39.05176],[-94.24087,39.05178],[-94.24091,39.05136],[-94.24167,39.05139],[-94.24163,39.05204],[-94.24178,39.05206],[-94.24435,39.05177],[-94.25686,39.05228],[-94.25707,39.04863],[-94.25822,39.04868],[-94.25804,39.05232],[-94.27081,39.05282],[-94.27148,39.0383],[-94.27262,39.03836],[-94.27276,39.0374],[-94.27235,39.0369],[-94.27251,39.03554],[-94.2716,39.03552],[-94.27241,39.01652],[-94.27364,39.01656],[-94.27372,39.01295],[-94.27253,39.0129],[-94.27252,39.01227],[-94.2744,38.96757]]]}},{"type":"Feature","properties":{"ZIP":"64015"},"geometry":{"type":"Polygon","coordinates":[[[-94.3529,39.03075],[-94.35321,39.03029],[-94.34906,39.0292],[-94.3459,39.02748],[-94.34348,39.02697],[-94.34349,39.02569],[-94.34363,39.02548],[-94.34175,39.02451],[-94.33907,39.02345],[-94.33668,39.02273],[-94.3328,39.02192],[-94.33298,39.01569],[-94.3314,39.01483],[-94.32932,39.0149],[-94.32967,39.01446],[-94.3308,39.01383],[-94.33094,39.01355],[-94.32986,39.01136],[-94.33039,39.00995],[-94.33036,39.00938],[-94.33,39.00905],[-94.33018,39.00846],[-94.33009,39.00812],[-94.32951,39.00758],[-94.32924,39.0075],[-94.32823,39.00752],[-94.32734,39.00727],[-94.32592,39.00754],[-94.32615,39.00688],[-94.32633,39.00676],[-94.32763,39.00625],[-94.32897,39.00617],[-94.32924,39.00592],[-94.32916,39.00545],[-94.32786,39.00412],[-94.32615,39.00357],[-94.32362,39.00387],[-94.32118,39.00369],[-94.32111,39.00333],[-94.32069,39.00285],[-94.31893,39.00251],[-94.31835,39.00268],[-94.31819,39.00303],[-94.31722,39.00285],[-94.31735,39.00236],[-94.31724,39.00221],[-94.31597,39.00178],[-94.31535,39.00184],[-94.31438,39.00239],[-94.31398,39.00243],[-94.31429,39.00174],[-94.31415,39.0015],[-94.31202,39.00112],[-94.31165,39.00088],[-94.31179,39.00068],[-94.31152,39.00062],[-94.31155,39.00032],[-94.31415,38.99668],[-94.31314,38.99728],[-94.31219,38.99733],[-94.31161,38.99687],[-94.31149,38.9956],[-94.31202,38.99562],[-94.31292,38.99538],[-94.31485,38.99402],[-94.31563,38.99388],[-94.31616,38.99398],[-94.31682,38.9927],[-94.31796,38.99174],[-94.32507,38.98921],[-94.32628,38.98895],[-94.32903,38.98887],[-94.3309,38.98836],[-94.33295,38.98825],[-94.33418,38.98802],[-94.33454,38.98076],[-94.33339,38.9808],[-94.33132,38.98031],[-94.32965,38.98107],[-94.33038,38.98176],[-94.32837,38.98183],[-94.31924,38.98139],[-94.31901,38.98176],[-94.31813,38.9819],[-94.31815,38.98244],[-94.31744,38.98335],[-94.31626,38.9836],[-94.31551,38.98463],[-94.31522,38.98475],[-94.31494,38.98471],[-94.31458,38.98431],[-94.31411,38.98294],[-94.31391,38.98421],[-94.31426,38.98567],[-94.31343,38.98673],[-94.31274,38.98845],[-94.31217,38.98904],[-94.31132,38.98943],[-94.31107,38.98922],[-94.31032,38.9876],[-94.31047,38.98644],[-94.30961,38.9869],[-94.30871,38.98648],[-94.30813,38.986],[-94.30819,38.98548],[-94.30936,38.98412],[-94.30857,38.98427],[-94.30849,38.98408],[-94.30875,38.98335],[-94.30815,38.98379],[-94.30714,38.98521],[-94.30686,38.98532],[-94.30638,38.98522],[-94.30622,38.98487],[-94.30667,38.98384],[-94.30681,38.98243],[-94.30657,38.98256],[-94.30636,38.98316],[-94.30573,38.98407],[-94.30532,38.98423],[-94.30308,38.98233],[-94.30344,38.98159],[-94.30345,38.98124],[-94.30236,38.9821],[-94.30103,38.98161],[-94.30049,38.98128],[-94.30005,38.98074],[-94.30003,38.98041],[-94.30039,38.9797],[-94.30034,38.97896],[-94.30007,38.97888],[-94.29954,38.97988],[-94.29927,38.97985],[-94.29875,38.97923],[-94.29888,38.97882],[-94.29881,38.97844],[-94.29911,38.97793],[-94.29912,38.97709],[-94.29895,38.97668],[-94.29861,38.97649],[-94.29834,38.97581],[-94.29855,38.97473],[-94.29915,38.97425],[-94.29936,38.97369],[-94.298,38.97362],[-94.29768,38.97342],[-94.29754,38.97312],[-94.29816,38.95903],[-94.27486,38.95846],[-94.27252,39.01227],[-94.27253,39.0129],[-94.27372,39.01295],[-94.27364,39.01656],[-94.27241,39.01652],[-94.2716,39.03552],[-94.27251,39.03554],[-94.27235,39.0369],[-94.27276,39.0374],[-94.27262,39.03836],[-94.27148,39.0383],[-94.27075,39.05559],[-94.27096,39.05635],[-94.27138,39.05695],[-94.2781,39.0639],[-94.27827,39.0643],[-94.27876,39.06861],[-94.28345,39.0687],[-94.28797,39.07157],[-94.29024,39.07163],[-94.2898,39.07401],[-94.29255,39.07446],[-94.29251,39.07531],[-94.29484,39.07536],[-94.29504,39.07171],[-94.29323,39.07165],[-94.29331,39.06805],[-94.30089,39.06824],[-94.30349,39.06816],[-94.3035,39.0686],[-94.30328,39.06909],[-94.30344,39.0695],[-94.30388,39.06991],[-94.30487,39.07026],[-94.30533,39.0709],[-94.30537,39.07208],[-94.30519,39.07247],[-94.3056,39.07311],[-94.30569,39.07356],[-94.30552,39.0739],[-94.30499,39.07434],[-94.30496,39.07471],[-94.30547,39.07616],[-94.30585,39.07667],[-94.30638,39.0783],[-94.30598,39.07927],[-94.3062,39.07978],[-94.30652,39.082],[-94.30557,39.08229],[-94.30573,39.08335],[-94.30556,39.08405],[-94.306,39.08446],[-94.3059,39.08483],[-94.30699,39.08505],[-94.30735,39.08545],[-94.30744,39.08589],[-94.30895,39.08603],[-94.30923,39.07959],[-94.30996,39.07882],[-94.31082,39.07826],[-94.31153,39.07692],[-94.3121,39.07467],[-94.31223,39.07056],[-94.31263,39.06867],[-94.31279,39.06856],[-94.31604,39.06869],[-94.31635,39.06383],[-94.31606,39.06296],[-94.31648,39.0614],[-94.31683,39.05577],[-94.31948,39.05612],[-94.31956,39.05421],[-94.31811,39.05416],[-94.31805,39.05374],[-94.31908,39.05357],[-94.31953,39.05334],[-94.32062,39.05175],[-94.32142,39.05119],[-94.32653,39.04918],[-94.33139,39.04803],[-94.33201,39.04766],[-94.33247,39.04711],[-94.33424,39.04734],[-94.33735,39.04737],[-94.33753,39.04556],[-94.3378,39.0449],[-94.33858,39.04453],[-94.34095,39.04459],[-94.34122,39.03751],[-94.34165,39.03666],[-94.34567,39.03452],[-94.35211,39.03145],[-94.3529,39.03075]]]}},{"type":"Feature","properties":{"ZIP":"64016"},"geometry":{"type":"Polygon","coordinates":[[[-94.2821,39.09672],[-94.2817,39.09616],[-94.28151,39.09615],[-94.28153,39.09506],[-94.2814,39.09493],[-94.27132,39.09336],[-94.26885,39.09105],[-94.26765,39.08888],[-94.26797,39.08885],[-94.26682,39.08773],[-94.26509,39.08667],[-94.25889,39.08394],[-94.25776,39.08329],[-94.25625,39.0832],[-94.25611,39.08296],[-94.24831,39.08272],[-94.24794,39.08213],[-94.24595,39.08108],[-94.24573,39.08089],[-94.24576,39.08069],[-94.22821,39.0801],[-94.22274,39.08058],[-94.21886,39.08035],[-94.22214,39.08045],[-94.22353,39.08032],[-94.22352,39.08004],[-94.22116,39.07994],[-94.22118,39.07907],[-94.21892,39.07895],[-94.21952,39.06539],[-94.21754,39.06529],[-94.20116,39.06499],[-94.2009,39.06853],[-94.20107,39.06899],[-94.20061,39.07216],[-94.20045,39.0763],[-94.19812,39.0767],[-94.19536,39.07781],[-94.19142,39.07856],[-94.19031,39.07911],[-94.18192,39.07908],[-94.18171,39.0841],[-94.18159,39.08423],[-94.17736,39.08412],[-94.17703,39.08475],[-94.1724,39.08468],[-94.16951,39.08626],[-94.16272,39.0862],[-94.16302,39.07882],[-94.1588,39.07873],[-94.1589,39.07504],[-94.15435,39.07495],[-94.15434,39.07543],[-94.14958,39.07535],[-94.14948,39.07843],[-94.15401,39.07866],[-94.15415,39.07884],[-94.15404,39.08133],[-94.14947,39.08119],[-94.14917,39.08589],[-94.15067,39.08593],[-94.1505,39.08963],[-94.14917,39.08961],[-94.14899,39.09283],[-94.14918,39.09302],[-94.14756,39.09296],[-94.14854,39.09337],[-94.14894,39.0945],[-94.14953,39.09523],[-94.15147,39.0969],[-94.15233,39.09813],[-94.15229,39.09873],[-94.15156,39.09988],[-94.15136,39.10072],[-94.14959,39.10107],[-94.14979,39.10233],[-94.14965,39.10281],[-94.14989,39.10358],[-94.15055,39.10371],[-94.1509,39.10413],[-94.15086,39.10498],[-94.1503,39.10524],[-94.15067,39.10585],[-94.1503,39.10619],[-94.15013,39.1072],[-94.1508,39.10732],[-94.15091,39.10763],[-94.15696,39.10775],[-94.15621,39.10867],[-94.15577,39.10957],[-94.15494,39.10955],[-94.15485,39.11134],[-94.15253,39.11127],[-94.15228,39.11674],[-94.15912,39.11696],[-94.15899,39.11896],[-94.16126,39.11905],[-94.16012,39.13603],[-94.155,39.13655],[-94.15537,39.13857],[-94.15526,39.13928],[-94.15544,39.1403],[-94.15582,39.14067],[-94.1573,39.14134],[-94.15934,39.14195],[-94.1624,39.14214],[-94.16378,39.14193],[-94.16442,39.14167],[-94.16555,39.1417],[-94.17016,39.14388],[-94.17096,39.14407],[-94.17907,39.1446],[-94.19654,39.14507],[-94.19495,39.16382],[-94.19494,39.16442],[-94.19536,39.16554],[-94.19633,39.1664],[-94.199,39.16723],[-94.21327,39.16776],[-94.21401,39.16027],[-94.22578,39.16075],[-94.24212,39.16112],[-94.24178,39.16429],[-94.24856,39.16443],[-94.24889,39.16493],[-94.25109,39.16499],[-94.25089,39.1666],[-94.25241,39.1653],[-94.25468,39.16368],[-94.25671,39.16315],[-94.25736,39.1648],[-94.26063,39.16469],[-94.26083,39.16301],[-94.26734,39.16061],[-94.26766,39.15873],[-94.26636,39.1574],[-94.26631,39.15604],[-94.26528,39.15441],[-94.26516,39.15314],[-94.26487,39.15255],[-94.26494,39.15145],[-94.26344,39.14944],[-94.26189,39.14912],[-94.26273,39.13997],[-94.2628,39.13855],[-94.26264,39.13797],[-94.25864,39.13933],[-94.25868,39.13865],[-94.25815,39.13863],[-94.2586,39.13254],[-94.25631,39.13247],[-94.25686,39.12523],[-94.2586,39.12527],[-94.25864,39.12435],[-94.26087,39.12443],[-94.26099,39.12308],[-94.26204,39.12311],[-94.2621,39.12249],[-94.26266,39.12251],[-94.26272,39.12179],[-94.26584,39.12187],[-94.26609,39.11636],[-94.27197,39.1165],[-94.27218,39.1126],[-94.26625,39.11248],[-94.2663,39.10756],[-94.27409,39.10737],[-94.27564,39.10746],[-94.27861,39.10818],[-94.28027,39.10894],[-94.28153,39.10976],[-94.28162,39.10532],[-94.28103,39.10449],[-94.28095,39.10408],[-94.28169,39.10309],[-94.2821,39.09672]]]}},{"type":"Feature","properties":{"ZIP":"64017"},"geometry":{"type":"Polygon","coordinates":[[[-94.10011,39.22764],[-94.09936,39.22714],[-94.09905,39.22665],[-94.09891,39.22193],[-94.09925,39.22099],[-94.09731,39.2198],[-94.09547,39.21948],[-94.09395,39.21866],[-94.09035,39.21506],[-94.08901,39.21429],[-94.088,39.21312],[-94.08761,39.21007],[-94.08689,39.20855],[-94.08697,39.20794],[-94.08669,39.20692],[-94.08665,39.20623],[-94.08709,39.2053],[-94.08105,39.20397],[-94.08067,39.20416],[-94.08066,39.20514],[-94.08043,39.20548],[-94.07703,39.20646],[-94.07442,39.20448],[-94.07008,39.20179],[-94.0701,39.20322],[-94.06269,39.20311],[-94.06265,39.19917],[-94.06121,39.19925],[-94.05643,39.19642],[-94.05634,39.19386],[-94.05649,39.19352],[-94.05584,39.18138],[-94.0559,39.17813],[-94.05178,39.17818],[-94.05118,39.17794],[-94.0511,39.17613],[-94.05088,39.17535],[-94.05069,39.1749],[-94.05006,39.1745],[-94.035,39.17486],[-94.03544,39.17503],[-94.03544,39.17523],[-94.03518,39.17547],[-94.03407,39.17557],[-94.02846,39.16903],[-94.0269,39.16694],[-94.02571,39.165],[-94.02475,39.16069],[-94.02421,39.15454],[-94.01823,39.1572],[-94.01673,39.15761],[-94.01248,39.15872],[-94.0066,39.15921],[-94.00049,39.15826],[-93.99427,39.15638],[-93.98889,39.15278],[-93.98754,39.15444],[-93.98669,39.15582],[-93.98626,39.16126],[-93.98336,39.16852],[-93.98037,39.17082],[-93.98001,39.17077],[-93.97849,39.17133],[-93.97535,39.17274],[-93.96786,39.17813],[-93.96244,39.18337],[-93.96148,39.18752],[-93.96138,39.18962],[-93.96178,39.19212],[-93.96305,39.19413],[-93.96454,39.19599],[-93.96677,39.19826],[-93.96896,39.20001],[-93.97197,39.20217],[-93.9774,39.20549],[-93.97896,39.20604],[-93.98009,39.20587],[-93.98866,39.20164],[-93.99466,39.20025],[-94.00022,39.19847],[-94.00121,39.19862],[-94.0054,39.1977],[-94.00721,39.19982],[-94.00711,39.20226],[-94.00897,39.20375],[-94.00899,39.20436],[-94.00739,39.2054],[-94.00534,39.20646],[-93.99715,39.20989],[-93.97693,39.21727],[-93.97727,39.21775],[-93.97816,39.21711],[-93.98793,39.21363],[-93.99041,39.21382],[-93.99197,39.21376],[-93.99872,39.21268],[-94.00307,39.2101],[-94.00485,39.20991],[-94.00543,39.20887],[-94.00621,39.20964],[-94.00642,39.21009],[-94.00643,39.21079],[-94.00672,39.21098],[-94.00712,39.21089],[-94.00742,39.211],[-94.00805,39.21167],[-94.00846,39.21249],[-94.0092,39.213],[-94.01029,39.21338],[-94.01014,39.21389],[-94.01058,39.21412],[-94.01123,39.21418],[-94.01118,39.21444],[-94.01067,39.21479],[-94.01062,39.21498],[-94.01162,39.21524],[-94.012,39.21559],[-94.01222,39.21604],[-94.01184,39.21613],[-94.01158,39.21661],[-94.01187,39.21748],[-94.01221,39.21761],[-94.01235,39.21716],[-94.01478,39.21783],[-94.01581,39.21901],[-94.01594,39.2193],[-94.01581,39.21961],[-94.01602,39.21981],[-94.01661,39.21997],[-94.01658,39.22023],[-94.01696,39.22045],[-94.01674,39.22058],[-94.01734,39.22082],[-94.01675,39.22098],[-94.01685,39.22117],[-94.01664,39.22132],[-94.01662,39.22167],[-94.01704,39.22197],[-94.01738,39.22191],[-94.01776,39.22149],[-94.01811,39.22157],[-94.01851,39.22193],[-94.02045,39.22279],[-94.02045,39.223],[-94.01987,39.22349],[-94.02013,39.22439],[-94.02054,39.22487],[-94.02051,39.22505],[-94.02134,39.22492],[-94.0215,39.22511],[-94.02106,39.22559],[-94.02099,39.22601],[-94.02176,39.22626],[-94.0224,39.22573],[-94.02307,39.22612],[-94.02275,39.22661],[-94.02293,39.22697],[-94.0236,39.22727],[-94.02379,39.22799],[-94.02413,39.22828],[-94.02338,39.22873],[-94.02394,39.22873],[-94.0245,39.22948],[-94.02515,39.22917],[-94.02565,39.22932],[-94.0261,39.22903],[-94.02638,39.22929],[-94.02707,39.22943],[-94.02794,39.22935],[-94.02841,39.2295],[-94.0284,39.22855],[-94.02876,39.22761],[-94.02946,39.22715],[-94.03081,39.22561],[-94.03211,39.22543],[-94.03256,39.22557],[-94.0327,39.22708],[-94.033,39.22738],[-94.04776,39.22757],[-94.04789,39.23217],[-94.05059,39.23474],[-94.0516,39.23491],[-94.06696,39.23511],[-94.06681,39.24234],[-94.07075,39.24245],[-94.07183,39.24279],[-94.07519,39.24263],[-94.07653,39.24229],[-94.07827,39.24257],[-94.08756,39.24261],[-94.08848,39.24227],[-94.08906,39.24246],[-94.0966,39.23153],[-94.09852,39.22925],[-94.10011,39.22764]]]}},{"type":"Feature","properties":{"ZIP":"64018"},"geometry":{"type":"Polygon","coordinates":[[[-94.78872,39.4518],[-94.78876,39.45109],[-94.78663,39.45098],[-94.78205,39.4516],[-94.77968,39.45168],[-94.77975,39.44038],[-94.77059,39.44048],[-94.77059,39.4266],[-94.75206,39.42665],[-94.75164,39.42581],[-94.75094,39.42493],[-94.72938,39.40501],[-94.7227,39.40498],[-94.72283,39.40542],[-94.72278,39.41148],[-94.7224,39.41172],[-94.7208,39.41223],[-94.71383,39.41221],[-94.7133,39.41246],[-94.71318,39.41523],[-94.7132,39.42685],[-94.68684,39.42693],[-94.68685,39.42638],[-94.68763,39.42582],[-94.68791,39.42543],[-94.68778,39.42496],[-94.68722,39.42473],[-94.68616,39.42496],[-94.68569,39.42528],[-94.68499,39.42642],[-94.68477,39.42751],[-94.68341,39.42825],[-94.68221,39.42835],[-94.6815,39.42812],[-94.6813,39.42771],[-94.68149,39.42668],[-94.68128,39.427],[-94.6811,39.4281],[-94.6819,39.42854],[-94.68317,39.42863],[-94.68394,39.42835],[-94.6852,39.42746],[-94.68515,39.42701],[-94.68579,39.42578],[-94.68691,39.42513],[-94.68773,39.42516],[-94.68752,39.42577],[-94.68647,39.42637],[-94.68646,39.42758],[-94.68727,39.42844],[-94.68935,39.42991],[-94.69002,39.43075],[-94.6902,39.43204],[-94.68986,39.43458],[-94.68937,39.43556],[-94.68903,39.4367],[-94.68819,39.43792],[-94.68685,39.43861],[-94.6843,39.43913],[-94.68274,39.43961],[-94.67973,39.4411],[-94.67663,39.44139],[-94.67619,39.44175],[-94.67585,39.44238],[-94.67598,39.44308],[-94.67795,39.44441],[-94.67891,39.44551],[-94.68153,39.44656],[-94.68228,39.4472],[-94.68221,39.44798],[-94.68114,39.45008],[-94.68123,39.45111],[-94.68105,39.45204],[-94.68133,39.4528],[-94.68226,39.45344],[-94.68498,39.45339],[-94.6859,39.45363],[-94.68747,39.45452],[-94.68847,39.45588],[-94.68881,39.45697],[-94.68887,39.45776],[-94.68871,39.45912],[-94.68882,39.4621],[-94.68854,39.46272],[-94.68822,39.46296],[-94.68778,39.46295],[-94.68703,39.46253],[-94.68626,39.46245],[-94.68351,39.46357],[-94.69405,39.47898],[-94.69408,39.47734],[-94.72235,39.4773],[-94.72246,39.47886],[-94.72239,39.48461],[-94.75051,39.48436],[-94.75061,39.48095],[-94.75322,39.48011],[-94.75885,39.47879],[-94.76283,39.47716],[-94.77007,39.47698],[-94.77831,39.4756],[-94.78173,39.47444],[-94.7854,39.47224],[-94.78766,39.47133],[-94.78872,39.4518]]]}},{"type":"Feature","properties":{"ZIP":"64019"},"geometry":{"type":"Polygon","coordinates":[[[-93.96309,38.83428],[-93.96323,38.83236],[-93.96242,38.83183],[-93.96187,38.83165],[-93.9603,38.83199],[-93.95909,38.8314],[-93.95911,38.83069],[-93.95825,38.83067],[-93.95837,38.82886],[-93.95957,38.82788],[-93.96019,38.8277],[-93.96048,38.82639],[-93.96185,38.82457],[-93.96193,38.82429],[-93.9617,38.82406],[-93.96245,38.82338],[-93.96219,38.82221],[-93.96126,38.82089],[-93.95988,38.81961],[-93.95898,38.81961],[-93.95767,38.81919],[-93.95763,38.81838],[-93.95564,38.81768],[-93.95523,38.81729],[-93.9552,38.81671],[-93.95379,38.81654],[-93.95388,38.81586],[-93.95423,38.81559],[-93.95413,38.81543],[-93.9531,38.81532],[-93.9527,38.81513],[-93.9518,38.81518],[-93.95087,38.81436],[-93.94971,38.81438],[-93.94805,38.81381],[-93.94756,38.81385],[-93.94692,38.81332],[-93.94632,38.81313],[-93.94623,38.81257],[-93.94558,38.81216],[-93.94573,38.81071],[-93.94383,38.81008],[-93.9407,38.80964],[-93.94025,38.80945],[-93.93687,38.81776],[-93.93619,38.8205],[-93.93566,38.8215],[-93.94052,38.8217],[-93.94086,38.82186],[-93.94011,38.82842],[-93.94003,38.82854],[-93.93546,38.82453],[-93.93514,38.83127],[-93.91387,38.82321],[-93.91183,38.82222],[-93.91266,38.81443],[-93.91302,38.80395],[-93.89875,38.80355],[-93.89921,38.79629],[-93.89925,38.79294],[-93.90491,38.78936],[-93.90787,38.78782],[-93.90923,38.78665],[-93.91054,38.78595],[-93.91115,38.78536],[-93.91304,38.78441],[-93.91409,38.78412],[-93.91422,38.782],[-93.90412,38.78173],[-93.90495,38.76163],[-93.90458,38.76058],[-93.90469,38.76021],[-93.90573,38.75939],[-93.90624,38.75861],[-93.90776,38.75883],[-93.90919,38.7595],[-93.90974,38.75941],[-93.91227,38.75646],[-93.91288,38.75606],[-93.9128,38.75468],[-93.91297,38.75422],[-93.91532,38.75367],[-93.9154,38.75008],[-93.91622,38.74213],[-93.91647,38.73751],[-93.91775,38.73756],[-93.9181,38.73074],[-93.918,38.73054],[-93.91814,38.73007],[-93.91866,38.72237],[-93.91926,38.70757],[-93.91772,38.70753],[-93.9178,38.70465],[-93.91466,38.70458],[-93.91486,38.70008],[-93.90067,38.69968],[-93.90086,38.69595],[-93.89601,38.69584],[-93.89644,38.68856],[-93.89636,38.68698],[-93.89662,38.68147],[-93.89649,38.6812],[-93.8817,38.68049],[-93.88174,38.67973],[-93.88319,38.67965],[-93.88372,38.67928],[-93.88419,38.67954],[-93.88535,38.67949],[-93.8855,38.67918],[-93.88613,38.67887],[-93.88737,38.67763],[-93.88784,38.67749],[-93.88834,38.67703],[-93.88029,38.67679],[-93.88051,38.67635],[-93.88161,38.67602],[-93.88188,38.67563],[-93.88254,38.66221],[-93.86392,38.6617],[-93.86483,38.64706],[-93.84675,38.64658],[-93.84598,38.64677],[-93.84544,38.64735],[-93.84435,38.66716],[-93.84348,38.66737],[-93.84241,38.66841],[-93.84054,38.66856],[-93.83958,38.66902],[-93.83911,38.66974],[-93.83894,38.67136],[-93.83864,38.67181],[-93.83782,38.67206],[-93.83546,38.67209],[-93.83505,38.67232],[-93.83435,38.67339],[-93.83312,38.67422],[-93.83065,38.67482],[-93.82949,38.67556],[-93.81602,38.67511],[-93.81585,38.67883],[-93.80721,38.67843],[-93.80639,38.67877],[-93.80586,38.68954],[-93.80551,38.69371],[-93.80556,38.69681],[-93.80445,38.72151],[-93.80362,38.73001],[-93.79909,38.72984],[-93.79884,38.7336],[-93.79044,38.7333],[-93.78689,38.73286],[-93.7859,38.73315],[-93.77887,38.73288],[-93.77877,38.73537],[-93.77921,38.73677],[-93.77947,38.73944],[-93.77902,38.7417],[-93.77772,38.74554],[-93.77613,38.74815],[-93.77552,38.74952],[-93.77347,38.75151],[-93.77164,38.75425],[-93.77128,38.7549],[-93.77081,38.75721],[-93.76932,38.76061],[-93.76895,38.76091],[-93.76822,38.76095],[-93.77035,38.76149],[-93.77743,38.76176],[-93.77695,38.76901],[-93.77312,38.76895],[-93.77279,38.77611],[-93.78132,38.77644],[-93.78132,38.77668],[-93.79162,38.77707],[-93.79163,38.77683],[-93.8013,38.7771],[-93.80152,38.76998],[-93.80169,38.77033],[-93.80161,38.77047],[-93.802,38.77107],[-93.80197,38.77122],[-93.80168,38.77126],[-93.8015,38.77165],[-93.80226,38.77194],[-93.80231,38.77229],[-93.80261,38.77264],[-93.80307,38.77269],[-93.80375,38.77317],[-93.80477,38.77324],[-93.8051,38.77384],[-93.80583,38.77425],[-93.80585,38.77484],[-93.80604,38.77505],[-93.80661,38.77509],[-93.8069,38.77537],[-93.8067,38.77573],[-93.807,38.77589],[-93.80706,38.77619],[-93.8075,38.77659],[-93.8077,38.77715],[-93.80941,38.77721],[-93.80964,38.77734],[-93.80961,38.77765],[-93.81997,38.77802],[-93.81959,38.78527],[-93.82887,38.78563],[-93.82876,38.78757],[-93.82922,38.7883],[-93.8303,38.78843],[-93.83146,38.7894],[-93.83824,38.78952],[-93.83561,38.83488],[-93.83591,38.83515],[-93.83836,38.83525],[-93.84026,38.83594],[-93.84421,38.8364],[-93.84487,38.83689],[-93.84491,38.8383],[-93.84542,38.83886],[-93.84931,38.83911],[-93.84954,38.83937],[-93.84796,38.86408],[-93.84826,38.86465],[-93.84987,38.86618],[-93.85048,38.86809],[-93.85026,38.86826],[-93.84985,38.86773],[-93.84958,38.86773],[-93.84937,38.86795],[-93.8494,38.86836],[-93.84912,38.86854],[-93.84933,38.86876],[-93.84961,38.87003],[-93.8498,38.87029],[-93.84983,38.87072],[-93.84952,38.87133],[-93.84866,38.87187],[-93.84782,38.87203],[-93.84649,38.87273],[-93.84615,38.87319],[-93.8464,38.87344],[-93.84637,38.87373],[-93.8458,38.87432],[-93.84575,38.87474],[-93.84522,38.87521],[-93.84517,38.87583],[-93.84456,38.8758],[-93.84464,38.87616],[-93.84432,38.87635],[-93.84388,38.87598],[-93.84305,38.87585],[-93.84298,38.87628],[-93.84242,38.87658],[-93.842,38.87707],[-93.84211,38.87742],[-93.84194,38.87803],[-93.84216,38.8785],[-93.8417,38.87872],[-93.84203,38.87922],[-93.84157,38.87935],[-93.84174,38.87996],[-93.84158,38.88069],[-93.84153,38.88312],[-93.85158,38.88285],[-93.86318,38.88318],[-93.86343,38.88361],[-93.86328,38.88422],[-93.86407,38.88471],[-93.86434,38.88517],[-93.86439,38.88577],[-93.86497,38.88623],[-93.86471,38.88693],[-93.86415,38.88736],[-93.86409,38.88816],[-93.86493,38.88879],[-93.86552,38.88869],[-93.86617,38.8888],[-93.86612,38.88921],[-93.86636,38.88939],[-93.86661,38.88939],[-93.86677,38.88914],[-93.86719,38.88917],[-93.86755,38.88934],[-93.86785,38.88975],[-93.86888,38.88993],[-93.86898,38.89014],[-93.86863,38.8904],[-93.86939,38.8907],[-93.86924,38.89121],[-93.86936,38.89136],[-93.87052,38.89147],[-93.87157,38.89187],[-93.8721,38.89182],[-93.87183,38.89224],[-93.87248,38.89315],[-93.87268,38.89433],[-93.8726,38.89452],[-93.87211,38.89469],[-93.87227,38.89572],[-93.87317,38.89664],[-93.87394,38.89692],[-93.87442,38.89842],[-93.87553,38.89977],[-93.87688,38.90038],[-93.87837,38.90155],[-93.87833,38.90187],[-93.87949,38.902],[-93.8793,38.90247],[-93.87945,38.90265],[-93.87977,38.90265],[-93.88062,38.90318],[-93.88123,38.90323],[-93.88196,38.90301],[-93.88245,38.90376],[-93.88313,38.9035],[-93.88345,38.90373],[-93.88432,38.90369],[-93.88476,38.90409],[-93.88542,38.90389],[-93.88591,38.90424],[-93.88604,38.90465],[-93.88677,38.90506],[-93.8868,38.90549],[-93.88783,38.90558],[-93.88736,38.91031],[-93.91162,38.91123],[-93.91216,38.89989],[-93.91635,38.90013],[-93.91799,38.87964],[-93.91823,38.87982],[-93.91823,38.88068],[-93.91842,38.88095],[-93.92049,38.88238],[-93.9217,38.88286],[-93.92277,38.88306],[-93.92306,38.88198],[-93.92399,38.88185],[-93.92425,38.88135],[-93.92409,38.88014],[-93.92428,38.87935],[-93.92344,38.8771],[-93.92315,38.87666],[-93.92263,38.87634],[-93.92298,38.87603],[-93.92273,38.87573],[-93.92282,38.87546],[-93.92261,38.8748],[-93.9271,38.87485],[-93.92744,38.87431],[-93.92724,38.87391],[-93.92573,38.8734],[-93.92535,38.87236],[-93.92547,38.87145],[-93.92525,38.87095],[-93.92412,38.87109],[-93.92375,38.87292],[-93.92319,38.87305],[-93.92233,38.87285],[-93.91965,38.8706],[-93.91891,38.8695],[-93.91821,38.8688],[-93.91407,38.86592],[-93.91391,38.86563],[-93.91418,38.86441],[-93.91398,38.86298],[-93.91249,38.86158],[-93.91192,38.86021],[-93.91158,38.85999],[-93.91086,38.86003],[-93.90919,38.85971],[-93.90828,38.85929],[-93.9079,38.85743],[-93.90842,38.85647],[-93.90833,38.85579],[-93.90805,38.85553],[-93.90723,38.85539],[-93.90557,38.85482],[-93.90521,38.85455],[-93.90589,38.85455],[-93.9079,38.85516],[-93.92824,38.85624],[-93.93843,38.85658],[-93.93859,38.85359],[-93.93765,38.85287],[-93.93392,38.85275],[-93.93411,38.84909],[-93.94107,38.84929],[-93.94127,38.84572],[-93.94792,38.84598],[-93.94807,38.84213],[-93.95604,38.84242],[-93.9618,38.8464],[-93.96295,38.84262],[-93.96276,38.83889],[-93.96309,38.83428]]]}},{"type":"Feature","properties":{"ZIP":"64024"},"geometry":{"type":"Polygon","coordinates":[[[-94.32377,39.31544],[-94.32379,39.31385],[-94.31969,39.31379],[-94.3192,39.31388],[-94.31577,39.31561],[-94.3156,39.3152],[-94.31485,39.31458],[-94.31408,39.31447],[-94.31302,39.31352],[-94.31419,39.31326],[-94.31422,39.31018],[-94.29555,39.31001],[-94.29567,39.29853],[-94.29564,39.29722],[-94.2954,39.29712],[-94.28891,39.29784],[-94.2845,39.29952],[-94.28179,39.30182],[-94.27833,39.30271],[-94.27683,39.30021],[-94.27669,39.29947],[-94.27701,39.29681],[-94.27782,39.29674],[-94.27885,39.29603],[-94.27922,39.29594],[-94.27928,39.29537],[-94.27998,39.2949],[-94.28004,39.29463],[-94.2796,39.29451],[-94.27965,39.29343],[-94.28013,39.29204],[-94.28061,39.29139],[-94.28197,39.29141],[-94.28197,39.29122],[-94.28142,39.291],[-94.28145,39.29072],[-94.28179,39.29062],[-94.28322,39.28928],[-94.2836,39.28919],[-94.28393,39.28877],[-94.28444,39.2886],[-94.28461,39.28816],[-94.28506,39.28822],[-94.2858,39.28868],[-94.28716,39.28855],[-94.28763,39.28829],[-94.28877,39.28802],[-94.2896,39.2874],[-94.28997,39.28733],[-94.28996,39.28632],[-94.28949,39.28513],[-94.28932,39.28403],[-94.28926,39.28175],[-94.28871,39.28088],[-94.29107,39.28092],[-94.29122,39.27779],[-94.2913,39.26637],[-94.30425,39.26641],[-94.30404,39.26612],[-94.30301,39.26591],[-94.3021,39.26529],[-94.29958,39.26475],[-94.29944,39.2633],[-94.29919,39.26305],[-94.29754,39.26219],[-94.29553,39.26049],[-94.2949,39.26021],[-94.29391,39.26009],[-94.29357,39.25933],[-94.29341,39.25844],[-94.29233,39.25789],[-94.2915,39.25662],[-94.29099,39.2563],[-94.29093,39.25611],[-94.29114,39.25588],[-94.29043,39.2558],[-94.28982,39.2555],[-94.28967,39.25531],[-94.28975,39.25453],[-94.28947,39.25445],[-94.28857,39.25336],[-94.2884,39.25278],[-94.28617,39.25229],[-94.28523,39.25188],[-94.2822,39.25206],[-94.27809,39.25207],[-94.27795,39.25861],[-94.27499,39.25892],[-94.27027,39.25884],[-94.26787,39.25895],[-94.26253,39.25991],[-94.25931,39.26102],[-94.25887,39.2619],[-94.25842,39.26381],[-94.25797,39.26429],[-94.25544,39.26464],[-94.25231,39.26466],[-94.24948,39.26499],[-94.24462,39.26499],[-94.24139,39.26451],[-94.24084,39.26411],[-94.24031,39.26337],[-94.23805,39.26219],[-94.2351,39.26005],[-94.23439,39.25938],[-94.23361,39.258],[-94.23245,39.25669],[-94.23167,39.25546],[-94.23074,39.25313],[-94.23052,39.25098],[-94.23253,39.25064],[-94.23276,39.24897],[-94.23311,39.24806],[-94.23509,39.24572],[-94.2369,39.24428],[-94.23772,39.24384],[-94.23977,39.24214],[-94.2445,39.23989],[-94.24563,39.23843],[-94.2341,39.23813],[-94.22965,39.23779],[-94.22628,39.23735],[-94.22627,39.24401],[-94.22167,39.24392],[-94.22163,39.25673],[-94.22004,39.25585],[-94.21694,39.25473],[-94.21251,39.25458],[-94.21211,39.25439],[-94.21213,39.26545],[-94.20408,39.26528],[-94.20065,39.26419],[-94.19876,39.26384],[-94.1968,39.26416],[-94.19622,39.26355],[-94.19625,39.26283],[-94.19685,39.26231],[-94.19878,39.2616],[-94.19897,39.26139],[-94.19891,39.26111],[-94.19827,39.26067],[-94.19556,39.26079],[-94.19491,39.26131],[-94.1944,39.26243],[-94.19404,39.2628],[-94.19331,39.26277],[-94.19294,39.26256],[-94.19244,39.26181],[-94.19267,39.26093],[-94.19253,39.26019],[-94.19179,39.25976],[-94.19067,39.25987],[-94.18916,39.26055],[-94.18787,39.26083],[-94.18678,39.26083],[-94.18556,39.26063],[-94.18512,39.26039],[-94.18435,39.25928],[-94.18358,39.25872],[-94.18292,39.25855],[-94.1818,39.25864],[-94.18131,39.25903],[-94.18099,39.25955],[-94.1807,39.26021],[-94.18128,39.26227],[-94.18099,39.26264],[-94.18064,39.26266],[-94.17942,39.26147],[-94.17697,39.26077],[-94.17561,39.25957],[-94.17555,39.2601],[-94.17505,39.26045],[-94.17478,39.26039],[-94.17408,39.25939],[-94.17385,39.25943],[-94.17363,39.25959],[-94.17379,39.26042],[-94.17356,39.26074],[-94.17278,39.26127],[-94.17166,39.26125],[-94.17136,39.26142],[-94.17254,39.26188],[-94.17628,39.26183],[-94.1785,39.26197],[-94.18063,39.26308],[-94.1855,39.26409],[-94.18582,39.26438],[-94.18591,39.26513],[-94.18623,39.26539],[-94.19012,39.2656],[-94.19253,39.26665],[-94.19288,39.26698],[-94.1929,39.27265],[-94.18383,39.28694],[-94.18349,39.28753],[-94.18338,39.28849],[-94.18192,39.28901],[-94.18163,39.28944],[-94.18196,39.2904],[-94.18164,39.29183],[-94.18112,39.292],[-94.18089,39.29191],[-94.18062,39.29127],[-94.17993,39.29111],[-94.17937,39.2916],[-94.17894,39.29168],[-94.1775,39.29261],[-94.17584,39.29498],[-94.1751,39.29492],[-94.17441,39.29514],[-94.17385,39.2946],[-94.17312,39.29492],[-94.17257,39.29493],[-94.1724,39.29484],[-94.17321,39.2944],[-94.17286,39.2941],[-94.17225,39.29389],[-94.1719,39.29412],[-94.17158,39.29464],[-94.17104,39.29474],[-94.17075,39.29456],[-94.17064,39.29421],[-94.17064,39.29346],[-94.16948,39.2936],[-94.1686,39.29432],[-94.16817,39.29439],[-94.16787,39.29476],[-94.16724,39.29484],[-94.16712,39.29501],[-94.16729,39.29528],[-94.16774,39.29552],[-94.16745,39.29592],[-94.16676,39.29602],[-94.16604,39.29584],[-94.16518,39.29632],[-94.16489,39.29716],[-94.1647,39.2973],[-94.16476,39.29749],[-94.16553,39.29783],[-94.1656,39.2986],[-94.16531,39.29879],[-94.16416,39.29892],[-94.16395,39.29908],[-94.16419,39.29944],[-94.16409,39.29965],[-94.1632,39.29991],[-94.16278,39.30056],[-94.16259,39.30132],[-94.1501,39.30153],[-94.15006,39.30737],[-94.14985,39.30798],[-94.14931,39.30829],[-94.1358,39.30817],[-94.13577,39.30172],[-94.13596,39.29998],[-94.13596,39.29716],[-94.12798,39.29908],[-94.125,39.30022],[-94.11844,39.30184],[-94.11269,39.30305],[-94.11261,39.30758],[-94.11233,39.30854],[-94.11296,39.30906],[-94.11263,39.30942],[-94.11259,39.30983],[-94.11266,39.3252],[-94.11293,39.32583],[-94.11323,39.3261],[-94.11716,39.32608],[-94.11724,39.3265],[-94.11716,39.3439],[-94.11806,39.344],[-94.11929,39.34471],[-94.12063,39.34496],[-94.12145,39.34486],[-94.12285,39.34429],[-94.12548,39.3442],[-94.12655,39.34466],[-94.12787,39.34557],[-94.12903,39.34578],[-94.13091,39.34585],[-94.13228,39.3467],[-94.13323,39.34698],[-94.13915,39.34709],[-94.13896,39.34545],[-94.13901,39.34285],[-94.13978,39.3422],[-94.14043,39.34194],[-94.14258,39.34238],[-94.14522,39.34239],[-94.14526,39.3484],[-94.14979,39.34847],[-94.15441,39.34983],[-94.15779,39.35009],[-94.15936,39.35],[-94.15935,39.35953],[-94.16054,39.3596],[-94.16283,39.36005],[-94.16611,39.36004],[-94.16924,39.36045],[-94.17079,39.36085],[-94.17139,39.36148],[-94.17188,39.36164],[-94.17345,39.36151],[-94.17327,39.36263],[-94.17339,39.36525],[-94.174,39.3668],[-94.17431,39.36708],[-94.1827,39.36712],[-94.18223,39.36889],[-94.18284,39.36892],[-94.18256,39.36958],[-94.18127,39.37036],[-94.18124,39.37092],[-94.18059,39.3713],[-94.17975,39.37084],[-94.17956,39.36997],[-94.17903,39.36996],[-94.1787,39.37012],[-94.1783,39.37069],[-94.17731,39.37148],[-94.1774,39.37191],[-94.17812,39.37271],[-94.17832,39.37634],[-94.1767,39.38154],[-94.1775,39.38154],[-94.1779,39.38169],[-94.1786,39.38152],[-94.18336,39.38157],[-94.18337,39.3824],[-94.18294,39.38311],[-94.18475,39.38353],[-94.18602,39.38424],[-94.18702,39.38577],[-94.18664,39.38737],[-94.18873,39.38863],[-94.19009,39.38865],[-94.19059,39.3884],[-94.19109,39.38788],[-94.19215,39.3876],[-94.19304,39.38758],[-94.19463,39.38797],[-94.19554,39.38922],[-94.19681,39.38936],[-94.19823,39.39062],[-94.19832,39.39158],[-94.19876,39.39236],[-94.2007,39.39396],[-94.2007,39.39465],[-94.20038,39.39556],[-94.20136,39.39622],[-94.21127,39.39642],[-94.21133,39.39324],[-94.20338,39.3932],[-94.20342,39.38648],[-94.20868,39.38651],[-94.2087,39.38569],[-94.21159,39.3858],[-94.21143,39.38938],[-94.21267,39.38959],[-94.21525,39.39134],[-94.21611,39.39079],[-94.21603,39.3967],[-94.2346,39.39677],[-94.23597,39.39774],[-94.23623,39.39809],[-94.23833,39.39751],[-94.23912,39.39664],[-94.2397,39.3965],[-94.24004,39.3962],[-94.24085,39.39512],[-94.2415,39.3951],[-94.24164,39.39536],[-94.24187,39.39536],[-94.24214,39.39489],[-94.243,39.39444],[-94.24307,39.39431],[-94.24286,39.39392],[-94.24397,39.39302],[-94.24408,39.39264],[-94.24377,39.392],[-94.24391,39.39186],[-94.24475,39.3915],[-94.24516,39.39093],[-94.24594,39.39031],[-94.24707,39.39013],[-94.24738,39.38974],[-94.24818,39.38983],[-94.24859,39.38958],[-94.24868,39.38877],[-94.24813,39.38809],[-94.24821,39.38701],[-94.24843,39.38671],[-94.24836,39.38631],[-94.24904,39.38618],[-94.24907,39.3856],[-94.24962,39.38532],[-94.24947,39.38406],[-94.2503,39.38392],[-94.24961,39.38311],[-94.2497,39.38234],[-94.25012,39.38147],[-94.25073,39.38123],[-94.25256,39.38131],[-94.25334,39.37972],[-94.25387,39.37969],[-94.25587,39.38056],[-94.25608,39.38],[-94.25667,39.37993],[-94.25586,39.37934],[-94.25584,39.37902],[-94.25672,39.37823],[-94.25969,39.37817],[-94.25999,39.37783],[-94.26101,39.3779],[-94.26322,39.37881],[-94.26444,39.37889],[-94.26506,39.37886],[-94.26688,39.37817],[-94.26792,39.37807],[-94.26898,39.37738],[-94.27055,39.37741],[-94.272,39.37766],[-94.27144,39.37908],[-94.27168,39.38017],[-94.27159,39.38043],[-94.27079,39.38106],[-94.27079,39.38146],[-94.27029,39.3822],[-94.27109,39.38272],[-94.27115,39.38319],[-94.271,39.38347],[-94.2697,39.38442],[-94.27142,39.38576],[-94.2808,39.38925],[-94.28716,39.37508],[-94.30429,39.37515],[-94.30461,39.36065],[-94.30499,39.36065],[-94.305,39.35521],[-94.31319,39.35315],[-94.32322,39.35317],[-94.32322,39.34777],[-94.32291,39.34765],[-94.32231,39.34668],[-94.32197,39.34645],[-94.32344,39.34613],[-94.32319,39.32626],[-94.3235,39.32625],[-94.32346,39.32333],[-94.32377,39.31544]]]}},{"type":"Feature","properties":{"ZIP":"64028"},"geometry":{"type":"Polygon","coordinates":[[[-94.83978,39.28952],[-94.83979,39.28898],[-94.83755,39.28498],[-94.83424,39.28027],[-94.82702,39.27388],[-94.82642,39.27474],[-94.82582,39.27522],[-94.82507,39.27538],[-94.82442,39.27537],[-94.82134,39.27451],[-94.81966,39.27445],[-94.81807,39.27467],[-94.81612,39.27588],[-94.81583,39.27637],[-94.81583,39.27692],[-94.81618,39.27749],[-94.81725,39.27828],[-94.81703,39.27828],[-94.81917,39.27991],[-94.82069,39.28182],[-94.82145,39.28327],[-94.82172,39.28437],[-94.82179,39.2863],[-94.82157,39.28739],[-94.82083,39.28909],[-94.8196,39.29091],[-94.81821,39.29082],[-94.81632,39.28965],[-94.81536,39.28886],[-94.81472,39.28708],[-94.81355,39.28597],[-94.81266,39.28584],[-94.81185,39.28595],[-94.81062,39.28633],[-94.80987,39.28683],[-94.80978,39.28751],[-94.81011,39.28819],[-94.81263,39.29093],[-94.81566,39.29575],[-94.81579,39.2962],[-94.81619,39.29624],[-94.8159,39.29658],[-94.81541,39.29666],[-94.81329,39.29623],[-94.811,39.29623],[-94.80891,39.2974],[-94.80725,39.29908],[-94.80514,39.30208],[-94.80301,39.30394],[-94.80094,39.30523],[-94.79984,39.30636],[-94.79947,39.3071],[-94.79967,39.30732],[-94.80048,39.30754],[-94.80103,39.30743],[-94.80469,39.30579],[-94.80618,39.30595],[-94.8081,39.3068],[-94.81033,39.30838],[-94.81152,39.31008],[-94.81321,39.31149],[-94.81317,39.31231],[-94.81267,39.31268],[-94.81018,39.31328],[-94.80956,39.31366],[-94.80792,39.31422],[-94.80724,39.3147],[-94.80651,39.31595],[-94.80644,39.31688],[-94.80674,39.31772],[-94.80735,39.31808],[-94.80976,39.31854],[-94.81158,39.31866],[-94.81471,39.318],[-94.81598,39.31801],[-94.81703,39.3185],[-94.81788,39.31981],[-94.819,39.31986],[-94.82178,39.31976],[-94.82341,39.31923],[-94.82471,39.31835],[-94.82568,39.31835],[-94.82575,39.30731],[-94.82197,39.30703],[-94.82019,39.30566],[-94.81872,39.30542],[-94.81858,39.30497],[-94.81789,39.3043],[-94.81644,39.30415],[-94.81636,39.29852],[-94.81671,39.29575],[-94.83514,39.29592],[-94.83514,39.29576],[-94.83858,39.29576],[-94.83859,39.29541],[-94.83975,39.29541],[-94.83978,39.28952]]]}},{"type":"Feature","properties":{"ZIP":"64029"},"geometry":{"type":"Polygon","coordinates":[[[-94.26138,38.94977],[-94.26153,38.94597],[-94.25858,38.94593],[-94.25856,38.94471],[-94.25695,38.94463],[-94.25701,38.94344],[-94.24594,38.94305],[-94.24572,38.94021],[-94.24512,38.94019],[-94.24513,38.93979],[-94.24265,38.93972],[-94.24235,38.93286],[-94.24263,38.92353],[-94.24217,38.92353],[-94.24234,38.92121],[-94.24059,38.92111],[-94.24064,38.91994],[-94.23887,38.91988],[-94.23896,38.9183],[-94.23958,38.91829],[-94.23962,38.91632],[-94.23748,38.91631],[-94.23752,38.91594],[-94.23666,38.91538],[-94.23667,38.9147],[-94.23591,38.9147],[-94.23602,38.91462],[-94.23638,38.90747],[-94.23569,38.90692],[-94.23491,38.90674],[-94.2323,38.9067],[-94.23234,38.90431],[-94.23187,38.9043],[-94.23174,38.90745],[-94.22787,38.90742],[-94.22797,38.88564],[-94.2189,38.88561],[-94.21832,38.89818],[-94.2189,38.89938],[-94.22183,38.90248],[-94.22245,38.90358],[-94.22256,38.90489],[-94.22224,38.91107],[-94.2037,38.91099],[-94.20365,38.91383],[-94.20321,38.92021],[-94.21648,38.92052],[-94.21536,38.94398],[-94.21776,38.94406],[-94.21734,38.94963],[-94.21504,38.94957],[-94.21468,38.95638],[-94.2156,38.95625],[-94.21606,38.95587],[-94.21663,38.95572],[-94.21783,38.95578],[-94.21869,38.95613],[-94.21883,38.95696],[-94.21871,38.95752],[-94.21852,38.95773],[-94.21807,38.95763],[-94.21803,38.9574],[-94.21763,38.95748],[-94.21742,38.95763],[-94.21728,38.95833],[-94.21765,38.95872],[-94.21804,38.96004],[-94.21883,38.96087],[-94.21928,38.96083],[-94.2196,38.95943],[-94.21988,38.95915],[-94.22032,38.95901],[-94.22109,38.95915],[-94.22208,38.95895],[-94.22244,38.959],[-94.22269,38.95926],[-94.22426,38.95963],[-94.22498,38.95957],[-94.2258,38.95971],[-94.22623,38.95998],[-94.22614,38.9603],[-94.22672,38.96071],[-94.22742,38.96213],[-94.22701,38.96253],[-94.22677,38.96329],[-94.22694,38.96395],[-94.2266,38.96375],[-94.22681,38.96427],[-94.2166,38.96399],[-94.20748,38.96305],[-94.20634,38.96465],[-94.20066,38.97011],[-94.20021,38.97088],[-94.19999,38.97169],[-94.19936,38.98523],[-94.20861,38.9855],[-94.20842,38.98913],[-94.20239,38.98887],[-94.20233,38.99023],[-94.19967,38.99015],[-94.19966,38.99056],[-94.19988,38.99072],[-94.20003,38.99124],[-94.1991,38.99121],[-94.19903,38.9926],[-94.18067,38.99184],[-94.18041,38.99908],[-94.18002,38.99907],[-94.17979,39.00107],[-94.18085,39.00165],[-94.18191,39.00261],[-94.18266,39.00296],[-94.18476,39.00311],[-94.18545,39.00284],[-94.18589,39.00304],[-94.18599,39.00341],[-94.18573,39.00383],[-94.18587,39.00467],[-94.18584,39.00613],[-94.18606,39.00719],[-94.18595,39.01065],[-94.18602,39.01103],[-94.18637,39.0113],[-94.18614,39.01496],[-94.1855,39.01566],[-94.18396,39.01673],[-94.18265,39.01713],[-94.18228,39.01749],[-94.18231,39.01792],[-94.18268,39.01846],[-94.18279,39.0207],[-94.18343,39.02136],[-94.18415,39.02141],[-94.18442,39.02157],[-94.18458,39.02182],[-94.18439,39.02253],[-94.18383,39.02276],[-94.18326,39.02338],[-94.18236,39.02373],[-94.18229,39.02412],[-94.18262,39.02447],[-94.18296,39.02448],[-94.18241,39.02466],[-94.18155,39.02527],[-94.18119,39.0253],[-94.18118,39.02465],[-94.18092,39.02443],[-94.18038,39.02446],[-94.17986,39.02475],[-94.1789,39.02659],[-94.17875,39.02756],[-94.17826,39.02814],[-94.1774,39.02813],[-94.17682,39.02732],[-94.17651,39.02714],[-94.17584,39.0279],[-94.17569,39.02815],[-94.17663,39.02965],[-94.1772,39.03018],[-94.17731,39.03099],[-94.17719,39.03183],[-94.17662,39.0324],[-94.17608,39.03262],[-94.17501,39.03216],[-94.17419,39.03216],[-94.17407,39.03527],[-94.18192,39.03543],[-94.18302,39.03531],[-94.18811,39.03552],[-94.18783,39.0444],[-94.18558,39.04383],[-94.18486,39.04388],[-94.18348,39.04275],[-94.17375,39.04256],[-94.17363,39.04582],[-94.17004,39.04574],[-94.16989,39.05102],[-94.16874,39.05101],[-94.16847,39.05953],[-94.16728,39.05909],[-94.16653,39.05955],[-94.16577,39.05956],[-94.16535,39.05951],[-94.16453,39.05906],[-94.16439,39.05964],[-94.16374,39.06023],[-94.16359,39.07144],[-94.16299,39.07906],[-94.16272,39.0862],[-94.16951,39.08626],[-94.1724,39.08468],[-94.17703,39.08475],[-94.17736,39.08412],[-94.18159,39.08423],[-94.18171,39.0841],[-94.18192,39.07908],[-94.19031,39.07911],[-94.19142,39.07856],[-94.19536,39.07781],[-94.19812,39.0767],[-94.20045,39.0763],[-94.20061,39.07216],[-94.20107,39.06899],[-94.2009,39.06853],[-94.20116,39.06499],[-94.21952,39.06539],[-94.21892,39.07895],[-94.22118,39.07907],[-94.22116,39.07994],[-94.22352,39.08004],[-94.22353,39.08032],[-94.22214,39.08045],[-94.21886,39.08035],[-94.22274,39.08058],[-94.22821,39.0801],[-94.24576,39.08069],[-94.24611,39.07858],[-94.24645,39.07812],[-94.24615,39.07721],[-94.24685,39.07679],[-94.24709,39.07599],[-94.24655,39.07464],[-94.2466,39.07321],[-94.24597,39.07185],[-94.24589,39.07096],[-94.24444,39.07093],[-94.2435,39.07061],[-94.24281,39.06988],[-94.24247,39.06892],[-94.24154,39.06879],[-94.24138,39.06803],[-94.24166,39.06615],[-94.24943,39.06647],[-94.24963,39.06288],[-94.2473,39.0628],[-94.24737,39.06098],[-94.24509,39.0609],[-94.24517,39.05909],[-94.24649,39.05914],[-94.24658,39.05728],[-94.24747,39.05732],[-94.24764,39.05327],[-94.2435,39.05317],[-94.24365,39.05185],[-94.24163,39.05204],[-94.24167,39.05139],[-94.24091,39.05136],[-94.24087,39.05178],[-94.24071,39.05176],[-94.24077,39.05076],[-94.23855,39.05067],[-94.23853,39.05146],[-94.23639,39.05124],[-94.23391,39.05139],[-94.23409,39.04728],[-94.23541,39.04729],[-94.23558,39.04681],[-94.23576,39.04674],[-94.23764,39.04677],[-94.23865,39.04605],[-94.23951,39.02587],[-94.23793,39.02564],[-94.23787,39.025],[-94.23805,39.02431],[-94.23867,39.02378],[-94.23864,39.02346],[-94.23823,39.02335],[-94.23829,39.02307],[-94.23804,39.02299],[-94.23805,39.02277],[-94.23843,39.02234],[-94.23694,39.02123],[-94.23655,39.02059],[-94.23607,39.02044],[-94.23587,39.01999],[-94.23647,39.01985],[-94.23649,39.01972],[-94.23588,39.01871],[-94.2357,39.01723],[-94.23542,39.01633],[-94.2354,39.01613],[-94.23564,39.01591],[-94.23547,39.01552],[-94.23572,39.01529],[-94.23569,39.01499],[-94.23536,39.01346],[-94.2351,39.01305],[-94.23476,39.01281],[-94.23453,39.01285],[-94.23475,39.00789],[-94.23199,39.0078],[-94.23102,39.00794],[-94.23169,38.99357],[-94.23172,38.9899],[-94.23635,38.98992],[-94.2365,38.98964],[-94.23629,38.988],[-94.23662,38.98691],[-94.23658,38.98657],[-94.23676,38.98643],[-94.24808,38.98674],[-94.24795,38.98655],[-94.24801,38.98612],[-94.24879,38.98593],[-94.25027,38.98403],[-94.25036,38.98351],[-94.25099,38.9832],[-94.2506,38.98319],[-94.25066,38.98114],[-94.24636,38.98104],[-94.24707,38.96493],[-94.25602,38.96517],[-94.25628,38.95981],[-94.25653,38.95981],[-94.25646,38.96203],[-94.25951,38.96211],[-94.25972,38.95807],[-94.2608,38.95811],[-94.26112,38.95191],[-94.25987,38.95185],[-94.25865,38.95303],[-94.25713,38.95403],[-94.25675,38.95483],[-94.25644,38.95499],[-94.25663,38.95074],[-94.26134,38.95092],[-94.26138,38.94977]]]}},{"type":"Feature","properties":{"ZIP":"64030"},"geometry":{"type":"Polygon","coordinates":[[[-94.56361,38.86922],[-94.56384,38.86693],[-94.55735,38.86677],[-94.52692,38.8653],[-94.52717,38.86267],[-94.52877,38.85412],[-94.52956,38.84365],[-94.52675,38.84327],[-94.51012,38.84246],[-94.50907,38.8423],[-94.50673,38.84241],[-94.49213,38.84171],[-94.49026,38.8735],[-94.48972,38.88555],[-94.49137,38.88563],[-94.49144,38.88578],[-94.49434,38.88578],[-94.49366,38.8949],[-94.4905,38.90002],[-94.48889,38.9018],[-94.48857,38.90721],[-94.5058,38.90779],[-94.51713,38.90843],[-94.52378,38.9089],[-94.52377,38.90936],[-94.52433,38.90939],[-94.52426,38.90891],[-94.52825,38.90908],[-94.52821,38.90959],[-94.53339,38.90985],[-94.53817,38.91003],[-94.5383,38.90952],[-94.54298,38.90973],[-94.54306,38.90924],[-94.56083,38.91009],[-94.56288,38.87761],[-94.56361,38.86922]]]}},{"type":"Feature","properties":{"ZIP":"64034"},"geometry":{"type":"Polygon","coordinates":[[[-94.37626,38.83287],[-94.37621,38.8318],[-94.37587,38.83051],[-94.37377,38.82662],[-94.37325,38.82527],[-94.37291,38.82377],[-94.37285,38.81947],[-94.37315,38.813],[-94.37298,38.813],[-94.37297,38.81322],[-94.36832,38.81314],[-94.36831,38.80901],[-94.36383,38.80896],[-94.36374,38.80779],[-94.35674,38.80757],[-94.35673,38.80864],[-94.35344,38.80858],[-94.35302,38.81586],[-94.34546,38.81536],[-94.34475,38.81504],[-94.34412,38.81441],[-94.34277,38.81414],[-94.34171,38.8128],[-94.34131,38.80799],[-94.33741,38.80775],[-94.33728,38.80941],[-94.33577,38.80938],[-94.3359,38.8077],[-94.32656,38.80734],[-94.32634,38.81144],[-94.31694,38.81115],[-94.31675,38.8149],[-94.31714,38.81557],[-94.3187,38.81692],[-94.32083,38.81966],[-94.32109,38.82042],[-94.32098,38.82179],[-94.32954,38.82212],[-94.32955,38.83275],[-94.33054,38.8335],[-94.33188,38.83412],[-94.33313,38.83513],[-94.335,38.83583],[-94.33525,38.83611],[-94.33536,38.83692],[-94.32463,38.83659],[-94.32033,38.83605],[-94.31657,38.8361],[-94.28759,38.83508],[-94.26795,38.83503],[-94.26714,38.84949],[-94.2486,38.84941],[-94.24868,38.84781],[-94.24081,38.84784],[-94.24093,38.84579],[-94.23022,38.84574],[-94.2304,38.84213],[-94.22912,38.84213],[-94.22922,38.8385],[-94.22829,38.8385],[-94.22838,38.83668],[-94.22712,38.83668],[-94.22724,38.83486],[-94.22621,38.83486],[-94.22549,38.84696],[-94.2234,38.84653],[-94.22122,38.84654],[-94.22046,38.84623],[-94.21939,38.84669],[-94.21879,38.8467],[-94.21764,38.84705],[-94.21696,38.84703],[-94.2154,38.84629],[-94.21528,38.84567],[-94.21415,38.84591],[-94.21353,38.84577],[-94.21329,38.84563],[-94.21307,38.84502],[-94.21273,38.84491],[-94.21042,38.84514],[-94.20957,38.84504],[-94.20798,38.84453],[-94.20803,38.84392],[-94.20716,38.84401],[-94.2069,38.84371],[-94.20631,38.84371],[-94.20625,38.84348],[-94.20573,38.84312],[-94.20563,38.84277],[-94.20518,38.8427],[-94.20525,38.84147],[-94.20499,38.84024],[-94.20391,38.83994],[-94.20354,38.83938],[-94.20305,38.83909],[-94.20271,38.83865],[-94.20189,38.83836],[-94.20178,38.83812],[-94.20186,38.83731],[-94.20005,38.83764],[-94.19978,38.83922],[-94.19852,38.83922],[-94.19819,38.84046],[-94.19763,38.84062],[-94.19761,38.84113],[-94.19825,38.84158],[-94.19836,38.84199],[-94.19817,38.84255],[-94.19742,38.84354],[-94.1973,38.84411],[-94.19739,38.84469],[-94.19796,38.84479],[-94.19773,38.84566],[-94.19788,38.84621],[-94.19756,38.84672],[-94.1975,38.84737],[-94.19656,38.84884],[-94.19529,38.85028],[-94.19505,38.85249],[-94.19458,38.85292],[-94.20968,38.85293],[-94.21038,38.85327],[-94.21073,38.85409],[-94.21127,38.85439],[-94.21127,38.84931],[-94.22067,38.84935],[-94.22055,38.85479],[-94.22416,38.85473],[-94.2241,38.85625],[-94.22942,38.85638],[-94.22917,38.8601],[-94.23388,38.86017],[-94.234,38.85815],[-94.23883,38.85803],[-94.23828,38.86852],[-94.23939,38.86869],[-94.24073,38.86936],[-94.24112,38.87042],[-94.24076,38.87087],[-94.24083,38.87112],[-94.24183,38.87119],[-94.24209,38.87152],[-94.24307,38.87174],[-94.24405,38.87253],[-94.24438,38.87297],[-94.24524,38.87305],[-94.24524,38.87346],[-94.24689,38.87344],[-94.24691,38.87841],[-94.2428,38.87833],[-94.24249,38.8857],[-94.25586,38.88575],[-94.25633,38.87852],[-94.26973,38.8785],[-94.26952,38.88694],[-94.27441,38.88706],[-94.27429,38.89284],[-94.2787,38.89289],[-94.27903,38.88581],[-94.28483,38.88583],[-94.28446,38.89319],[-94.28498,38.89319],[-94.28702,38.89396],[-94.29352,38.89721],[-94.2941,38.88635],[-94.29879,38.8865],[-94.29888,38.88463],[-94.30354,38.88479],[-94.30466,38.86554],[-94.30586,38.86561],[-94.30642,38.86543],[-94.3081,38.86335],[-94.30878,38.8631],[-94.30941,38.86333],[-94.31051,38.86463],[-94.31114,38.86492],[-94.31178,38.86499],[-94.36043,38.86659],[-94.36197,38.8376],[-94.376,38.838],[-94.37626,38.83287]]]}},{"type":"Feature","properties":{"ZIP":"64036"},"geometry":{"type":"Polygon","coordinates":[[[-94.00899,39.20436],[-94.00897,39.20375],[-94.00711,39.20226],[-94.00721,39.19982],[-94.0054,39.1977],[-94.00121,39.19862],[-94.00022,39.19847],[-93.99466,39.20025],[-93.98866,39.20164],[-93.98009,39.20587],[-93.97896,39.20604],[-93.9774,39.20549],[-93.97197,39.20217],[-93.96896,39.20001],[-93.96677,39.19826],[-93.96454,39.19599],[-93.96305,39.19413],[-93.96178,39.19212],[-93.96138,39.18962],[-93.96148,39.18752],[-93.96244,39.18337],[-93.96786,39.17813],[-93.97535,39.17274],[-93.97849,39.17133],[-93.98001,39.17077],[-93.98037,39.17082],[-93.98336,39.16852],[-93.98626,39.16126],[-93.98669,39.15582],[-93.98754,39.15444],[-93.98889,39.15278],[-93.98471,39.14899],[-93.97909,39.14546],[-93.97354,39.14327],[-93.96911,39.14227],[-93.96701,39.14237],[-93.96116,39.14356],[-93.95833,39.14517],[-93.95119,39.15022],[-93.94241,39.15808],[-93.94322,39.15959],[-93.94413,39.16189],[-93.94436,39.17022],[-93.94404,39.17179],[-93.94332,39.17382],[-93.94145,39.17497],[-93.94091,39.17666],[-93.94072,39.17874],[-93.94004,39.17969],[-93.93767,39.18068],[-93.93565,39.18208],[-93.93229,39.18376],[-93.92783,39.18438],[-93.9252,39.18433],[-93.92069,39.18359],[-93.90913,39.1825],[-93.90431,39.18346],[-93.90146,39.1845],[-93.89942,39.18454],[-93.88512,39.19607],[-93.87859,39.22214],[-93.88119,39.22345],[-93.88119,39.22376],[-93.88789,39.22708],[-93.88721,39.22756],[-93.8857,39.22819],[-93.88601,39.22848],[-93.88705,39.22877],[-93.88995,39.22845],[-93.88992,39.23429],[-93.89017,39.23624],[-93.89016,39.24265],[-93.89029,39.24296],[-93.89058,39.24311],[-93.9041,39.24273],[-93.91353,39.23925],[-93.91558,39.2399],[-93.91637,39.2405],[-93.91708,39.24139],[-93.91757,39.24253],[-93.93061,39.24247],[-93.93231,39.24301],[-93.93437,39.24472],[-93.93498,39.24503],[-93.93895,39.24546],[-93.93869,39.24239],[-93.94603,39.24229],[-93.94567,39.23534],[-93.94125,39.23533],[-93.94121,39.23058],[-93.94586,39.22891],[-93.94586,39.22845],[-93.95888,39.22387],[-93.95887,39.22352],[-93.9604,39.22294],[-93.96276,39.22225],[-93.96333,39.22223],[-93.96782,39.22069],[-93.99715,39.20989],[-94.00534,39.20646],[-94.00739,39.2054],[-94.00899,39.20436]]]}},{"type":"Feature","properties":{"ZIP":"64040"},"geometry":{"type":"Polygon","coordinates":[[[-94.14844,38.70047],[-94.14829,38.69318],[-94.14463,38.6931],[-94.14502,38.68962],[-94.14516,38.6817],[-94.14455,38.68131],[-94.14442,38.68035],[-94.14386,38.67947],[-94.14341,38.67913],[-94.14229,38.67907],[-94.1423,38.67933],[-94.14212,38.6793],[-94.14208,38.67906],[-94.13873,38.67811],[-94.13852,38.67776],[-94.13856,38.67739],[-94.1397,38.67655],[-94.13968,38.67603],[-94.13908,38.6753],[-94.13842,38.67536],[-94.13734,38.67663],[-94.1367,38.67676],[-94.13631,38.67659],[-94.13612,38.67625],[-94.13661,38.67516],[-94.13634,38.67458],[-94.13565,38.67436],[-94.13478,38.67443],[-94.13443,38.67372],[-94.13417,38.67366],[-94.13377,38.67385],[-94.13369,38.67469],[-94.13331,38.67475],[-94.13283,38.67453],[-94.13275,38.67323],[-94.13324,38.67263],[-94.13328,38.67214],[-94.13311,38.6718],[-94.13255,38.67142],[-94.13217,38.67126],[-94.12853,38.67096],[-94.1264,38.67061],[-94.11667,38.67029],[-94.11549,38.66996],[-94.11484,38.66947],[-94.1146,38.66878],[-94.11528,38.66789],[-94.11542,38.66741],[-94.11597,38.6669],[-94.1162,38.66644],[-94.11621,38.66603],[-94.11546,38.66521],[-94.11462,38.6638],[-94.11322,38.66195],[-94.11132,38.66107],[-94.10882,38.66081],[-94.10758,38.66122],[-94.10534,38.66136],[-94.10283,38.66173],[-94.09863,38.66348],[-94.09764,38.66428],[-94.09489,38.6651],[-94.09174,38.66461],[-94.09028,38.66405],[-94.0888,38.6637],[-94.08747,38.66308],[-94.08657,38.66228],[-94.08635,38.66462],[-94.08625,38.66423],[-94.08651,38.6622],[-94.08634,38.66157],[-94.08632,38.66023],[-94.08681,38.65624],[-94.08686,38.6546],[-94.08659,38.6538],[-94.08496,38.65179],[-94.08467,38.65044],[-94.08359,38.64742],[-94.08438,38.64516],[-94.08452,38.64424],[-94.08447,38.64209],[-94.08469,38.63833],[-94.08433,38.63654],[-94.08486,38.63553],[-94.08442,38.63418],[-94.08458,38.63323],[-94.06105,38.6326],[-94.05223,38.63264],[-94.05284,38.61829],[-94.05257,38.6181],[-94.04821,38.61792],[-94.0485,38.61075],[-94.03457,38.61038],[-94.03474,38.60701],[-94.03462,38.60679],[-94.02532,38.60645],[-94.02644,38.58132],[-94.02621,38.58109],[-94.03035,38.58117],[-94.03078,38.58062],[-94.03106,38.57948],[-94.03133,38.57484],[-94.03157,38.56666],[-93.96221,38.56501],[-93.96169,38.57958],[-93.96525,38.5797],[-93.96503,38.58006],[-93.96506,38.58033],[-93.96554,38.58161],[-93.96533,38.58459],[-93.96561,38.58492],[-93.96715,38.58533],[-93.96763,38.58504],[-93.9679,38.58454],[-93.96834,38.5842],[-93.96894,38.58431],[-93.9689,38.58484],[-93.96832,38.58614],[-93.96805,38.58769],[-93.96895,38.58879],[-93.96969,38.59058],[-93.97105,38.591],[-93.97226,38.59114],[-93.97258,38.59135],[-93.97267,38.59173],[-93.97249,38.59193],[-93.97217,38.59195],[-93.9715,38.59165],[-93.97123,38.59169],[-93.97083,38.59179],[-93.96999,38.59238],[-93.96902,38.59241],[-93.96902,38.59285],[-93.96933,38.59339],[-93.96983,38.59354],[-93.97048,38.59334],[-93.97092,38.59368],[-93.97078,38.59434],[-93.97052,38.59449],[-93.96267,38.59412],[-93.95162,38.59391],[-93.95227,38.5794],[-93.93136,38.57896],[-93.93064,38.57952],[-93.93017,38.58049],[-93.92975,38.59257],[-93.92964,38.59329],[-93.92939,38.59363],[-93.92911,38.59387],[-93.92794,38.59342],[-93.91587,38.59314],[-93.91459,38.6294],[-93.89208,38.62899],[-93.89209,38.62928],[-93.89177,38.62992],[-93.89203,38.63001],[-93.89228,38.63441],[-93.89615,38.63447],[-93.89576,38.64349],[-93.89525,38.6435],[-93.89518,38.64376],[-93.89224,38.64361],[-93.89203,38.64786],[-93.86483,38.64706],[-93.86392,38.6617],[-93.88254,38.66221],[-93.88188,38.67563],[-93.88161,38.67602],[-93.88051,38.67635],[-93.88029,38.67679],[-93.88834,38.67703],[-93.88784,38.67749],[-93.88737,38.67763],[-93.88613,38.67887],[-93.8855,38.67918],[-93.88535,38.67949],[-93.88419,38.67954],[-93.88372,38.67928],[-93.88319,38.67965],[-93.88174,38.67973],[-93.8817,38.68049],[-93.89649,38.6812],[-93.89662,38.68147],[-93.89636,38.68698],[-93.89644,38.68856],[-93.89601,38.69584],[-93.90086,38.69595],[-93.90067,38.69968],[-93.91486,38.70008],[-93.91466,38.70458],[-93.9178,38.70465],[-93.91772,38.70753],[-93.91926,38.70757],[-93.91866,38.72237],[-93.91814,38.73007],[-93.918,38.73054],[-93.9181,38.73074],[-93.91775,38.73756],[-93.91647,38.73751],[-93.91622,38.74213],[-93.9154,38.75008],[-93.91532,38.75367],[-93.91297,38.75422],[-93.9128,38.75468],[-93.91288,38.75606],[-93.91227,38.75646],[-93.90974,38.75941],[-93.90919,38.7595],[-93.90776,38.75883],[-93.90624,38.75861],[-93.90573,38.75939],[-93.90469,38.76021],[-93.90458,38.76058],[-93.90495,38.76163],[-93.90412,38.78173],[-93.91422,38.782],[-93.91409,38.78412],[-93.91304,38.78441],[-93.91115,38.78536],[-93.91054,38.78595],[-93.90923,38.78665],[-93.90787,38.78782],[-93.90491,38.78936],[-93.89925,38.79294],[-93.89921,38.79629],[-93.89875,38.80355],[-93.91302,38.80395],[-93.91266,38.81443],[-93.91183,38.82222],[-93.91387,38.82321],[-93.93514,38.83127],[-93.93546,38.82453],[-93.94003,38.82854],[-93.94011,38.82842],[-93.94086,38.82186],[-93.94052,38.8217],[-93.93566,38.8215],[-93.93619,38.8205],[-93.93687,38.81776],[-93.94025,38.80945],[-93.9407,38.80964],[-93.94383,38.81008],[-93.94573,38.81071],[-93.94558,38.81216],[-93.94623,38.81257],[-93.94632,38.81313],[-93.94692,38.81332],[-93.94756,38.81385],[-93.94805,38.81381],[-93.94971,38.81438],[-93.95087,38.81436],[-93.9518,38.81518],[-93.9527,38.81513],[-93.9531,38.81532],[-93.95413,38.81543],[-93.95423,38.81559],[-93.95388,38.81586],[-93.95379,38.81654],[-93.9552,38.81671],[-93.95523,38.81729],[-93.95564,38.81768],[-93.95763,38.81838],[-93.95767,38.81919],[-93.95898,38.81961],[-93.95988,38.81961],[-93.96126,38.82089],[-93.96219,38.82221],[-93.96247,38.82308],[-93.96245,38.82338],[-93.9617,38.82406],[-93.96193,38.82429],[-93.9615,38.8252],[-93.96079,38.82584],[-93.96048,38.82639],[-93.96019,38.8277],[-93.95957,38.82788],[-93.95837,38.82886],[-93.95825,38.83067],[-93.95911,38.83069],[-93.95909,38.8314],[-93.9603,38.83199],[-93.96187,38.83165],[-93.96242,38.83183],[-93.96323,38.83236],[-93.96276,38.83889],[-93.96295,38.84262],[-93.9618,38.8464],[-93.95604,38.84242],[-93.94807,38.84213],[-93.94792,38.84598],[-93.94127,38.84572],[-93.94107,38.84929],[-93.93411,38.84909],[-93.93392,38.85275],[-93.93765,38.85287],[-93.93859,38.85359],[-93.93843,38.85658],[-93.92824,38.85624],[-93.9079,38.85516],[-93.90589,38.85455],[-93.90521,38.85455],[-93.90557,38.85482],[-93.90723,38.85539],[-93.90805,38.85553],[-93.90833,38.85579],[-93.90842,38.85647],[-93.9079,38.85743],[-93.90828,38.85929],[-93.90919,38.85971],[-93.91086,38.86003],[-93.91158,38.85999],[-93.91192,38.86021],[-93.91249,38.86158],[-93.91398,38.86298],[-93.91418,38.86441],[-93.91391,38.86563],[-93.91407,38.86592],[-93.91821,38.8688],[-93.91891,38.8695],[-93.91965,38.8706],[-93.92233,38.87285],[-93.92319,38.87305],[-93.92375,38.87292],[-93.92412,38.87109],[-93.92525,38.87095],[-93.92547,38.87145],[-93.92535,38.87236],[-93.92573,38.8734],[-93.92724,38.87391],[-93.92744,38.87431],[-93.9271,38.87485],[-93.92813,38.87487],[-93.92807,38.87571],[-93.92903,38.87602],[-93.92967,38.87657],[-93.93107,38.87681],[-93.93254,38.87595],[-93.93305,38.87583],[-93.93331,38.876],[-93.93344,38.87641],[-93.93396,38.87641],[-93.9344,38.8759],[-93.93498,38.87552],[-93.93535,38.87581],[-93.93661,38.87619],[-93.93705,38.87685],[-93.9387,38.87761],[-93.93927,38.87867],[-93.93921,38.87943],[-93.9394,38.87979],[-93.9411,38.88079],[-93.94164,38.88096],[-93.94204,38.8809],[-93.94322,38.87999],[-93.94357,38.87997],[-93.94506,38.88132],[-93.94484,38.88215],[-93.94405,38.88289],[-93.9437,38.88346],[-93.94372,38.88372],[-93.94416,38.88419],[-93.94451,38.88508],[-93.9456,38.88582],[-93.94659,38.87176],[-93.9474,38.87189],[-93.96468,38.87196],[-93.97907,38.87243],[-93.98047,38.87273],[-93.9806,38.87284],[-93.97995,38.87344],[-93.97973,38.87411],[-93.97899,38.88614],[-93.9784,38.8868],[-93.97754,38.88711],[-93.97384,38.88698],[-93.97385,38.8873],[-93.97426,38.88754],[-93.97398,38.89254],[-93.9779,38.89265],[-93.97764,38.89802],[-93.98331,38.8983],[-93.9831,38.90224],[-93.98324,38.90227],[-93.98825,38.90247],[-93.98815,38.90257],[-94.00181,38.90295],[-94.02064,38.90373],[-94.02029,38.91108],[-94.0131,38.91076],[-94.01282,38.91448],[-94.03594,38.91514],[-94.03583,38.91471],[-94.03462,38.91457],[-94.03435,38.9145],[-94.0343,38.91434],[-94.03452,38.91061],[-94.03491,38.91062],[-94.03527,38.90404],[-94.03936,38.90416],[-94.0491,38.90408],[-94.04947,38.89748],[-94.04007,38.89704],[-94.04059,38.88797],[-94.03105,38.88775],[-94.03166,38.88197],[-94.03122,38.88177],[-94.03099,38.88146],[-94.0305,38.88141],[-94.0294,38.88181],[-94.02923,38.88169],[-94.02923,38.8813],[-94.02833,38.88094],[-94.02776,38.88139],[-94.0272,38.88122],[-94.02601,38.88155],[-94.02543,38.88119],[-94.02531,38.88067],[-94.02494,38.88034],[-94.02536,38.8799],[-94.02496,38.87938],[-94.02521,38.87905],[-94.02524,38.87855],[-94.02613,38.87767],[-94.02624,38.87718],[-94.02647,38.87704],[-94.02661,38.87557],[-94.02702,38.87506],[-94.02715,38.87453],[-94.02694,38.87452],[-94.02766,38.86348],[-94.02789,38.85607],[-94.02768,38.85425],[-94.02628,38.85355],[-94.02613,38.85333],[-94.0262,38.85241],[-94.0236,38.85229],[-94.02362,38.85197],[-94.03157,38.85239],[-94.03372,38.85269],[-94.03404,38.85243],[-94.0346,38.85259],[-94.03484,38.84901],[-94.02857,38.84878],[-94.02911,38.83873],[-94.0244,38.83864],[-94.02449,38.83749],[-94.04336,38.83826],[-94.04314,38.83778],[-94.04253,38.83744],[-94.03991,38.83719],[-94.03883,38.83661],[-94.0388,38.83542],[-94.0393,38.83506],[-94.03993,38.83405],[-94.03965,38.83293],[-94.04036,38.83156],[-94.03978,38.83096],[-94.03947,38.83018],[-94.03805,38.82869],[-94.038,38.82765],[-94.03829,38.82734],[-94.03892,38.82718],[-94.03965,38.82667],[-94.03985,38.82616],[-94.03944,38.82592],[-94.03923,38.82519],[-94.0383,38.82404],[-94.03758,38.82349],[-94.03798,38.8228],[-94.03716,38.82244],[-94.03718,38.82169],[-94.03661,38.8218],[-94.03633,38.82099],[-94.03651,38.82051],[-94.03579,38.82008],[-94.03568,38.81982],[-94.03599,38.819],[-94.04452,38.8193],[-94.04566,38.80103],[-94.04578,38.80091],[-94.03624,38.80058],[-94.03625,38.80029],[-94.03592,38.80027],[-94.03495,38.80029],[-94.03355,38.80062],[-94.02688,38.80032],[-94.02775,38.7856],[-94.03699,38.78592],[-94.03725,38.7811],[-94.04201,38.78116],[-94.04209,38.78078],[-94.04182,38.7802],[-94.04111,38.77976],[-94.04095,38.77911],[-94.04048,38.77889],[-94.04048,38.77834],[-94.03999,38.77826],[-94.03979,38.77797],[-94.03911,38.77814],[-94.03874,38.77805],[-94.03754,38.77727],[-94.03793,38.77681],[-94.03768,38.77664],[-94.038,38.77627],[-94.03794,38.776],[-94.03689,38.77532],[-94.03694,38.77483],[-94.03682,38.77465],[-94.03646,38.77456],[-94.03605,38.77478],[-94.03538,38.77448],[-94.03527,38.77387],[-94.03577,38.77373],[-94.03589,38.77317],[-94.03386,38.77295],[-94.03366,38.77275],[-94.0339,38.77243],[-94.03381,38.77234],[-94.03269,38.77271],[-94.03162,38.77176],[-94.0303,38.77125],[-94.03013,38.77135],[-94.02996,38.77194],[-94.02943,38.77225],[-94.02922,38.77289],[-94.0288,38.77329],[-94.02846,38.77336],[-94.02886,38.76922],[-94.02876,38.7674],[-94.029,38.76263],[-94.02936,38.76173],[-94.02883,38.75997],[-94.02939,38.75861],[-94.03026,38.74164],[-94.03044,38.74144],[-94.0308,38.73407],[-94.02138,38.73156],[-94.02165,38.72758],[-94.02194,38.72742],[-94.02291,38.72793],[-94.02319,38.72681],[-94.02394,38.72665],[-94.02548,38.72564],[-94.02598,38.72605],[-94.02711,38.72568],[-94.02709,38.72527],[-94.02741,38.72506],[-94.02744,38.72474],[-94.02719,38.7244],[-94.0267,38.72431],[-94.02662,38.72398],[-94.02668,38.72357],[-94.02735,38.72306],[-94.02716,38.72252],[-94.0269,38.7224],[-94.0273,38.72179],[-94.02782,38.72163],[-94.02806,38.72134],[-94.02791,38.72099],[-94.02874,38.72053],[-94.02887,38.7201],[-94.02843,38.71919],[-94.03155,38.71933],[-94.03116,38.72667],[-94.0686,38.72783],[-94.06991,38.70599],[-94.0715,38.70593],[-94.07454,38.70529],[-94.07443,38.70513],[-94.07467,38.70485],[-94.07461,38.70459],[-94.07621,38.70364],[-94.07708,38.70203],[-94.0778,38.70156],[-94.07835,38.70153],[-94.07927,38.70113],[-94.08237,38.70095],[-94.08632,38.70113],[-94.0867,38.70078],[-94.08647,38.70055],[-94.08643,38.6999],[-94.08771,38.69893],[-94.08861,38.69862],[-94.08947,38.69854],[-94.0913,38.69883],[-94.09178,38.69872],[-94.0923,38.69815],[-94.09587,38.69877],[-94.10362,38.69892],[-94.104,38.69189],[-94.11604,38.69219],[-94.11635,38.68914],[-94.10879,38.68874],[-94.10895,38.6852],[-94.12752,38.69392],[-94.1276,38.69507],[-94.13937,38.70014],[-94.14844,38.70047]]]}},{"type":"Feature","properties":{"ZIP":"64048"},"geometry":{"type":"Polygon","coordinates":[[[-94.4497,39.41163],[-94.44972,39.41056],[-94.44901,39.41057],[-94.44802,39.41089],[-94.44778,39.41063],[-94.44729,39.41064],[-94.44603,39.41109],[-94.44567,39.41165],[-94.44573,39.41131],[-94.44557,39.41128],[-94.44493,39.41144],[-94.43546,39.41168],[-94.43546,39.41211],[-94.4343,39.4121],[-94.43429,39.41935],[-94.42359,39.41937],[-94.42343,39.41863],[-94.4235,39.40974],[-94.42622,39.40973],[-94.42621,39.40825],[-94.4244,39.40805],[-94.42291,39.40734],[-94.42151,39.40697],[-94.42148,39.40476],[-94.40757,39.40465],[-94.40759,39.40192],[-94.40426,39.40191],[-94.40421,39.39941],[-94.40296,39.39875],[-94.40298,39.39739],[-94.39838,39.39738],[-94.39837,39.3943],[-94.39348,39.39429],[-94.39348,39.39452],[-94.38914,39.39452],[-94.38875,39.39438],[-94.38822,39.39463],[-94.38738,39.39437],[-94.38717,39.394],[-94.38663,39.39406],[-94.38663,39.39736],[-94.38319,39.39736],[-94.38277,39.39567],[-94.3825,39.39533],[-94.38198,39.39514],[-94.38158,39.39508],[-94.3802,39.39554],[-94.37845,39.39518],[-94.37809,39.39535],[-94.37763,39.39612],[-94.37729,39.3964],[-94.37609,39.39653],[-94.37567,39.39677],[-94.37539,39.39737],[-94.37575,39.39771],[-94.37576,39.39818],[-94.37546,39.39883],[-94.37407,39.399],[-94.37385,39.39884],[-94.37369,39.39813],[-94.37368,39.3965],[-94.3724,39.39562],[-94.3719,39.39491],[-94.37051,39.39479],[-94.36963,39.39436],[-94.36901,39.39361],[-94.36753,39.39355],[-94.36662,39.39314],[-94.36572,39.39251],[-94.36559,39.39192],[-94.36479,39.39051],[-94.36414,39.39026],[-94.36265,39.39028],[-94.36234,39.38939],[-94.36117,39.38884],[-94.35279,39.40438],[-94.34186,39.40423],[-94.32458,39.40457],[-94.30705,39.40429],[-94.30722,39.40575],[-94.30714,39.40755],[-94.3068,39.40766],[-94.30641,39.40733],[-94.30592,39.40738],[-94.30544,39.40721],[-94.30469,39.40745],[-94.30443,39.40775],[-94.30437,39.40863],[-94.30376,39.409],[-94.30396,39.40976],[-94.30361,39.41018],[-94.30354,39.41075],[-94.30459,39.41072],[-94.30488,39.41101],[-94.30462,39.41178],[-94.30411,39.4119],[-94.30407,39.41256],[-94.30474,39.41306],[-94.30514,39.4136],[-94.30509,39.41395],[-94.30427,39.41486],[-94.30419,39.41558],[-94.30454,39.41605],[-94.30433,39.4163],[-94.3043,39.4169],[-94.30389,39.41715],[-94.30381,39.41741],[-94.30342,39.41752],[-94.30275,39.41803],[-94.30215,39.41802],[-94.30169,39.41772],[-94.30126,39.41781],[-94.30057,39.41769],[-94.2997,39.41797],[-94.29936,39.41854],[-94.29934,39.42591],[-94.30395,39.426],[-94.30389,39.42964],[-94.29507,39.42957],[-94.29478,39.42968],[-94.29463,39.43003],[-94.29438,39.44566],[-94.29427,39.44603],[-94.29219,39.449],[-94.29491,39.45013],[-94.29512,39.45036],[-94.2953,39.45171],[-94.2955,39.45212],[-94.29986,39.45553],[-94.27634,39.45528],[-94.2762,39.46247],[-94.2745,39.46246],[-94.27439,39.4661],[-94.2735,39.46609],[-94.27314,39.46972],[-94.26671,39.46967],[-94.2667,39.47037],[-94.26727,39.47057],[-94.2678,39.47104],[-94.26882,39.47161],[-94.27044,39.47318],[-94.27135,39.47319],[-94.27213,39.47475],[-94.27131,39.4758],[-94.2713,39.47687],[-94.25713,39.47685],[-94.25701,39.48338],[-94.25698,39.48393],[-94.25678,39.48408],[-94.28513,39.48439],[-94.28504,39.49014],[-94.29275,39.49018],[-94.29273,39.48566],[-94.29448,39.48558],[-94.29442,39.48931],[-94.29908,39.48928],[-94.29904,39.49137],[-94.30011,39.49074],[-94.30031,39.49044],[-94.30129,39.49068],[-94.30506,39.4846],[-94.30542,39.48459],[-94.30567,39.48424],[-94.31433,39.47054],[-94.31939,39.47066],[-94.31929,39.47181],[-94.31946,39.47195],[-94.31948,39.47228],[-94.31919,39.47273],[-94.31985,39.47324],[-94.32011,39.47392],[-94.3237,39.47388],[-94.32368,39.47747],[-94.32775,39.47762],[-94.32807,39.47826],[-94.32793,39.48348],[-94.32674,39.48576],[-94.32664,39.48654],[-94.32695,39.49603],[-94.32684,39.49646],[-94.3256,39.4987],[-94.32594,39.49885],[-94.33068,39.49206],[-94.3319,39.49223],[-94.33212,39.49199],[-94.33486,39.49197],[-94.33461,39.49917],[-94.34512,39.4991],[-94.34532,39.49208],[-94.34585,39.49217],[-94.34698,39.49197],[-94.35336,39.49183],[-94.35359,39.49167],[-94.35369,39.48858],[-94.35387,39.48831],[-94.35842,39.48815],[-94.35862,39.4844],[-94.35942,39.4846],[-94.36443,39.48456],[-94.3646,39.48094],[-94.36807,39.48094],[-94.3681,39.48001],[-94.36936,39.48007],[-94.36986,39.47987],[-94.37293,39.47989],[-94.373,39.47776],[-94.37337,39.47709],[-94.37343,39.47637],[-94.37464,39.47547],[-94.37491,39.47413],[-94.37524,39.4737],[-94.38208,39.47366],[-94.3824,39.47341],[-94.38252,39.47216],[-94.38279,39.47195],[-94.38559,39.47195],[-94.3866,39.47239],[-94.38706,39.47225],[-94.38764,39.47077],[-94.38727,39.47007],[-94.38743,39.46502],[-94.38839,39.465],[-94.3901,39.46517],[-94.39342,39.46642],[-94.39678,39.46664],[-94.39807,39.46707],[-94.39988,39.46737],[-94.40056,39.46772],[-94.40099,39.46815],[-94.40125,39.46871],[-94.40129,39.47015],[-94.40094,39.48466],[-94.42446,39.48457],[-94.42479,39.4701],[-94.44449,39.47001],[-94.44466,39.46294],[-94.44498,39.46276],[-94.44918,39.46274],[-94.44954,39.44068],[-94.44955,39.42624],[-94.44481,39.42623],[-94.44496,39.41892],[-94.44734,39.41526],[-94.44737,39.41343],[-94.4497,39.41163]]]}},{"type":"Feature","properties":{"ZIP":"64050"},"geometry":{"type":"MultiPolygon","coordinates":[[[[-94.43981,39.0801],[-94.43964,39.07918],[-94.43842,39.07914],[-94.43848,39.07763],[-94.43502,39.07756],[-94.43499,39.07824],[-94.43393,39.0782],[-94.4339,39.07907],[-94.4342,39.07909],[-94.43414,39.07987],[-94.43275,39.07982],[-94.43276,39.08032],[-94.43346,39.08033],[-94.4334,39.08195],[-94.43227,39.08162],[-94.43226,39.08183],[-94.43344,39.08219],[-94.439,39.08324],[-94.43905,39.08276],[-94.43854,39.08261],[-94.43867,39.08005],[-94.43981,39.0801]]],[[[-94.44462,39.09518],[-94.4445,39.0946],[-94.44395,39.09443],[-94.444,39.09321],[-94.44367,39.09319],[-94.44363,39.09409],[-94.43959,39.094],[-94.43958,39.09412],[-94.43904,39.09411],[-94.43908,39.09303],[-94.43863,39.09301],[-94.43865,39.09234],[-94.43806,39.09232],[-94.43807,39.09096],[-94.43653,39.09091],[-94.43657,39.08965],[-94.4365,39.08931],[-94.43614,39.08929],[-94.43616,39.08862],[-94.43476,39.08861],[-94.43478,39.08792],[-94.43331,39.08787],[-94.4322,39.08757],[-94.43159,39.08816],[-94.4319,39.08747],[-94.42662,39.08553],[-94.42665,39.08414],[-94.4268,39.08395],[-94.42715,39.08395],[-94.42715,39.08382],[-94.42756,39.08383],[-94.42757,39.08362],[-94.42775,39.08351],[-94.42776,39.08307],[-94.42844,39.0831],[-94.42845,39.08269],[-94.42896,39.08271],[-94.42898,39.08226],[-94.43224,39.08236],[-94.43226,39.08183],[-94.43084,39.08095],[-94.42987,39.0797],[-94.3791,39.07784],[-94.37884,39.08571],[-94.37926,39.08942],[-94.38044,39.09526],[-94.38035,39.09949],[-94.3805,39.10268],[-94.38076,39.10462],[-94.38153,39.10817],[-94.38486,39.11718],[-94.3859,39.11956],[-94.3866,39.12192],[-94.38648,39.1236],[-94.38405,39.13095],[-94.38397,39.13241],[-94.38414,39.13326],[-94.38454,39.13416],[-94.38979,39.14255],[-94.39305,39.15108],[-94.39561,39.15838],[-94.39566,39.16134],[-94.39522,39.16908],[-94.3995,39.16772],[-94.40158,39.16682],[-94.40233,39.16476],[-94.40424,39.16369],[-94.40559,39.16259],[-94.40898,39.15934],[-94.41172,39.15707],[-94.41273,39.15594],[-94.41796,39.15114],[-94.42109,39.14747],[-94.42349,39.14407],[-94.42577,39.14181],[-94.43037,39.13802],[-94.42329,39.14173],[-94.42221,39.14194],[-94.4215,39.14236],[-94.42079,39.14203],[-94.41972,39.14197],[-94.42112,39.14056],[-94.42196,39.13948],[-94.42357,39.13663],[-94.42452,39.13535],[-94.42461,39.13483],[-94.42429,39.13384],[-94.42448,39.13213],[-94.42641,39.13218],[-94.42638,39.13246],[-94.42692,39.13247],[-94.42695,39.13219],[-94.42872,39.13224],[-94.42961,39.13166],[-94.42979,39.1273],[-94.43003,39.12687],[-94.42981,39.12686],[-94.43001,39.12366],[-94.42873,39.12362],[-94.4289,39.11999],[-94.42561,39.11988],[-94.42562,39.11958],[-94.42508,39.11955],[-94.4253,39.11832],[-94.4269,39.11836],[-94.42696,39.11711],[-94.42682,39.1171],[-94.42684,39.11674],[-94.42555,39.1167],[-94.42559,39.11576],[-94.42593,39.11577],[-94.42594,39.11357],[-94.42699,39.11358],[-94.42709,39.11339],[-94.42783,39.10966],[-94.43091,39.10978],[-94.43132,39.10283],[-94.43194,39.10285],[-94.43196,39.10253],[-94.43329,39.10258],[-94.4333,39.10243],[-94.43213,39.10222],[-94.43212,39.10202],[-94.43357,39.10207],[-94.43356,39.10265],[-94.4359,39.1027],[-94.43587,39.10214],[-94.43619,39.10215],[-94.43641,39.09453],[-94.43852,39.09461],[-94.43849,39.09547],[-94.43989,39.09507],[-94.44107,39.09505],[-94.44109,39.09472],[-94.44285,39.09479],[-94.44281,39.09577],[-94.44458,39.09585],[-94.44462,39.09518]]]]}},{"type":"Feature","properties":{"ZIP":"64052"},"geometry":{"type":"Polygon","coordinates":[[[-94.47833,39.0907],[-94.47817,39.08954],[-94.47643,39.08882],[-94.47449,39.08663],[-94.47212,39.08502],[-94.47153,39.08406],[-94.47121,39.08211],[-94.47015,39.08201],[-94.47045,39.07359],[-94.47076,39.07381],[-94.47081,39.07272],[-94.47068,39.07215],[-94.46992,39.0706],[-94.46847,39.06886],[-94.46846,39.06843],[-94.46897,39.06679],[-94.47471,39.06708],[-94.47472,39.06534],[-94.46979,39.06416],[-94.47013,39.06318],[-94.47141,39.06164],[-94.47228,39.05967],[-94.46797,39.05947],[-94.46813,39.05819],[-94.46286,39.05608],[-94.46246,39.05631],[-94.46119,39.05628],[-94.46122,39.05542],[-94.45277,39.05198],[-94.44278,39.04724],[-94.4337,39.04686],[-94.43367,39.0476],[-94.43429,39.04759],[-94.43427,39.0481],[-94.43461,39.04811],[-94.43455,39.04946],[-94.43424,39.04944],[-94.43422,39.04992],[-94.4344,39.04993],[-94.43435,39.05095],[-94.43476,39.05096],[-94.43458,39.05418],[-94.43398,39.05416],[-94.43396,39.05449],[-94.43401,39.05498],[-94.43458,39.055],[-94.43448,39.05746],[-94.43412,39.05745],[-94.43411,39.05778],[-94.43393,39.05777],[-94.43388,39.05867],[-94.43404,39.05881],[-94.4338,39.05921],[-94.43389,39.05977],[-94.4336,39.06084],[-94.43373,39.06093],[-94.43364,39.06359],[-94.43408,39.06361],[-94.434,39.0653],[-94.43293,39.06526],[-94.43283,39.06741],[-94.43112,39.06741],[-94.43041,39.06776],[-94.4297,39.06839],[-94.42852,39.06835],[-94.42796,39.06893],[-94.42703,39.0694],[-94.42687,39.06969],[-94.42604,39.06938],[-94.42525,39.06938],[-94.42406,39.06984],[-94.42341,39.06968],[-94.42296,39.07017],[-94.42202,39.07028],[-94.42309,39.07162],[-94.42698,39.07472],[-94.42798,39.07574],[-94.42903,39.07739],[-94.43007,39.08007],[-94.43115,39.08121],[-94.43226,39.08183],[-94.43224,39.08236],[-94.42898,39.08226],[-94.42896,39.08271],[-94.42845,39.08269],[-94.42844,39.0831],[-94.42776,39.08307],[-94.42775,39.08351],[-94.42757,39.08362],[-94.42756,39.08383],[-94.42715,39.08382],[-94.42715,39.08395],[-94.4268,39.08395],[-94.42665,39.08414],[-94.42662,39.08553],[-94.4319,39.08747],[-94.43159,39.08816],[-94.4322,39.08757],[-94.43331,39.08787],[-94.43478,39.08792],[-94.43476,39.08861],[-94.43616,39.08862],[-94.43614,39.08929],[-94.4365,39.08931],[-94.43657,39.08965],[-94.43653,39.09091],[-94.43807,39.09096],[-94.43806,39.09232],[-94.43865,39.09234],[-94.43863,39.09301],[-94.43908,39.09303],[-94.43904,39.09411],[-94.43958,39.09412],[-94.43959,39.094],[-94.44363,39.09409],[-94.44367,39.09319],[-94.444,39.09321],[-94.44395,39.09443],[-94.4445,39.0946],[-94.4445,39.09484],[-94.45209,39.09512],[-94.45336,39.09625],[-94.455,39.09713],[-94.45504,39.09609],[-94.45632,39.09619],[-94.45634,39.09555],[-94.45678,39.09565],[-94.45677,39.09581],[-94.45864,39.09586],[-94.45866,39.09536],[-94.46592,39.09557],[-94.47124,39.09371],[-94.47375,39.09228],[-94.47745,39.09235],[-94.47833,39.0907]]]}},{"type":"Feature","properties":{"ZIP":"64053"},"geometry":{"type":"Polygon","coordinates":[[[-94.48937,39.11872],[-94.48764,39.11693],[-94.48635,39.11497],[-94.48586,39.11339],[-94.4858,39.1113],[-94.48136,39.11125],[-94.4815,39.10804],[-94.47965,39.10849],[-94.47972,39.1077],[-94.47897,39.10786],[-94.4791,39.1065],[-94.47986,39.10654],[-94.48002,39.10578],[-94.47921,39.10571],[-94.47915,39.10529],[-94.47886,39.10488],[-94.47761,39.10382],[-94.47638,39.10157],[-94.47627,39.10089],[-94.47637,39.10004],[-94.47694,39.09932],[-94.47777,39.09937],[-94.47866,39.09795],[-94.47884,39.09742],[-94.4787,39.09451],[-94.47843,39.09406],[-94.47753,39.09324],[-94.47741,39.09233],[-94.47375,39.09228],[-94.47124,39.09371],[-94.46559,39.09563],[-94.45866,39.09536],[-94.45864,39.09586],[-94.45677,39.09581],[-94.45678,39.09565],[-94.45634,39.09555],[-94.45632,39.09619],[-94.45504,39.09609],[-94.455,39.09713],[-94.45336,39.09625],[-94.45209,39.09512],[-94.4479,39.09496],[-94.44939,39.09647],[-94.45003,39.09738],[-94.4502,39.09872],[-94.45005,39.0992],[-94.45012,39.09968],[-94.45138,39.10191],[-94.4512,39.10268],[-94.45239,39.10272],[-94.45236,39.10322],[-94.45284,39.10326],[-94.45273,39.10608],[-94.45322,39.10628],[-94.4532,39.10684],[-94.45259,39.10661],[-94.45251,39.10681],[-94.45249,39.10993],[-94.45341,39.10996],[-94.45333,39.11176],[-94.45299,39.11175],[-94.45291,39.11355],[-94.45255,39.11354],[-94.45241,39.11602],[-94.45313,39.11605],[-94.45314,39.11701],[-94.45504,39.11683],[-94.45628,39.11687],[-94.45646,39.11542],[-94.4586,39.11686],[-94.46073,39.11685],[-94.46067,39.11848],[-94.4593,39.11969],[-94.45543,39.12154],[-94.45543,39.1231],[-94.46159,39.12037],[-94.46723,39.1243],[-94.46735,39.1247],[-94.46755,39.12478],[-94.4676,39.12205],[-94.46845,39.12127],[-94.47063,39.1203],[-94.47313,39.11954],[-94.47539,39.11865],[-94.47734,39.11857],[-94.48147,39.11921],[-94.48875,39.11891],[-94.48937,39.11872]]]}},{"type":"Feature","properties":{"ZIP":"64054"},"geometry":{"type":"Polygon","coordinates":[[[-94.46067,39.11848],[-94.46073,39.11685],[-94.4586,39.11686],[-94.45646,39.11542],[-94.45628,39.11687],[-94.45504,39.11683],[-94.45314,39.11701],[-94.45313,39.11605],[-94.45241,39.11602],[-94.45255,39.11354],[-94.45291,39.11355],[-94.45299,39.11175],[-94.45333,39.11176],[-94.45341,39.10996],[-94.45249,39.10993],[-94.45251,39.10681],[-94.45259,39.10661],[-94.4532,39.10684],[-94.45322,39.10628],[-94.45273,39.10608],[-94.45284,39.10326],[-94.45236,39.10322],[-94.45239,39.10272],[-94.4512,39.10268],[-94.45138,39.10191],[-94.45012,39.09968],[-94.45005,39.0992],[-94.4502,39.09872],[-94.45003,39.09738],[-94.44939,39.09647],[-94.4479,39.09496],[-94.44463,39.09485],[-94.44458,39.09585],[-94.44281,39.09577],[-94.44285,39.09479],[-94.44109,39.09472],[-94.44107,39.09505],[-94.43989,39.09507],[-94.43849,39.09547],[-94.43852,39.09461],[-94.43641,39.09453],[-94.43619,39.10215],[-94.43587,39.10214],[-94.4359,39.1027],[-94.43356,39.10265],[-94.43357,39.10207],[-94.43212,39.10202],[-94.43213,39.10222],[-94.4333,39.10243],[-94.43329,39.10258],[-94.43196,39.10253],[-94.43194,39.10285],[-94.43132,39.10283],[-94.43091,39.10978],[-94.42783,39.10966],[-94.42709,39.11339],[-94.42699,39.11358],[-94.42594,39.11357],[-94.42593,39.11577],[-94.42559,39.11576],[-94.42555,39.1167],[-94.42684,39.11674],[-94.42682,39.1171],[-94.42696,39.11711],[-94.4269,39.11836],[-94.4253,39.11832],[-94.42508,39.11955],[-94.42562,39.11958],[-94.42561,39.11988],[-94.4289,39.11999],[-94.42873,39.12362],[-94.43001,39.12366],[-94.42981,39.12686],[-94.43003,39.12687],[-94.42979,39.1273],[-94.42961,39.13166],[-94.42872,39.13224],[-94.42695,39.13219],[-94.42692,39.13247],[-94.42638,39.13246],[-94.42641,39.13218],[-94.42448,39.13213],[-94.42429,39.13384],[-94.42461,39.13483],[-94.42452,39.13535],[-94.42357,39.13663],[-94.42196,39.13948],[-94.42112,39.14056],[-94.41972,39.14197],[-94.42079,39.14203],[-94.4215,39.14236],[-94.42221,39.14194],[-94.42329,39.14173],[-94.43158,39.13737],[-94.44064,39.13078],[-94.44852,39.12695],[-94.45543,39.1231],[-94.45543,39.12154],[-94.45891,39.11993],[-94.46067,39.11848]]]}},{"type":"Feature","properties":{"ZIP":"64055"},"geometry":{"type":"Polygon","coordinates":[[[-94.47493,39.06141],[-94.47498,39.06065],[-94.47253,39.0591],[-94.47011,39.05811],[-94.46816,39.05803],[-94.46818,39.05731],[-94.46586,39.05638],[-94.46589,39.05522],[-94.46347,39.05511],[-94.46319,39.0553],[-94.45669,39.05279],[-94.44855,39.04898],[-94.44759,39.04875],[-94.44269,39.04674],[-94.43644,39.04375],[-94.43332,39.04169],[-94.43353,39.03974],[-94.43566,39.03981],[-94.43593,39.03589],[-94.43669,39.03594],[-94.4371,39.03466],[-94.43741,39.03451],[-94.43769,39.02678],[-94.42538,39.02631],[-94.42503,39.0352],[-94.41468,39.03501],[-94.41453,39.03649],[-94.388,39.0353],[-94.38804,39.03442],[-94.3871,39.03437],[-94.3875,39.02635],[-94.38828,39.02638],[-94.38858,39.02183],[-94.38891,39.02035],[-94.3885,39.01875],[-94.38756,39.01737],[-94.38623,39.01785],[-94.38523,39.0178],[-94.38451,39.01808],[-94.38418,39.01884],[-94.38305,39.0195],[-94.38229,39.02046],[-94.38177,39.02068],[-94.38086,39.02066],[-94.37921,39.02025],[-94.37869,39.02004],[-94.37844,39.0197],[-94.37697,39.01971],[-94.37676,39.01989],[-94.37536,39.01993],[-94.37422,39.02054],[-94.37371,39.02151],[-94.3737,39.0219],[-94.37448,39.0229],[-94.37428,39.02321],[-94.37396,39.02329],[-94.37181,39.02286],[-94.37141,39.02306],[-94.37084,39.02372],[-94.3703,39.02397],[-94.3689,39.0238],[-94.36766,39.02396],[-94.36627,39.02383],[-94.36535,39.02401],[-94.36463,39.02447],[-94.36424,39.02537],[-94.3634,39.02631],[-94.35458,39.02614],[-94.35468,39.027],[-94.35458,39.02788],[-94.35414,39.02892],[-94.35321,39.03029],[-94.35561,39.03121],[-94.35518,39.0317],[-94.35453,39.032],[-94.35402,39.03199],[-94.35324,39.03169],[-94.35196,39.032],[-94.35129,39.03279],[-94.35151,39.03399],[-94.35118,39.03473],[-94.35044,39.03523],[-94.349,39.03571],[-94.34876,39.03619],[-94.34894,39.03816],[-94.34983,39.0402],[-94.36236,39.04191],[-94.36286,39.04579],[-94.36318,39.04711],[-94.3637,39.04816],[-94.36518,39.05019],[-94.36602,39.0517],[-94.36635,39.05288],[-94.36647,39.05397],[-94.36677,39.054],[-94.36705,39.05615],[-94.36754,39.05725],[-94.36878,39.05864],[-94.37213,39.06088],[-94.37338,39.06231],[-94.37409,39.06338],[-94.37508,39.06315],[-94.37588,39.06356],[-94.37695,39.06506],[-94.37718,39.0657],[-94.37719,39.06748],[-94.3769,39.06779],[-94.37793,39.06993],[-94.37824,39.06989],[-94.37878,39.07135],[-94.37951,39.07176],[-94.37969,39.07213],[-94.38099,39.07198],[-94.38072,39.07434],[-94.37909,39.07432],[-94.37928,39.07627],[-94.37923,39.07784],[-94.42987,39.0797],[-94.42903,39.07739],[-94.42798,39.07574],[-94.42698,39.07472],[-94.42309,39.07162],[-94.42202,39.07028],[-94.42296,39.07017],[-94.42341,39.06968],[-94.42406,39.06984],[-94.42525,39.06938],[-94.42604,39.06938],[-94.42687,39.06969],[-94.42703,39.0694],[-94.42796,39.06893],[-94.42852,39.06835],[-94.4297,39.06839],[-94.43041,39.06776],[-94.43112,39.06741],[-94.43283,39.06741],[-94.43293,39.06526],[-94.434,39.0653],[-94.43408,39.06361],[-94.43364,39.06359],[-94.43373,39.06093],[-94.4336,39.06084],[-94.43389,39.05977],[-94.4338,39.05921],[-94.43404,39.05881],[-94.43388,39.05867],[-94.43393,39.05777],[-94.43411,39.05778],[-94.43412,39.05745],[-94.43448,39.05746],[-94.43458,39.055],[-94.43401,39.05498],[-94.43396,39.05449],[-94.43398,39.05416],[-94.43458,39.05418],[-94.43476,39.05096],[-94.43435,39.05095],[-94.4344,39.04993],[-94.43422,39.04992],[-94.43424,39.04944],[-94.43455,39.04946],[-94.43461,39.04811],[-94.43427,39.0481],[-94.43429,39.04759],[-94.43367,39.0476],[-94.4337,39.04686],[-94.44278,39.04724],[-94.45277,39.05198],[-94.46122,39.05542],[-94.46119,39.05628],[-94.46246,39.05631],[-94.46286,39.05608],[-94.46813,39.05819],[-94.46797,39.05947],[-94.47228,39.05967],[-94.47141,39.06164],[-94.47013,39.06318],[-94.46979,39.06416],[-94.47472,39.06534],[-94.47493,39.06141]]]}},{"type":"Feature","properties":{"ZIP":"64056"},"geometry":{"type":"Polygon","coordinates":[[[-94.38661,39.12238],[-94.38646,39.12118],[-94.38153,39.10817],[-94.38098,39.10583],[-94.38045,39.102],[-94.38035,39.09949],[-94.38044,39.09526],[-94.37941,39.09014],[-94.37606,39.09084],[-94.37439,39.09081],[-94.37355,39.09063],[-94.3718,39.09135],[-94.37133,39.09187],[-94.37048,39.09176],[-94.36948,39.09199],[-94.36756,39.09209],[-94.36566,39.09143],[-94.3647,39.0917],[-94.36429,39.09122],[-94.36359,39.09097],[-94.36256,39.0912],[-94.36192,39.09092],[-94.3616,39.09177],[-94.36106,39.09178],[-94.36012,39.09102],[-94.35866,39.09095],[-94.35807,39.09129],[-94.35712,39.09075],[-94.35707,39.09174],[-94.35665,39.0914],[-94.35622,39.0916],[-94.35573,39.09156],[-94.35571,39.09172],[-94.35418,39.09158],[-94.34904,39.09158],[-94.33813,39.09106],[-94.3222,39.09059],[-94.322,39.09051],[-94.32406,39.0893],[-94.32402,39.08317],[-94.32918,39.08349],[-94.32966,39.07335],[-94.3263,39.07463],[-94.32478,39.07553],[-94.3248,39.07515],[-94.32434,39.07487],[-94.32407,39.07436],[-94.32318,39.07436],[-94.32266,39.07473],[-94.32257,39.07533],[-94.32224,39.07565],[-94.32223,39.07605],[-94.32162,39.07667],[-94.32172,39.07712],[-94.32095,39.0779],[-94.3211,39.07904],[-94.32095,39.07993],[-94.32049,39.08045],[-94.3181,39.08213],[-94.3171,39.085],[-94.31625,39.08565],[-94.31432,39.08596],[-94.31248,39.08691],[-94.31179,39.08759],[-94.31108,39.08864],[-94.31084,39.09058],[-94.31062,39.09113],[-94.3102,39.09166],[-94.30898,39.09202],[-94.30777,39.09013],[-94.30509,39.08956],[-94.30241,39.09],[-94.30149,39.09002],[-94.30136,39.08987],[-94.30179,39.08285],[-94.29682,39.08272],[-94.29666,39.08558],[-94.29363,39.08582],[-94.29304,39.08616],[-94.29191,39.08613],[-94.29208,39.08262],[-94.27927,39.08217],[-94.27928,39.08191],[-94.27884,39.08162],[-94.27666,39.08228],[-94.27377,39.08225],[-94.26976,39.08181],[-94.24576,39.08069],[-94.24573,39.08089],[-94.24595,39.08108],[-94.24794,39.08213],[-94.24831,39.08272],[-94.25611,39.08296],[-94.25625,39.0832],[-94.25802,39.08338],[-94.25889,39.08394],[-94.26509,39.08667],[-94.26682,39.08773],[-94.26797,39.08885],[-94.26765,39.08888],[-94.26885,39.09105],[-94.27132,39.09336],[-94.2814,39.09493],[-94.28153,39.09506],[-94.28151,39.09615],[-94.28211,39.09657],[-94.28169,39.10309],[-94.28095,39.10408],[-94.28103,39.10449],[-94.28162,39.10532],[-94.28153,39.10976],[-94.28027,39.10894],[-94.27861,39.10818],[-94.27564,39.10746],[-94.27409,39.10737],[-94.2663,39.10756],[-94.26625,39.11248],[-94.27218,39.1126],[-94.27197,39.1165],[-94.26609,39.11636],[-94.26584,39.12187],[-94.26272,39.12179],[-94.26266,39.12251],[-94.2621,39.12249],[-94.26204,39.12311],[-94.26099,39.12308],[-94.26087,39.12443],[-94.25864,39.12435],[-94.2586,39.12527],[-94.25686,39.12523],[-94.25631,39.13247],[-94.2586,39.13254],[-94.25815,39.13863],[-94.25868,39.13865],[-94.25864,39.13933],[-94.26264,39.13797],[-94.26277,39.13831],[-94.26664,39.13685],[-94.26816,39.13652],[-94.28483,39.13683],[-94.29379,39.13618],[-94.31787,39.13673],[-94.32078,39.13624],[-94.32523,39.13459],[-94.32655,39.13432],[-94.33699,39.13462],[-94.34518,39.1344],[-94.34677,39.1339],[-94.35686,39.12775],[-94.35748,39.12807],[-94.36023,39.12823],[-94.36424,39.12837],[-94.3645,39.12835],[-94.3646,39.12801],[-94.36499,39.12788],[-94.37085,39.12807],[-94.38475,39.12895],[-94.38635,39.12406],[-94.38661,39.12238]]]}},{"type":"Feature","properties":{"ZIP":"64057"},"geometry":{"type":"Polygon","coordinates":[[[-94.38097,39.07284],[-94.38099,39.07198],[-94.37969,39.07213],[-94.37951,39.07176],[-94.37878,39.07135],[-94.37824,39.06989],[-94.37793,39.06993],[-94.3769,39.06779],[-94.37719,39.06748],[-94.37712,39.06546],[-94.37588,39.06356],[-94.37508,39.06315],[-94.37409,39.06338],[-94.37338,39.06231],[-94.37213,39.06088],[-94.36878,39.05864],[-94.36754,39.05725],[-94.36705,39.05615],[-94.36677,39.054],[-94.36647,39.05397],[-94.36635,39.05288],[-94.36602,39.0517],[-94.36518,39.05019],[-94.3637,39.04816],[-94.36318,39.04711],[-94.36286,39.04579],[-94.36236,39.04191],[-94.34983,39.0402],[-94.34894,39.03816],[-94.34873,39.03677],[-94.34891,39.0358],[-94.3511,39.03483],[-94.35151,39.03399],[-94.35129,39.03279],[-94.35196,39.032],[-94.35324,39.03169],[-94.35402,39.03199],[-94.35453,39.032],[-94.35518,39.0317],[-94.35561,39.03121],[-94.35321,39.03029],[-94.35278,39.03091],[-94.35211,39.03145],[-94.34249,39.0361],[-94.34147,39.03685],[-94.34122,39.03751],[-94.34095,39.04459],[-94.33858,39.04453],[-94.3378,39.0449],[-94.33753,39.04556],[-94.33735,39.04737],[-94.33424,39.04734],[-94.33247,39.04711],[-94.33201,39.04766],[-94.33139,39.04803],[-94.32653,39.04918],[-94.32142,39.05119],[-94.32062,39.05175],[-94.31953,39.05334],[-94.31908,39.05357],[-94.31805,39.05374],[-94.31811,39.05416],[-94.31956,39.05421],[-94.31948,39.05612],[-94.31683,39.05577],[-94.31648,39.0614],[-94.31606,39.06296],[-94.31635,39.06383],[-94.31604,39.06869],[-94.31279,39.06856],[-94.31263,39.06867],[-94.31223,39.07056],[-94.3121,39.07467],[-94.31153,39.07692],[-94.31082,39.07826],[-94.30996,39.07882],[-94.30923,39.07959],[-94.30895,39.08603],[-94.30744,39.08589],[-94.30735,39.08545],[-94.30699,39.08505],[-94.3059,39.08483],[-94.306,39.08446],[-94.30556,39.08405],[-94.30573,39.08335],[-94.30557,39.08229],[-94.30652,39.082],[-94.3062,39.07978],[-94.30598,39.07927],[-94.30638,39.0783],[-94.30585,39.07667],[-94.30547,39.07616],[-94.30496,39.07471],[-94.30499,39.07434],[-94.30552,39.0739],[-94.30569,39.07356],[-94.3056,39.07311],[-94.30519,39.07247],[-94.30537,39.07208],[-94.30533,39.0709],[-94.30487,39.07026],[-94.30388,39.06991],[-94.30344,39.0695],[-94.30328,39.06909],[-94.3035,39.0686],[-94.30349,39.06816],[-94.30089,39.06824],[-94.29331,39.06805],[-94.29323,39.07165],[-94.29504,39.07171],[-94.29484,39.07536],[-94.29251,39.07531],[-94.29255,39.07446],[-94.2898,39.07401],[-94.29024,39.07163],[-94.28797,39.07157],[-94.28345,39.0687],[-94.27876,39.06861],[-94.2782,39.06407],[-94.27111,39.0566],[-94.27075,39.05559],[-94.27081,39.05282],[-94.25804,39.05232],[-94.25822,39.04868],[-94.25707,39.04863],[-94.25686,39.05228],[-94.24516,39.05178],[-94.24365,39.05185],[-94.2435,39.05317],[-94.24764,39.05327],[-94.24747,39.05732],[-94.24658,39.05728],[-94.24649,39.05914],[-94.24517,39.05909],[-94.24509,39.0609],[-94.24737,39.06098],[-94.2473,39.0628],[-94.24963,39.06288],[-94.24943,39.06647],[-94.24166,39.06615],[-94.24138,39.06803],[-94.24154,39.06879],[-94.24247,39.06892],[-94.24281,39.06988],[-94.2435,39.07061],[-94.24444,39.07093],[-94.24589,39.07096],[-94.24597,39.07185],[-94.2466,39.07321],[-94.24655,39.07464],[-94.24709,39.07599],[-94.24685,39.07679],[-94.24615,39.07721],[-94.24645,39.07812],[-94.24611,39.07858],[-94.24576,39.08069],[-94.26976,39.08181],[-94.27377,39.08225],[-94.27666,39.08228],[-94.27884,39.08162],[-94.27928,39.08191],[-94.27927,39.08217],[-94.29208,39.08262],[-94.29191,39.08613],[-94.29304,39.08616],[-94.29363,39.08582],[-94.29666,39.08558],[-94.29682,39.08272],[-94.30179,39.08285],[-94.30136,39.08987],[-94.30149,39.09002],[-94.30241,39.09],[-94.30509,39.08956],[-94.30777,39.09013],[-94.30898,39.09202],[-94.3102,39.09166],[-94.31062,39.09113],[-94.31084,39.09058],[-94.31108,39.08864],[-94.31179,39.08759],[-94.31248,39.08691],[-94.31432,39.08596],[-94.31625,39.08565],[-94.3171,39.085],[-94.3181,39.08213],[-94.32049,39.08045],[-94.32095,39.07993],[-94.3211,39.07904],[-94.32095,39.0779],[-94.32172,39.07712],[-94.32162,39.07667],[-94.32223,39.07605],[-94.32224,39.07565],[-94.32257,39.07533],[-94.32266,39.07473],[-94.32318,39.07436],[-94.32407,39.07436],[-94.32434,39.07487],[-94.3248,39.07515],[-94.32478,39.07553],[-94.3263,39.07463],[-94.32966,39.07335],[-94.32918,39.08349],[-94.32402,39.08317],[-94.32406,39.0893],[-94.322,39.09051],[-94.3222,39.09059],[-94.33813,39.09106],[-94.34904,39.09158],[-94.35418,39.09158],[-94.35571,39.09172],[-94.35573,39.09156],[-94.35622,39.0916],[-94.35665,39.0914],[-94.35707,39.09174],[-94.35712,39.09075],[-94.35807,39.09129],[-94.35866,39.09095],[-94.36012,39.09102],[-94.36106,39.09178],[-94.3616,39.09177],[-94.36192,39.09092],[-94.36256,39.0912],[-94.36359,39.09097],[-94.36429,39.09122],[-94.3647,39.0917],[-94.36566,39.09143],[-94.36756,39.09209],[-94.36948,39.09199],[-94.37048,39.09176],[-94.37133,39.09187],[-94.3718,39.09135],[-94.37355,39.09063],[-94.37439,39.09081],[-94.37606,39.09084],[-94.37941,39.09014],[-94.37884,39.08571],[-94.37901,39.07942],[-94.37929,39.07678],[-94.37909,39.07432],[-94.38072,39.07434],[-94.38077,39.07339],[-94.38097,39.07284]]]}},{"type":"Feature","properties":{"ZIP":"64058"},"geometry":{"type":"Polygon","coordinates":[[[-94.40863,39.1936],[-94.40903,39.1921],[-94.40262,39.1812],[-94.39993,39.1748],[-94.40123,39.1679],[-94.40158,39.16682],[-94.3995,39.16772],[-94.39522,39.16908],[-94.39566,39.16134],[-94.39561,39.15838],[-94.39305,39.15108],[-94.38979,39.14255],[-94.38454,39.13416],[-94.38414,39.13326],[-94.38397,39.13241],[-94.38405,39.13095],[-94.38475,39.12895],[-94.37085,39.12807],[-94.36499,39.12788],[-94.3646,39.12801],[-94.3645,39.12835],[-94.36424,39.12837],[-94.36023,39.12823],[-94.35748,39.12807],[-94.35686,39.12775],[-94.34677,39.1339],[-94.34518,39.1344],[-94.33699,39.13462],[-94.32655,39.13432],[-94.32523,39.13459],[-94.32078,39.13624],[-94.31787,39.13673],[-94.29379,39.13618],[-94.28483,39.13683],[-94.26866,39.13649],[-94.26717,39.13669],[-94.26277,39.13831],[-94.26189,39.14912],[-94.26344,39.14944],[-94.26494,39.15145],[-94.26487,39.15255],[-94.26516,39.15314],[-94.26528,39.15441],[-94.26631,39.15604],[-94.26636,39.1574],[-94.26766,39.15873],[-94.26725,39.16143],[-94.26775,39.16293],[-94.26947,39.16186],[-94.26927,39.16551],[-94.2709,39.16554],[-94.28103,39.17595],[-94.28075,39.17631],[-94.2819,39.17684],[-94.28389,39.17888],[-94.28457,39.17905],[-94.28505,39.18068],[-94.28677,39.18156],[-94.28803,39.18149],[-94.28776,39.18225],[-94.28517,39.18477],[-94.28308,39.18721],[-94.28084,39.18879],[-94.27986,39.18977],[-94.27868,39.1913],[-94.27802,39.19238],[-94.27709,39.19448],[-94.27636,39.19529],[-94.27379,39.19596],[-94.27029,39.19592],[-94.26891,39.19669],[-94.26723,39.19786],[-94.26608,39.19909],[-94.2656,39.19991],[-94.26537,39.20076],[-94.2633,39.20404],[-94.26218,39.20521],[-94.26125,39.20572],[-94.25859,39.20598],[-94.25659,39.20582],[-94.25564,39.20543],[-94.25376,39.20406],[-94.25322,39.204],[-94.25123,39.20421],[-94.25058,39.20414],[-94.25035,39.20395],[-94.24945,39.2041],[-94.24349,39.20401],[-94.24265,39.20411],[-94.24141,39.20453],[-94.2382,39.20487],[-94.2356,39.20475],[-94.23292,39.20423],[-94.23204,39.20451],[-94.22869,39.20617],[-94.22471,39.20628],[-94.22291,39.20664],[-94.21919,39.20754],[-94.22038,39.20754],[-94.21909,39.20779],[-94.21915,39.2079],[-94.21775,39.20845],[-94.22128,39.21013],[-94.22686,39.21338],[-94.22956,39.21535],[-94.23245,39.21845],[-94.23546,39.22443],[-94.23843,39.22822],[-94.24331,39.232],[-94.24521,39.23295],[-94.24913,39.23432],[-94.25005,39.23484],[-94.25543,39.23622],[-94.25732,39.23622],[-94.25932,39.23594],[-94.26294,39.23582],[-94.2674,39.23539],[-94.27387,39.23572],[-94.28987,39.23711],[-94.29511,39.23552],[-94.3017,39.23303],[-94.30461,39.23141],[-94.30803,39.22786],[-94.30893,39.22735],[-94.31,39.22557],[-94.31154,39.22357],[-94.31325,39.22231],[-94.314,39.22127],[-94.31677,39.21573],[-94.31757,39.21346],[-94.31936,39.20461],[-94.3205,39.20176],[-94.32164,39.20003],[-94.3223,39.19866],[-94.32816,39.19123],[-94.3332,39.18543],[-94.33766,39.18074],[-94.34148,39.17747],[-94.34617,39.17388],[-94.35067,39.17142],[-94.35413,39.17045],[-94.35632,39.169],[-94.36154,39.16465],[-94.36356,39.16365],[-94.36598,39.16323],[-94.36748,39.16331],[-94.36942,39.16367],[-94.37161,39.16507],[-94.37517,39.1681],[-94.37784,39.16978],[-94.3785,39.17036],[-94.3801,39.17345],[-94.38232,39.18045],[-94.38483,39.1872],[-94.38973,39.1935],[-94.39503,39.1963],[-94.40173,39.197],[-94.40213,39.197],[-94.40723,39.1953],[-94.40863,39.1936]]]}},{"type":"Feature","properties":{"ZIP":"64060"},"geometry":{"type":"Polygon","coordinates":[[[-94.50015,39.40873],[-94.50003,39.40262],[-94.49165,39.40265],[-94.49167,39.39972],[-94.49555,39.39975],[-94.49558,39.397],[-94.46895,39.39698],[-94.4685,39.39662],[-94.46851,39.39401],[-94.46835,39.39353],[-94.46797,39.3934],[-94.46387,39.3934],[-94.46385,39.3679],[-94.43698,39.36784],[-94.43472,39.3682],[-94.42206,39.36805],[-94.42194,39.36766],[-94.42064,39.36597],[-94.4193,39.36491],[-94.41907,39.36419],[-94.41832,39.36325],[-94.41701,39.36257],[-94.41621,39.3619],[-94.41366,39.3606],[-94.41281,39.35987],[-94.41157,39.35949],[-94.41223,39.35745],[-94.41235,39.35378],[-94.41262,39.35328],[-94.43593,39.35334],[-94.43596,39.33653],[-94.43489,39.33635],[-94.4341,39.33452],[-94.43421,39.33282],[-94.43501,39.33205],[-94.43499,39.33154],[-94.43431,39.33111],[-94.43376,39.32953],[-94.43339,39.32897],[-94.43047,39.32897],[-94.43003,39.32929],[-94.42993,39.32959],[-94.42948,39.32961],[-94.42885,39.32907],[-94.42774,39.32869],[-94.42744,39.32768],[-94.42748,39.32707],[-94.42769,39.32679],[-94.42772,39.32626],[-94.42757,39.32593],[-94.42664,39.32572],[-94.42356,39.32557],[-94.42329,39.32255],[-94.42295,39.32267],[-94.42229,39.32236],[-94.42179,39.3224],[-94.42383,39.31926],[-94.42499,39.31797],[-94.42582,39.31737],[-94.42745,39.31728],[-94.42762,39.31668],[-94.42809,39.31655],[-94.42814,39.31614],[-94.42754,39.31524],[-94.42751,39.31494],[-94.42789,39.31432],[-94.42877,39.31411],[-94.43057,39.31444],[-94.43121,39.31371],[-94.43182,39.31227],[-94.43195,39.31151],[-94.43354,39.31159],[-94.4361,39.31075],[-94.43612,39.30989],[-94.43266,39.3099],[-94.43267,39.30903],[-94.431,39.30903],[-94.43105,39.3027],[-94.42591,39.30268],[-94.42592,39.30037],[-94.42132,39.30037],[-94.42133,39.29711],[-94.41669,39.29711],[-94.41668,39.28771],[-94.41624,39.28638],[-94.41161,39.29507],[-94.41064,39.29535],[-94.40722,39.29516],[-94.38926,39.29499],[-94.38064,39.29566],[-94.38103,39.29589],[-94.38165,39.29757],[-94.38235,39.29813],[-94.38347,39.29869],[-94.38363,39.29897],[-94.38342,39.29931],[-94.38273,39.29885],[-94.38254,39.29932],[-94.38178,39.29996],[-94.38138,39.29981],[-94.38087,39.30143],[-94.38143,39.30157],[-94.38112,39.30216],[-94.38133,39.30217],[-94.38098,39.30263],[-94.38062,39.30278],[-94.37228,39.30285],[-94.37612,39.29561],[-94.37331,39.29568],[-94.37219,39.29599],[-94.37197,39.29583],[-94.36104,39.29928],[-94.36103,39.31084],[-94.36857,39.31],[-94.36623,39.31449],[-94.36584,39.31453],[-94.36464,39.31515],[-94.36415,39.31508],[-94.36405,39.3149],[-94.36421,39.3147],[-94.36382,39.31425],[-94.36376,39.31395],[-94.36429,39.31362],[-94.36424,39.31335],[-94.36451,39.31307],[-94.36448,39.31288],[-94.36412,39.31296],[-94.3632,39.31371],[-94.36128,39.31359],[-94.36124,39.32262],[-94.35609,39.32473],[-94.3402,39.32486],[-94.3368,39.3247],[-94.32348,39.32466],[-94.3235,39.32625],[-94.32319,39.32626],[-94.32344,39.34613],[-94.32197,39.34645],[-94.32231,39.34668],[-94.32291,39.34765],[-94.32322,39.34777],[-94.32322,39.35317],[-94.31319,39.35315],[-94.305,39.35521],[-94.30499,39.36065],[-94.30461,39.36065],[-94.30429,39.37515],[-94.28716,39.37508],[-94.2808,39.38925],[-94.27142,39.38576],[-94.2697,39.38442],[-94.271,39.38347],[-94.27115,39.38319],[-94.27109,39.38272],[-94.27029,39.3822],[-94.27079,39.38146],[-94.27079,39.38106],[-94.27159,39.38043],[-94.27168,39.38017],[-94.27144,39.37908],[-94.272,39.37766],[-94.27055,39.37741],[-94.26898,39.37738],[-94.26792,39.37807],[-94.26688,39.37817],[-94.26506,39.37886],[-94.26444,39.37889],[-94.26322,39.37881],[-94.26101,39.3779],[-94.25999,39.37783],[-94.25969,39.37817],[-94.25672,39.37823],[-94.25584,39.37902],[-94.25586,39.37934],[-94.25667,39.37993],[-94.25608,39.38],[-94.25587,39.38056],[-94.25387,39.37969],[-94.25334,39.37972],[-94.25256,39.38131],[-94.25073,39.38123],[-94.25012,39.38147],[-94.2497,39.38234],[-94.24961,39.38311],[-94.2503,39.38392],[-94.24947,39.38406],[-94.24962,39.38532],[-94.24907,39.3856],[-94.24904,39.38618],[-94.24836,39.38631],[-94.24843,39.38671],[-94.24821,39.38701],[-94.24813,39.38809],[-94.24868,39.38877],[-94.24859,39.38958],[-94.24818,39.38983],[-94.24738,39.38974],[-94.24707,39.39013],[-94.24594,39.39031],[-94.24516,39.39093],[-94.24475,39.3915],[-94.24391,39.39186],[-94.24377,39.392],[-94.24408,39.39264],[-94.24397,39.39302],[-94.24286,39.39392],[-94.24307,39.39431],[-94.243,39.39444],[-94.24214,39.39489],[-94.24187,39.39536],[-94.24164,39.39536],[-94.2415,39.3951],[-94.24085,39.39512],[-94.24004,39.3962],[-94.2397,39.3965],[-94.23912,39.39664],[-94.23833,39.39751],[-94.23623,39.39809],[-94.23675,39.39951],[-94.23721,39.40015],[-94.23758,39.40035],[-94.23842,39.40044],[-94.23908,39.40095],[-94.23919,39.40365],[-94.23936,39.40392],[-94.2438,39.40414],[-94.24376,39.40945],[-94.24641,39.4088],[-94.24731,39.4084],[-94.24843,39.40746],[-94.24856,39.40706],[-94.24864,39.39682],[-94.26716,39.39702],[-94.26706,39.40232],[-94.26681,39.40251],[-94.26673,39.41876],[-94.26697,39.41876],[-94.26695,39.42629],[-94.26658,39.44065],[-94.26743,39.44068],[-94.26737,39.44186],[-94.2672,39.44233],[-94.26722,39.44452],[-94.26709,39.44452],[-94.26702,39.45524],[-94.29986,39.45553],[-94.2955,39.45212],[-94.2953,39.45171],[-94.29512,39.45036],[-94.29491,39.45013],[-94.29219,39.449],[-94.29427,39.44603],[-94.29438,39.44566],[-94.29463,39.43003],[-94.29478,39.42968],[-94.29507,39.42957],[-94.30389,39.42964],[-94.30395,39.426],[-94.29934,39.42591],[-94.29936,39.41854],[-94.2997,39.41797],[-94.30057,39.41769],[-94.30126,39.41781],[-94.30169,39.41772],[-94.30215,39.41802],[-94.30275,39.41803],[-94.30342,39.41752],[-94.30381,39.41741],[-94.30389,39.41715],[-94.3043,39.4169],[-94.30433,39.4163],[-94.30454,39.41605],[-94.30419,39.41558],[-94.30427,39.41486],[-94.30509,39.41395],[-94.30514,39.4136],[-94.30474,39.41306],[-94.30407,39.41256],[-94.30411,39.4119],[-94.30462,39.41178],[-94.30488,39.41101],[-94.30459,39.41072],[-94.30354,39.41075],[-94.30361,39.41018],[-94.30396,39.40976],[-94.30376,39.409],[-94.30437,39.40863],[-94.30443,39.40775],[-94.30469,39.40745],[-94.30544,39.40721],[-94.30592,39.40738],[-94.30641,39.40733],[-94.3068,39.40766],[-94.30714,39.40755],[-94.30722,39.40575],[-94.30705,39.40429],[-94.32458,39.40457],[-94.34186,39.40423],[-94.35279,39.40438],[-94.36117,39.38884],[-94.36234,39.38939],[-94.36265,39.39028],[-94.36414,39.39026],[-94.36479,39.39051],[-94.36559,39.39192],[-94.36572,39.39251],[-94.36662,39.39314],[-94.36753,39.39355],[-94.36901,39.39361],[-94.36963,39.39436],[-94.37051,39.39479],[-94.3719,39.39491],[-94.3724,39.39562],[-94.37368,39.3965],[-94.37369,39.39813],[-94.37385,39.39884],[-94.37407,39.399],[-94.37546,39.39883],[-94.37576,39.39818],[-94.37575,39.39771],[-94.37539,39.39737],[-94.37567,39.39677],[-94.37609,39.39653],[-94.37729,39.3964],[-94.37763,39.39612],[-94.37809,39.39535],[-94.37845,39.39518],[-94.3802,39.39554],[-94.38158,39.39508],[-94.38198,39.39514],[-94.3825,39.39533],[-94.38277,39.39567],[-94.38319,39.39736],[-94.38663,39.39736],[-94.38663,39.39406],[-94.38717,39.394],[-94.38738,39.39437],[-94.38822,39.39463],[-94.38875,39.39438],[-94.38914,39.39452],[-94.39348,39.39452],[-94.39348,39.39429],[-94.39837,39.3943],[-94.39838,39.39738],[-94.40298,39.39739],[-94.40296,39.39875],[-94.40421,39.39941],[-94.40426,39.40191],[-94.40759,39.40192],[-94.40757,39.40465],[-94.42148,39.40476],[-94.42151,39.40697],[-94.42291,39.40734],[-94.4244,39.40805],[-94.42621,39.40825],[-94.42622,39.40973],[-94.4235,39.40974],[-94.42343,39.41863],[-94.42359,39.41937],[-94.43429,39.41935],[-94.4343,39.4121],[-94.43546,39.41211],[-94.43546,39.41168],[-94.44493,39.41144],[-94.44557,39.41128],[-94.44573,39.41131],[-94.44567,39.41165],[-94.44603,39.41109],[-94.44729,39.41064],[-94.44778,39.41063],[-94.44802,39.41089],[-94.44901,39.41057],[-94.44972,39.41056],[-94.44972,39.41013],[-94.44995,39.41007],[-94.45008,39.40966],[-94.45132,39.40963],[-94.45146,39.40951],[-94.45138,39.40914],[-94.45104,39.40893],[-94.45103,39.40874],[-94.45044,39.4087],[-94.45121,39.40854],[-94.45123,39.40842],[-94.45084,39.40824],[-94.45068,39.40787],[-94.45104,39.40753],[-94.45114,39.40794],[-94.4518,39.40816],[-94.45178,39.40878],[-94.4522,39.40976],[-94.45247,39.40952],[-94.4526,39.40971],[-94.45314,39.40945],[-94.4534,39.40974],[-94.45385,39.40978],[-94.45377,39.40913],[-94.45404,39.40891],[-94.45431,39.40807],[-94.4545,39.40858],[-94.45446,39.4091],[-94.45416,39.40929],[-94.4549,39.41017],[-94.45523,39.40985],[-94.45564,39.40986],[-94.45629,39.41034],[-94.45635,39.41092],[-94.45693,39.41096],[-94.45702,39.41112],[-94.45777,39.41132],[-94.45891,39.41196],[-94.45919,39.41186],[-94.45938,39.41264],[-94.46081,39.41492],[-94.46376,39.41888],[-94.46376,39.41703],[-94.46951,39.41765],[-94.48028,39.41788],[-94.48593,39.4177],[-94.49072,39.41704],[-94.49342,39.41597],[-94.49673,39.41376],[-94.49883,39.41189],[-94.50006,39.41008],[-94.50015,39.40873]]]}},{"type":"Feature","properties":{"ZIP":"64061"},"geometry":{"type":"Polygon","coordinates":[[[-94.16127,38.75997],[-94.16033,38.75846],[-94.15762,38.75571],[-94.15468,38.7539],[-94.15367,38.75373],[-94.1535,38.75389],[-94.1527,38.75384],[-94.15276,38.75349],[-94.15229,38.75262],[-94.15277,38.75204],[-94.15175,38.75177],[-94.15175,38.75132],[-94.1516,38.75117],[-94.14971,38.75133],[-94.14931,38.75118],[-94.14899,38.7506],[-94.14798,38.75057],[-94.14764,38.75163],[-94.14747,38.75175],[-94.14686,38.75181],[-94.14657,38.75146],[-94.14723,38.74544],[-94.1468,38.74548],[-94.14748,38.74536],[-94.14817,38.74564],[-94.14905,38.74491],[-94.14908,38.74254],[-94.14966,38.74153],[-94.14994,38.74056],[-94.1502,38.73689],[-94.15166,38.73576],[-94.1519,38.73526],[-94.15187,38.72957],[-94.15229,38.72873],[-94.15231,38.72823],[-94.1538,38.72718],[-94.15366,38.72649],[-94.15309,38.72575],[-94.15299,38.7251],[-94.15398,38.72344],[-94.15385,38.72038],[-94.15408,38.71928],[-94.15408,38.71706],[-94.15462,38.71118],[-94.15532,38.70791],[-94.1556,38.70728],[-94.15485,38.70059],[-94.14574,38.70043],[-94.13937,38.70014],[-94.1276,38.69507],[-94.12752,38.69392],[-94.10895,38.6852],[-94.10879,38.68874],[-94.11635,38.68914],[-94.11604,38.69219],[-94.104,38.69189],[-94.10362,38.69892],[-94.09587,38.69877],[-94.0923,38.69815],[-94.09178,38.69872],[-94.0913,38.69883],[-94.08947,38.69854],[-94.08861,38.69862],[-94.08771,38.69893],[-94.08643,38.6999],[-94.08647,38.70055],[-94.0867,38.70078],[-94.08632,38.70113],[-94.08237,38.70095],[-94.07927,38.70113],[-94.07835,38.70153],[-94.0778,38.70156],[-94.07708,38.70203],[-94.07621,38.70364],[-94.07461,38.70459],[-94.07467,38.70485],[-94.07443,38.70513],[-94.07454,38.70529],[-94.0715,38.70593],[-94.06991,38.70599],[-94.0686,38.72783],[-94.03116,38.72667],[-94.03155,38.71933],[-94.02843,38.71919],[-94.02887,38.7201],[-94.02874,38.72053],[-94.02791,38.72099],[-94.02806,38.72134],[-94.02782,38.72163],[-94.0273,38.72179],[-94.0269,38.7224],[-94.02716,38.72252],[-94.02735,38.72306],[-94.02668,38.72357],[-94.02662,38.72398],[-94.0267,38.72431],[-94.02719,38.7244],[-94.02744,38.72474],[-94.02741,38.72506],[-94.02709,38.72527],[-94.02711,38.72568],[-94.02598,38.72605],[-94.02548,38.72564],[-94.02394,38.72665],[-94.02319,38.72681],[-94.02291,38.72793],[-94.02194,38.72742],[-94.02165,38.72758],[-94.02138,38.73156],[-94.0308,38.73407],[-94.03044,38.74144],[-94.03026,38.74164],[-94.02939,38.75861],[-94.02883,38.75997],[-94.02936,38.76173],[-94.029,38.76263],[-94.02876,38.7674],[-94.02886,38.76922],[-94.02846,38.77336],[-94.0288,38.77329],[-94.02922,38.77289],[-94.02943,38.77225],[-94.02996,38.77194],[-94.03013,38.77135],[-94.0303,38.77125],[-94.03162,38.77176],[-94.03269,38.77271],[-94.03381,38.77234],[-94.0339,38.77243],[-94.03366,38.77275],[-94.03386,38.77295],[-94.03589,38.77317],[-94.03577,38.77373],[-94.03527,38.77387],[-94.03538,38.77448],[-94.03605,38.77478],[-94.03646,38.77456],[-94.03682,38.77465],[-94.03694,38.77483],[-94.03689,38.77532],[-94.03794,38.776],[-94.038,38.77627],[-94.03768,38.77664],[-94.03793,38.77681],[-94.03754,38.77727],[-94.03874,38.77805],[-94.03911,38.77814],[-94.03979,38.77797],[-94.03999,38.77826],[-94.04048,38.77834],[-94.04048,38.77889],[-94.04095,38.77911],[-94.04119,38.77987],[-94.04186,38.78025],[-94.0421,38.78108],[-94.03725,38.7811],[-94.03699,38.78592],[-94.02775,38.7856],[-94.02688,38.80032],[-94.03355,38.80062],[-94.03495,38.80029],[-94.03592,38.80027],[-94.03625,38.80029],[-94.03624,38.80058],[-94.04578,38.80091],[-94.04566,38.80103],[-94.04452,38.8193],[-94.03599,38.819],[-94.03568,38.81982],[-94.03579,38.82008],[-94.03651,38.82051],[-94.03633,38.82099],[-94.03661,38.8218],[-94.03718,38.82169],[-94.03716,38.82244],[-94.03798,38.8228],[-94.03758,38.82349],[-94.0383,38.82404],[-94.03923,38.82519],[-94.03944,38.82592],[-94.03985,38.82616],[-94.03965,38.82667],[-94.03892,38.82718],[-94.03829,38.82734],[-94.038,38.82765],[-94.03805,38.82869],[-94.03947,38.83018],[-94.03978,38.83096],[-94.04036,38.83156],[-94.03965,38.83293],[-94.03993,38.83405],[-94.0393,38.83506],[-94.0388,38.83542],[-94.03883,38.83661],[-94.03991,38.83719],[-94.04253,38.83744],[-94.04314,38.83778],[-94.04336,38.83826],[-94.02449,38.83749],[-94.0244,38.83864],[-94.02911,38.83873],[-94.02857,38.84878],[-94.03484,38.84901],[-94.0346,38.85259],[-94.03404,38.85243],[-94.03372,38.85269],[-94.03157,38.85239],[-94.02362,38.85197],[-94.0236,38.85229],[-94.0262,38.85241],[-94.02613,38.85333],[-94.02628,38.85355],[-94.02768,38.85425],[-94.02789,38.85607],[-94.02785,38.85977],[-94.02694,38.87452],[-94.02715,38.87453],[-94.02743,38.87427],[-94.02773,38.87365],[-94.02768,38.87317],[-94.02792,38.87299],[-94.02782,38.87205],[-94.02804,38.87163],[-94.02833,38.87148],[-94.02806,38.87137],[-94.0282,38.87084],[-94.02913,38.87076],[-94.02949,38.87045],[-94.02979,38.86979],[-94.0309,38.86968],[-94.03102,38.86923],[-94.03178,38.86902],[-94.03199,38.86858],[-94.03415,38.86849],[-94.03449,38.86807],[-94.03523,38.86818],[-94.03553,38.8686],[-94.03616,38.86841],[-94.03722,38.86841],[-94.03761,38.86804],[-94.03768,38.86759],[-94.05198,38.86807],[-94.05876,38.86844],[-94.05959,38.86862],[-94.0596,38.86842],[-94.06139,38.86869],[-94.07984,38.86864],[-94.07984,38.86826],[-94.11651,38.86956],[-94.11716,38.8536],[-94.11774,38.8514],[-94.11785,38.84781],[-94.12261,38.84797],[-94.12263,38.8476],[-94.12361,38.84764],[-94.12359,38.84801],[-94.12484,38.84805],[-94.12486,38.84768],[-94.12612,38.84772],[-94.1261,38.84809],[-94.12736,38.84814],[-94.12768,38.84077],[-94.12297,38.84062],[-94.12344,38.83306],[-94.12078,38.833],[-94.1191,38.83316],[-94.11955,38.83296],[-94.11968,38.83194],[-94.12032,38.82192],[-94.11088,38.82163],[-94.11134,38.81251],[-94.11594,38.81261],[-94.11603,38.81067],[-94.11753,38.81071],[-94.11766,38.80813],[-94.11627,38.80805],[-94.11653,38.80324],[-94.12136,38.80342],[-94.12129,38.79967],[-94.12179,38.78867],[-94.12451,38.78877],[-94.12419,38.7969],[-94.13094,38.79676],[-94.13096,38.79736],[-94.13207,38.7976],[-94.13207,38.79815],[-94.13231,38.79864],[-94.13224,38.79943],[-94.13248,38.79951],[-94.13307,38.79923],[-94.13356,38.79926],[-94.1339,38.79937],[-94.13411,38.79966],[-94.1348,38.80097],[-94.13455,38.8013],[-94.13426,38.80291],[-94.13522,38.80369],[-94.13543,38.80399],[-94.13524,38.80409],[-94.14078,38.80416],[-94.14093,38.80186],[-94.1403,38.80096],[-94.14101,38.78579],[-94.14141,38.7857],[-94.14191,38.78585],[-94.14283,38.78532],[-94.14452,38.7855],[-94.14503,38.78463],[-94.14597,38.78507],[-94.14585,38.78474],[-94.14656,38.78426],[-94.14652,38.78316],[-94.14559,38.78315],[-94.14556,38.78284],[-94.14727,38.78233],[-94.14719,38.78188],[-94.14606,38.78172],[-94.14604,38.78118],[-94.14693,38.78106],[-94.14694,38.78032],[-94.14777,38.78018],[-94.14775,38.77967],[-94.14715,38.77959],[-94.14714,38.77939],[-94.14831,38.77874],[-94.14818,38.77804],[-94.14843,38.77771],[-94.14815,38.77756],[-94.14858,38.77704],[-94.14841,38.77686],[-94.14726,38.77664],[-94.1472,38.77628],[-94.14655,38.77603],[-94.1465,38.77564],[-94.1471,38.77506],[-94.14734,38.77413],[-94.14771,38.77379],[-94.1482,38.77186],[-94.14883,38.77142],[-94.14975,38.77125],[-94.1497,38.77103],[-94.14918,38.77075],[-94.14853,38.77005],[-94.14831,38.76933],[-94.14672,38.76952],[-94.14584,38.76982],[-94.14578,38.76922],[-94.14513,38.76842],[-94.14555,38.76809],[-94.1472,38.76797],[-94.14768,38.76778],[-94.14791,38.76742],[-94.14813,38.76541],[-94.1485,38.76542],[-94.1488,38.76497],[-94.14887,38.76444],[-94.14949,38.76433],[-94.14961,38.76391],[-94.15036,38.76327],[-94.15066,38.76269],[-94.15156,38.7625],[-94.15234,38.7612],[-94.15269,38.76097],[-94.15393,38.76055],[-94.15572,38.76028],[-94.15678,38.75992],[-94.15791,38.75986],[-94.15814,38.75967],[-94.16127,38.75997]]]}},{"type":"Feature","properties":{"ZIP":"64062"},"geometry":{"type":"Polygon","coordinates":[[[-94.27634,39.45555],[-94.27634,39.45528],[-94.26702,39.45524],[-94.26709,39.44452],[-94.26722,39.44452],[-94.2672,39.44233],[-94.26737,39.44186],[-94.26743,39.44068],[-94.26658,39.44065],[-94.26695,39.42629],[-94.26697,39.41876],[-94.26673,39.41876],[-94.26681,39.40251],[-94.26706,39.40232],[-94.26716,39.39702],[-94.24864,39.39682],[-94.24856,39.40706],[-94.24843,39.40746],[-94.24731,39.4084],[-94.24641,39.4088],[-94.24376,39.40945],[-94.2438,39.40414],[-94.23936,39.40392],[-94.23919,39.40365],[-94.23908,39.40095],[-94.23842,39.40044],[-94.23758,39.40035],[-94.23721,39.40015],[-94.23675,39.39951],[-94.23608,39.39785],[-94.2346,39.39677],[-94.21603,39.3967],[-94.21611,39.39079],[-94.21525,39.39134],[-94.21267,39.38959],[-94.21143,39.38938],[-94.21159,39.3858],[-94.2087,39.38569],[-94.20868,39.38651],[-94.20342,39.38648],[-94.20338,39.3932],[-94.21133,39.39324],[-94.21127,39.39642],[-94.20136,39.39622],[-94.20038,39.39556],[-94.2007,39.39465],[-94.2007,39.39396],[-94.19876,39.39236],[-94.19832,39.39158],[-94.19823,39.39062],[-94.19681,39.38936],[-94.19554,39.38922],[-94.19463,39.38797],[-94.19304,39.38758],[-94.19215,39.3876],[-94.19109,39.38788],[-94.19059,39.3884],[-94.19009,39.38865],[-94.18873,39.38863],[-94.18664,39.38737],[-94.18702,39.38577],[-94.18602,39.38424],[-94.18475,39.38353],[-94.18294,39.38311],[-94.18337,39.3824],[-94.18336,39.38157],[-94.1786,39.38152],[-94.1779,39.38169],[-94.1775,39.38154],[-94.1767,39.38154],[-94.17832,39.37634],[-94.17812,39.37271],[-94.1774,39.37191],[-94.17731,39.37148],[-94.1783,39.37069],[-94.1787,39.37012],[-94.17903,39.36996],[-94.17956,39.36997],[-94.17975,39.37084],[-94.18059,39.3713],[-94.18124,39.37092],[-94.18127,39.37036],[-94.18256,39.36958],[-94.18284,39.36892],[-94.18223,39.36889],[-94.1827,39.36712],[-94.17431,39.36708],[-94.174,39.3668],[-94.17339,39.36525],[-94.17327,39.36325],[-94.17244,39.36346],[-94.1723,39.36396],[-94.17183,39.36397],[-94.17167,39.36442],[-94.17097,39.36516],[-94.17047,39.36527],[-94.17001,39.36573],[-94.16969,39.36581],[-94.16956,39.36615],[-94.16915,39.36631],[-94.16908,39.36674],[-94.16849,39.36688],[-94.16833,39.36708],[-94.15456,39.36705],[-94.1545,39.3742],[-94.14516,39.37429],[-94.14518,39.37628],[-94.14636,39.38049],[-94.14531,39.38063],[-94.14502,39.38123],[-94.14484,39.38131],[-94.14122,39.38129],[-94.14115,39.38451],[-94.13575,39.38461],[-94.1359,39.39261],[-94.13559,39.39365],[-94.13532,39.39381],[-94.13358,39.39384],[-94.13343,39.39429],[-94.13305,39.39473],[-94.13169,39.39423],[-94.13028,39.39404],[-94.12916,39.39411],[-94.12821,39.39438],[-94.12707,39.39575],[-94.12523,39.39519],[-94.1067,39.39568],[-94.09826,39.39575],[-94.09824,39.39554],[-94.09804,39.40946],[-94.07702,39.40955],[-94.07706,39.40234],[-94.07454,39.40183],[-94.07359,39.40188],[-94.07324,39.40205],[-94.0728,39.40319],[-94.07031,39.40601],[-94.06944,39.40645],[-94.06806,39.40633],[-94.06775,39.40644],[-94.0675,39.40727],[-94.06691,39.40781],[-94.0644,39.40792],[-94.06342,39.40856],[-94.06278,39.40936],[-94.05849,39.40934],[-94.05833,39.41603],[-94.05878,39.41625],[-94.05922,39.41619],[-94.05934,39.4144],[-94.05996,39.41381],[-94.06069,39.41392],[-94.06096,39.41429],[-94.06123,39.41545],[-94.06149,39.41571],[-94.06184,39.41561],[-94.06205,39.41506],[-94.06288,39.41438],[-94.06294,39.41383],[-94.06255,39.41287],[-94.06252,39.41209],[-94.06276,39.41195],[-94.0635,39.41193],[-94.06562,39.41312],[-94.066,39.41371],[-94.066,39.41474],[-94.06633,39.41509],[-94.0668,39.41502],[-94.06807,39.41422],[-94.0689,39.41438],[-94.06904,39.41458],[-94.06904,39.41522],[-94.06845,39.41678],[-94.06845,39.41767],[-94.06866,39.41831],[-94.06952,39.41939],[-94.07037,39.42005],[-94.07199,39.42058],[-94.07229,39.42104],[-94.07208,39.42136],[-94.07208,39.42186],[-94.07256,39.42262],[-94.07259,39.42326],[-94.07241,39.42355],[-94.07076,39.42477],[-94.07052,39.42513],[-94.07052,39.42571],[-94.0707,39.426],[-94.07143,39.42669],[-94.07208,39.42706],[-94.07382,39.42687],[-94.07506,39.42767],[-94.07668,39.4274],[-94.08119,39.42752],[-94.08253,39.42782],[-94.08764,39.42778],[-94.08796,39.42775],[-94.08861,39.42706],[-94.09177,39.4251],[-94.09314,39.4249],[-94.09462,39.42513],[-94.09619,39.42505],[-94.09686,39.42497],[-94.09734,39.42471],[-94.09785,39.42471],[-94.09767,39.43924],[-94.09153,39.43904],[-94.09153,39.43923],[-94.09304,39.44094],[-94.09425,39.44193],[-94.098,39.44339],[-94.09948,39.44492],[-94.10139,39.44538],[-94.10148,39.44579],[-94.10131,39.44602],[-94.09886,39.44808],[-94.09738,39.44856],[-94.09738,39.44879],[-94.09768,39.44907],[-94.09983,39.4495],[-94.10039,39.45046],[-94.10048,39.45083],[-94.10025,39.45115],[-94.09936,39.45142],[-94.09904,39.45172],[-94.09883,39.45204],[-94.09883,39.4525],[-94.09916,39.45277],[-94.09986,39.45293],[-94.10022,39.45339],[-94.10034,39.45419],[-94.10025,39.45543],[-94.10073,39.4564],[-94.09851,39.45743],[-94.09428,39.45851],[-94.09283,39.45881],[-94.09004,39.45896],[-94.09006,39.4603],[-94.09732,39.46026],[-94.09724,39.46851],[-94.10189,39.47559],[-94.10206,39.48268],[-94.09694,39.48264],[-94.09696,39.47786],[-94.09627,39.47751],[-94.09397,39.47712],[-94.09297,39.47708],[-94.09161,39.47729],[-94.08939,39.47568],[-94.08907,39.47562],[-94.08913,39.47605],[-94.09022,39.47754],[-94.09013,39.47779],[-94.08904,39.47857],[-94.08874,39.47852],[-94.08807,39.47802],[-94.08538,39.47701],[-94.08443,39.47699],[-94.08402,39.47731],[-94.08378,39.47807],[-94.08393,39.47868],[-94.08435,39.47926],[-94.08494,39.4798],[-94.0865,39.48015],[-94.08686,39.48031],[-94.08703,39.48061],[-94.08674,39.48122],[-94.08535,39.48166],[-94.08467,39.48395],[-94.08143,39.48382],[-94.08161,39.48978],[-94.08302,39.48979],[-94.08274,39.50073],[-94.08743,39.50082],[-94.08729,39.50818],[-94.09031,39.50823],[-94.09019,39.51191],[-94.0825,39.51179],[-94.08245,39.51542],[-94.08715,39.51549],[-94.08708,39.51911],[-94.09192,39.51918],[-94.09188,39.52588],[-94.15333,39.52623],[-94.15345,39.52773],[-94.15525,39.52773],[-94.15549,39.52786],[-94.15545,39.52868],[-94.15472,39.52986],[-94.15467,39.53028],[-94.15532,39.53105],[-94.15636,39.53167],[-94.15642,39.53189],[-94.15624,39.53224],[-94.15495,39.53336],[-94.15448,39.53442],[-94.15448,39.53474],[-94.15488,39.53513],[-94.15632,39.53575],[-94.15766,39.53598],[-94.15864,39.53636],[-94.15871,39.53662],[-94.15833,39.53781],[-94.15849,39.53905],[-94.15907,39.53941],[-94.15941,39.53939],[-94.16015,39.53884],[-94.16069,39.53768],[-94.16149,39.53495],[-94.16179,39.53471],[-94.16236,39.53464],[-94.16287,39.53437],[-94.16336,39.53299],[-94.16362,39.53295],[-94.16447,39.53331],[-94.16468,39.53315],[-94.16513,39.5322],[-94.16571,39.53203],[-94.16626,39.53163],[-94.16656,39.53188],[-94.16695,39.53156],[-94.16748,39.5316],[-94.16755,39.5318],[-94.16784,39.53171],[-94.16772,39.53197],[-94.168,39.53206],[-94.1683,39.53188],[-94.16818,39.53173],[-94.16844,39.53164],[-94.16858,39.53191],[-94.16893,39.53204],[-94.1688,39.53229],[-94.16847,39.53235],[-94.16875,39.53254],[-94.16858,39.53273],[-94.16968,39.53357],[-94.16945,39.53379],[-94.16963,39.53398],[-94.16942,39.53416],[-94.16947,39.53428],[-94.17021,39.53464],[-94.17025,39.53486],[-94.17053,39.53496],[-94.17075,39.53527],[-94.171,39.53514],[-94.17119,39.53522],[-94.17114,39.53551],[-94.17195,39.53584],[-94.1718,39.53623],[-94.17298,39.53676],[-94.1729,39.53691],[-94.17318,39.5371],[-94.17349,39.53708],[-94.17382,39.53757],[-94.17399,39.53753],[-94.17467,39.53801],[-94.17502,39.53789],[-94.1753,39.53794],[-94.17536,39.53815],[-94.17606,39.53804],[-94.17587,39.54371],[-94.17756,39.54359],[-94.17804,39.54332],[-94.17816,39.54308],[-94.1785,39.54309],[-94.17911,39.54368],[-94.17958,39.54293],[-94.17991,39.54277],[-94.18046,39.54286],[-94.18062,39.54244],[-94.18082,39.54238],[-94.18103,39.54253],[-94.18151,39.54248],[-94.18159,39.54289],[-94.18212,39.54281],[-94.18225,39.5433],[-94.18253,39.54344],[-94.18287,39.54337],[-94.18317,39.54295],[-94.1835,39.54299],[-94.18394,39.54347],[-94.18424,39.54307],[-94.18545,39.54302],[-94.18563,39.54324],[-94.18558,39.54368],[-94.18595,39.54379],[-94.18626,39.5434],[-94.18685,39.54329],[-94.18638,39.54289],[-94.18685,39.54262],[-94.18732,39.5426],[-94.18725,39.54222],[-94.18785,39.54194],[-94.18834,39.54215],[-94.18814,39.54243],[-94.18823,39.5426],[-94.18892,39.54271],[-94.19026,39.54199],[-94.19157,39.54158],[-94.19348,39.54177],[-94.19441,39.54143],[-94.19403,39.54071],[-94.19455,39.54056],[-94.19477,39.54022],[-94.19539,39.54003],[-94.1954,39.53945],[-94.19612,39.53938],[-94.19629,39.53889],[-94.19711,39.53833],[-94.19766,39.53856],[-94.19825,39.53815],[-94.1985,39.53789],[-94.1985,39.53709],[-94.19898,39.53676],[-94.19852,39.53638],[-94.1987,39.53597],[-94.1984,39.53563],[-94.19927,39.53487],[-94.1997,39.53416],[-94.20008,39.53393],[-94.20014,39.53366],[-94.20075,39.53354],[-94.20043,39.53321],[-94.20035,39.53234],[-94.20016,39.53225],[-94.20012,39.53186],[-94.19993,39.53174],[-94.20004,39.53142],[-94.19981,39.5306],[-94.20057,39.53014],[-94.20048,39.52968],[-94.20009,39.52953],[-94.2005,39.52929],[-94.20041,39.5291],[-94.2007,39.52877],[-94.20044,39.52776],[-94.20024,39.52762],[-94.20027,39.52699],[-94.20846,39.52716],[-94.209,39.51274],[-94.23642,39.51292],[-94.23679,39.48944],[-94.25213,39.48939],[-94.25234,39.48435],[-94.25286,39.4841],[-94.25678,39.48408],[-94.25698,39.48393],[-94.25713,39.47685],[-94.2713,39.47687],[-94.27131,39.4758],[-94.27213,39.47475],[-94.27135,39.47319],[-94.27044,39.47318],[-94.26882,39.47161],[-94.2678,39.47104],[-94.26727,39.47057],[-94.2667,39.47037],[-94.26671,39.46967],[-94.27314,39.46972],[-94.2735,39.46609],[-94.27439,39.4661],[-94.2745,39.46246],[-94.2762,39.46247],[-94.27634,39.45555]]]}},{"type":"Feature","properties":{"ZIP":"64063"},"geometry":{"type":"Polygon","coordinates":[[[-94.40399,38.92597],[-94.40439,38.92596],[-94.40161,38.9189],[-94.40133,38.91886],[-94.40039,38.91707],[-94.39927,38.9159],[-94.39625,38.91329],[-94.3931,38.91065],[-94.3914,38.90957],[-94.38069,38.90426],[-94.37927,38.90373],[-94.3772,38.90326],[-94.37712,38.90312],[-94.35375,38.90271],[-94.35378,38.90248],[-94.33984,38.90201],[-94.32985,38.90172],[-94.32982,38.90201],[-94.30269,38.90114],[-94.30045,38.9008],[-94.29856,38.90018],[-94.2983,38.90068],[-94.29823,38.90181],[-94.29935,38.90185],[-94.29932,38.90266],[-94.3005,38.9027],[-94.30047,38.90342],[-94.30146,38.90346],[-94.30141,38.90466],[-94.30258,38.9047],[-94.30206,38.91484],[-94.2975,38.9147],[-94.29745,38.91565],[-94.31219,38.91609],[-94.31212,38.91734],[-94.31517,38.91743],[-94.31519,38.91618],[-94.362,38.91763],[-94.361,38.92165],[-94.36158,38.92171],[-94.362,38.92201],[-94.3619,38.92443],[-94.36505,38.9245],[-94.36499,38.92587],[-94.37035,38.92601],[-94.37035,38.92646],[-94.37097,38.92598],[-94.37281,38.92551],[-94.37389,38.92615],[-94.37587,38.92621],[-94.37599,38.92495],[-94.38459,38.92511],[-94.40399,38.92597]]]}},{"type":"Feature","properties":{"ZIP":"64064"},"geometry":{"type":"Polygon","coordinates":[[[-94.39026,38.97404],[-94.3902,38.97313],[-94.38995,38.97248],[-94.38859,38.97029],[-94.38848,38.96886],[-94.38557,38.96878],[-94.38611,38.95786],[-94.38673,38.95789],[-94.38711,38.95052],[-94.38256,38.95039],[-94.38277,38.94663],[-94.37578,38.9466],[-94.35953,38.94614],[-94.35922,38.9568],[-94.35902,38.95959],[-94.35858,38.96029],[-94.35772,38.96066],[-94.34616,38.96043],[-94.34477,38.96077],[-94.3441,38.96108],[-94.3438,38.96141],[-94.34303,38.96157],[-94.3427,38.96154],[-94.33571,38.95847],[-94.33507,38.97015],[-94.3342,38.97031],[-94.33363,38.97022],[-94.3333,38.96892],[-94.33267,38.96841],[-94.33234,38.96747],[-94.32505,38.96724],[-94.3249,38.97071],[-94.32056,38.97056],[-94.32061,38.96712],[-94.31651,38.96677],[-94.31646,38.96572],[-94.31537,38.9641],[-94.31449,38.96204],[-94.31424,38.96084],[-94.31447,38.95951],[-94.31212,38.95942],[-94.31237,38.95577],[-94.31254,38.94847],[-94.31103,38.94844],[-94.31118,38.94486],[-94.28214,38.94405],[-94.26162,38.94372],[-94.26134,38.95092],[-94.25663,38.95074],[-94.25644,38.95499],[-94.25675,38.95483],[-94.25713,38.95403],[-94.25865,38.95303],[-94.25987,38.95185],[-94.26112,38.95191],[-94.26108,38.95277],[-94.26129,38.95278],[-94.26112,38.95737],[-94.26282,38.95756],[-94.26297,38.95451],[-94.26571,38.95461],[-94.26555,38.95824],[-94.26407,38.95817],[-94.264,38.96272],[-94.26443,38.96272],[-94.26435,38.96545],[-94.27449,38.96571],[-94.27486,38.95846],[-94.29816,38.95903],[-94.29754,38.97312],[-94.29768,38.97342],[-94.298,38.97362],[-94.29936,38.97369],[-94.29915,38.97425],[-94.29855,38.97473],[-94.29834,38.97581],[-94.29861,38.97649],[-94.29895,38.97668],[-94.29912,38.97709],[-94.29911,38.97793],[-94.29881,38.97844],[-94.29888,38.97882],[-94.29875,38.97923],[-94.29927,38.97985],[-94.29954,38.97988],[-94.30007,38.97888],[-94.30034,38.97896],[-94.30039,38.9797],[-94.30003,38.98041],[-94.30005,38.98074],[-94.30049,38.98128],[-94.30103,38.98161],[-94.30236,38.9821],[-94.30345,38.98124],[-94.30344,38.98159],[-94.30308,38.98233],[-94.30532,38.98423],[-94.30573,38.98407],[-94.30636,38.98316],[-94.30657,38.98256],[-94.30681,38.98243],[-94.30667,38.98384],[-94.30622,38.98487],[-94.30638,38.98522],[-94.30686,38.98532],[-94.30714,38.98521],[-94.30815,38.98379],[-94.30875,38.98335],[-94.30849,38.98408],[-94.30857,38.98427],[-94.30936,38.98412],[-94.30819,38.98548],[-94.30813,38.986],[-94.30871,38.98648],[-94.30961,38.9869],[-94.31047,38.98644],[-94.31032,38.9876],[-94.31107,38.98922],[-94.31132,38.98943],[-94.31217,38.98904],[-94.31274,38.98845],[-94.31343,38.98673],[-94.31426,38.98567],[-94.31391,38.98421],[-94.31411,38.98294],[-94.31458,38.98431],[-94.31494,38.98471],[-94.31522,38.98475],[-94.31551,38.98463],[-94.31626,38.9836],[-94.31744,38.98335],[-94.31815,38.98244],[-94.31813,38.9819],[-94.31901,38.98176],[-94.31924,38.98139],[-94.32837,38.98183],[-94.33038,38.98176],[-94.32965,38.98107],[-94.33132,38.98031],[-94.33339,38.9808],[-94.33454,38.98076],[-94.33418,38.98802],[-94.33295,38.98825],[-94.3309,38.98836],[-94.32903,38.98887],[-94.32628,38.98895],[-94.32507,38.98921],[-94.31796,38.99174],[-94.31682,38.9927],[-94.31616,38.99398],[-94.31563,38.99388],[-94.31485,38.99402],[-94.31292,38.99538],[-94.31202,38.99562],[-94.31149,38.9956],[-94.31161,38.99687],[-94.31219,38.99733],[-94.31314,38.99728],[-94.31415,38.99668],[-94.31155,39.00032],[-94.31152,39.00062],[-94.31179,39.00068],[-94.31165,39.00088],[-94.31202,39.00112],[-94.31415,39.0015],[-94.31429,39.00174],[-94.31398,39.00243],[-94.31438,39.00239],[-94.31535,39.00184],[-94.31597,39.00178],[-94.31724,39.00221],[-94.31735,39.00236],[-94.31722,39.00285],[-94.31819,39.00303],[-94.31835,39.00268],[-94.31893,39.00251],[-94.32069,39.00285],[-94.32111,39.00333],[-94.32118,39.00369],[-94.32362,39.00387],[-94.32615,39.00357],[-94.32786,39.00412],[-94.32916,39.00545],[-94.32924,39.00592],[-94.32897,39.00617],[-94.32763,39.00625],[-94.32633,39.00676],[-94.32615,39.00688],[-94.32592,39.00754],[-94.32734,39.00727],[-94.32823,39.00752],[-94.32924,39.0075],[-94.32951,39.00758],[-94.33009,39.00812],[-94.33018,39.00846],[-94.33,39.00905],[-94.33036,39.00938],[-94.33039,39.00995],[-94.32986,39.01136],[-94.33094,39.01355],[-94.3308,39.01383],[-94.32967,39.01446],[-94.32932,39.0149],[-94.3314,39.01483],[-94.33298,39.01569],[-94.3328,39.02192],[-94.33668,39.02273],[-94.33907,39.02345],[-94.34175,39.02451],[-94.34363,39.02548],[-94.34349,39.02569],[-94.34348,39.02697],[-94.3459,39.02748],[-94.34906,39.0292],[-94.35321,39.03029],[-94.35414,39.02892],[-94.35458,39.02788],[-94.35468,39.027],[-94.35458,39.02614],[-94.3634,39.02631],[-94.36424,39.02537],[-94.36463,39.02447],[-94.36535,39.02401],[-94.36627,39.02383],[-94.36766,39.02396],[-94.3689,39.0238],[-94.3703,39.02397],[-94.37084,39.02372],[-94.37141,39.02306],[-94.37181,39.02286],[-94.37396,39.02329],[-94.37428,39.02321],[-94.37448,39.0229],[-94.3737,39.0219],[-94.37371,39.02151],[-94.37422,39.02054],[-94.37536,39.01993],[-94.37676,39.01989],[-94.37697,39.01971],[-94.37844,39.0197],[-94.37869,39.02004],[-94.37921,39.02025],[-94.38086,39.02066],[-94.38177,39.02068],[-94.38229,39.02046],[-94.38305,39.0195],[-94.38418,39.01884],[-94.38451,39.01808],[-94.38523,39.0178],[-94.38623,39.01785],[-94.38756,39.01737],[-94.38688,39.01638],[-94.38666,39.01531],[-94.38825,39.0068],[-94.38903,39.00518],[-94.38867,39.00371],[-94.38862,39.00265],[-94.38872,39.00116],[-94.38942,38.99793],[-94.38949,38.99589],[-94.3895,38.99343],[-94.3892,38.98877],[-94.3892,38.98346],[-94.38843,38.9834],[-94.38844,38.98148],[-94.38942,38.97623],[-94.39,38.97627],[-94.39026,38.97404]]]}},{"type":"Feature","properties":{"ZIP":"64065"},"geometry":{"type":"Polygon","coordinates":[[[-94.40973,38.95075],[-94.40963,38.94755],[-94.40743,38.94431],[-94.39877,38.94489],[-94.39937,38.94623],[-94.39948,38.94683],[-94.39959,38.94893],[-94.39948,38.94905],[-94.40099,38.95855],[-94.40926,38.9587],[-94.40973,38.95075]]]}},{"type":"Feature","properties":{"ZIP":"64066"},"geometry":{"type":"Polygon","coordinates":[[[-94.15092,39.13791],[-94.15094,39.13763],[-94.14873,39.13687],[-94.14685,39.13641],[-94.14537,39.13625],[-94.14529,39.1352],[-94.12485,39.1307],[-94.12471,39.13248],[-94.12404,39.13237],[-94.12398,39.13252],[-94.12365,39.13875],[-94.12765,39.13883],[-94.12769,39.14022],[-94.12813,39.14142],[-94.12838,39.14173],[-94.12914,39.1421],[-94.13074,39.14215],[-94.1325,39.14181],[-94.13246,39.1424],[-94.14262,39.1424],[-94.14301,39.13932],[-94.1433,39.13988],[-94.14311,39.14493],[-94.14219,39.15082],[-94.14937,39.15108],[-94.15008,39.14774],[-94.15051,39.14746],[-94.15015,39.14712],[-94.15092,39.13791]]]}},{"type":"Feature","properties":{"ZIP":"64068"},"geometry":{"type":"Polygon","coordinates":[[[-94.49311,39.21324],[-94.49312,39.21277],[-94.49167,39.21139],[-94.49103,39.21052],[-94.49061,39.209],[-94.49087,39.20741],[-94.49227,39.20498],[-94.49248,39.20422],[-94.49259,39.19855],[-94.48432,39.1985],[-94.48458,39.19497],[-94.46904,39.19482],[-94.46894,39.19433],[-94.46909,39.19382],[-94.46971,39.19284],[-94.47014,39.19248],[-94.47015,39.19176],[-94.46967,39.19136],[-94.46871,39.19121],[-94.46488,39.18885],[-94.46403,39.18901],[-94.46337,39.18893],[-94.46292,39.18835],[-94.4626,39.18743],[-94.46083,39.18676],[-94.46093,39.18563],[-94.46051,39.18477],[-94.46006,39.18418],[-94.45913,39.1836],[-94.45857,39.18304],[-94.45828,39.18202],[-94.457,39.1816],[-94.457,39.18127],[-94.45615,39.18105],[-94.45225,39.17919],[-94.45225,39.17934],[-94.45094,39.1785],[-94.44975,39.17765],[-94.4489,39.17595],[-94.44863,39.17576],[-94.44785,39.17581],[-94.44765,39.17615],[-94.4473,39.17888],[-94.44703,39.17939],[-94.44719,39.17963],[-94.44717,39.18163],[-94.44658,39.18258],[-94.44624,39.18511],[-94.44514,39.18603],[-94.44385,39.18679],[-94.44296,39.18871],[-94.44208,39.18882],[-94.44159,39.1892],[-94.43807,39.19055],[-94.43719,39.19105],[-94.43661,39.19148],[-94.43611,39.19267],[-94.43526,39.1935],[-94.43458,39.19384],[-94.43148,39.19464],[-94.42916,39.19457],[-94.42855,39.1939],[-94.42711,39.19363],[-94.42691,39.19336],[-94.4261,39.19288],[-94.42443,39.1931],[-94.42351,39.19294],[-94.42305,39.19223],[-94.42307,39.19159],[-94.42232,39.19071],[-94.42048,39.19035],[-94.41992,39.19048],[-94.41962,39.19077],[-94.41949,39.19266],[-94.41936,39.19287],[-94.4182,39.19359],[-94.41343,39.19423],[-94.4121,39.19422],[-94.40863,39.1936],[-94.40723,39.1953],[-94.40213,39.197],[-94.39503,39.1963],[-94.38973,39.1935],[-94.38483,39.1872],[-94.38232,39.18045],[-94.3801,39.17345],[-94.3785,39.17036],[-94.37784,39.16978],[-94.37517,39.1681],[-94.37161,39.16507],[-94.36942,39.16367],[-94.36748,39.16331],[-94.36598,39.16323],[-94.36356,39.16365],[-94.36154,39.16465],[-94.35632,39.169],[-94.35413,39.17045],[-94.35067,39.17142],[-94.34617,39.17388],[-94.34148,39.17747],[-94.33766,39.18074],[-94.33175,39.18709],[-94.332,39.18957],[-94.33064,39.1912],[-94.33073,39.1914],[-94.33051,39.19183],[-94.3296,39.19231],[-94.32894,39.19303],[-94.32842,39.19389],[-94.32858,39.19389],[-94.3285,39.1944],[-94.32811,39.1945],[-94.32697,39.19524],[-94.32589,39.19642],[-94.32544,39.19649],[-94.32592,39.19659],[-94.32602,39.19692],[-94.32573,39.19695],[-94.3256,39.19726],[-94.325,39.19752],[-94.32449,39.19875],[-94.32445,39.19923],[-94.32416,39.19933],[-94.32385,39.20019],[-94.32305,39.20117],[-94.32289,39.20185],[-94.32259,39.20193],[-94.32245,39.20291],[-94.3213,39.2052],[-94.32124,39.2059],[-94.32074,39.20629],[-94.32084,39.20716],[-94.32007,39.20882],[-94.31966,39.20928],[-94.32015,39.20927],[-94.32016,39.20945],[-94.32002,39.20975],[-94.31949,39.2099],[-94.31939,39.21131],[-94.31909,39.21219],[-94.31873,39.2126],[-94.31915,39.21253],[-94.3191,39.21291],[-94.31865,39.21325],[-94.31806,39.21484],[-94.31833,39.21486],[-94.31827,39.21519],[-94.31783,39.21556],[-94.31745,39.21684],[-94.31723,39.21706],[-94.31743,39.21719],[-94.3146,39.22217],[-94.31458,39.23122],[-94.3123,39.23301],[-94.31052,39.23386],[-94.31061,39.23543],[-94.30329,39.24209],[-94.30071,39.2438],[-94.29882,39.24464],[-94.29011,39.24688],[-94.28711,39.24728],[-94.28468,39.24708],[-94.28337,39.24677],[-94.27823,39.24506],[-94.27809,39.25207],[-94.2822,39.25206],[-94.28523,39.25188],[-94.28617,39.25229],[-94.28831,39.25273],[-94.28857,39.25336],[-94.28947,39.25445],[-94.28975,39.25453],[-94.28967,39.25531],[-94.28982,39.2555],[-94.29043,39.2558],[-94.29114,39.25588],[-94.29093,39.25611],[-94.29099,39.2563],[-94.2915,39.25662],[-94.29233,39.25789],[-94.29341,39.25844],[-94.29357,39.25933],[-94.29391,39.26009],[-94.2949,39.26021],[-94.29553,39.26049],[-94.29754,39.26219],[-94.29919,39.26305],[-94.29944,39.2633],[-94.29958,39.26475],[-94.3021,39.26529],[-94.30301,39.26591],[-94.30404,39.26612],[-94.30425,39.26641],[-94.2913,39.26637],[-94.29122,39.27779],[-94.29107,39.28092],[-94.28871,39.28088],[-94.28926,39.28175],[-94.28932,39.28403],[-94.28949,39.28513],[-94.28996,39.28632],[-94.28997,39.28733],[-94.2896,39.2874],[-94.28877,39.28802],[-94.28763,39.28829],[-94.28716,39.28855],[-94.2858,39.28868],[-94.28506,39.28822],[-94.28461,39.28816],[-94.28444,39.2886],[-94.28393,39.28877],[-94.2836,39.28919],[-94.28322,39.28928],[-94.28179,39.29062],[-94.28145,39.29072],[-94.28142,39.291],[-94.28197,39.29122],[-94.28197,39.29141],[-94.28061,39.29139],[-94.28013,39.29204],[-94.27965,39.29343],[-94.2796,39.29451],[-94.28004,39.29463],[-94.27998,39.2949],[-94.27928,39.29537],[-94.27922,39.29594],[-94.27885,39.29603],[-94.27782,39.29674],[-94.27701,39.29681],[-94.27669,39.29947],[-94.27683,39.30021],[-94.27833,39.30271],[-94.28179,39.30182],[-94.2845,39.29952],[-94.28891,39.29784],[-94.2954,39.29712],[-94.29564,39.29722],[-94.29555,39.31001],[-94.31422,39.31018],[-94.31419,39.31326],[-94.31302,39.31352],[-94.31408,39.31447],[-94.31485,39.31458],[-94.3156,39.3152],[-94.31577,39.31561],[-94.3192,39.31388],[-94.32379,39.31385],[-94.32348,39.32466],[-94.3368,39.3247],[-94.3402,39.32486],[-94.35609,39.32473],[-94.36124,39.32262],[-94.36128,39.31359],[-94.3632,39.31371],[-94.36412,39.31296],[-94.36448,39.31288],[-94.36451,39.31307],[-94.36424,39.31335],[-94.36429,39.31362],[-94.36376,39.31395],[-94.36382,39.31425],[-94.36421,39.3147],[-94.36405,39.3149],[-94.36415,39.31508],[-94.36464,39.31515],[-94.36584,39.31453],[-94.36623,39.31449],[-94.36857,39.31],[-94.36103,39.31084],[-94.36104,39.29928],[-94.37197,39.29583],[-94.37219,39.29599],[-94.37331,39.29568],[-94.37612,39.29561],[-94.37228,39.30285],[-94.38062,39.30278],[-94.38098,39.30263],[-94.38133,39.30217],[-94.38112,39.30216],[-94.38143,39.30157],[-94.38087,39.30143],[-94.38138,39.29981],[-94.38178,39.29996],[-94.38254,39.29932],[-94.38273,39.29885],[-94.38342,39.29931],[-94.38363,39.29897],[-94.38347,39.29869],[-94.38235,39.29813],[-94.38165,39.29757],[-94.38103,39.29589],[-94.38064,39.29566],[-94.38926,39.29499],[-94.40722,39.29516],[-94.41064,39.29535],[-94.41161,39.29507],[-94.41624,39.28638],[-94.41668,39.28771],[-94.41669,39.29711],[-94.42133,39.29711],[-94.42132,39.30037],[-94.42592,39.30037],[-94.42591,39.30268],[-94.43105,39.3027],[-94.431,39.30903],[-94.43267,39.30903],[-94.43266,39.3099],[-94.43612,39.30989],[-94.4361,39.31075],[-94.43354,39.31159],[-94.43195,39.31151],[-94.43182,39.31227],[-94.43121,39.31371],[-94.43057,39.31444],[-94.42877,39.31411],[-94.42789,39.31432],[-94.42751,39.31494],[-94.42754,39.31524],[-94.42814,39.31614],[-94.42809,39.31655],[-94.42762,39.31668],[-94.42745,39.31728],[-94.42582,39.31737],[-94.42499,39.31797],[-94.42383,39.31926],[-94.42179,39.3224],[-94.42229,39.32236],[-94.42295,39.32267],[-94.42329,39.32255],[-94.42356,39.32557],[-94.42664,39.32572],[-94.42757,39.32593],[-94.42772,39.32626],[-94.42769,39.32679],[-94.42748,39.32707],[-94.42744,39.32768],[-94.42774,39.32869],[-94.42885,39.32907],[-94.42948,39.32961],[-94.42993,39.32959],[-94.43003,39.32929],[-94.43047,39.32897],[-94.43339,39.32897],[-94.43376,39.32953],[-94.43431,39.33111],[-94.43499,39.33154],[-94.43501,39.33205],[-94.43421,39.33282],[-94.4341,39.33452],[-94.43489,39.33635],[-94.43596,39.33653],[-94.43593,39.35334],[-94.41262,39.35328],[-94.41235,39.35378],[-94.41223,39.35745],[-94.41157,39.35949],[-94.41281,39.35987],[-94.41366,39.3606],[-94.41621,39.3619],[-94.41701,39.36257],[-94.41832,39.36325],[-94.41907,39.36419],[-94.4193,39.36491],[-94.42064,39.36597],[-94.42194,39.36766],[-94.42206,39.36805],[-94.43472,39.3682],[-94.43698,39.36784],[-94.48707,39.36799],[-94.48717,39.35864],[-94.48699,39.34622],[-94.48719,39.34583],[-94.48763,39.34555],[-94.49101,39.34521],[-94.49138,39.34504],[-94.49169,39.34463],[-94.49186,39.33244],[-94.48756,39.33242],[-94.48693,39.33198],[-94.48275,39.33192],[-94.48244,39.33235],[-94.48222,39.33243],[-94.4758,39.33238],[-94.47394,39.33323],[-94.47329,39.33333],[-94.47332,39.31705],[-94.47235,39.31539],[-94.47159,39.31465],[-94.47137,39.31343],[-94.47252,39.31347],[-94.47296,39.31329],[-94.47326,39.31295],[-94.47334,39.30976],[-94.47249,39.30991],[-94.46433,39.30984],[-94.46433,39.30913],[-94.46403,39.30913],[-94.46409,39.30329],[-94.44482,39.30307],[-94.44483,39.29541],[-94.43623,39.2954],[-94.43632,39.28792],[-94.43701,39.28794],[-94.43723,39.28094],[-94.44543,39.281],[-94.44571,39.27371],[-94.44628,39.27371],[-94.44627,39.27035],[-94.44672,39.27035],[-94.44678,39.26689],[-94.44807,39.26615],[-94.45191,39.26769],[-94.45247,39.26696],[-94.45309,39.26664],[-94.45582,39.26651],[-94.45605,39.24771],[-94.45621,39.24609],[-94.45683,39.24604],[-94.45724,39.24471],[-94.46031,39.23925],[-94.47031,39.22478],[-94.4714,39.22346],[-94.49299,39.22354],[-94.49311,39.21324]]]}},{"type":"Feature","properties":{"ZIP":"64070"},"geometry":{"type":"Polygon","coordinates":[[[-94.20516,38.87994],[-94.20534,38.87707],[-94.19176,38.87258],[-94.19284,38.85293],[-94.19458,38.85292],[-94.19505,38.85249],[-94.19529,38.85028],[-94.19656,38.84884],[-94.1975,38.84737],[-94.19756,38.84672],[-94.19788,38.84621],[-94.19773,38.84566],[-94.19796,38.84479],[-94.19739,38.84469],[-94.1973,38.84411],[-94.19742,38.84354],[-94.19817,38.84255],[-94.19836,38.84199],[-94.19825,38.84158],[-94.19761,38.84113],[-94.19763,38.84062],[-94.19819,38.84046],[-94.19852,38.83922],[-94.19978,38.83922],[-94.20005,38.83764],[-94.20186,38.83731],[-94.20248,38.83704],[-94.20251,38.83591],[-94.20232,38.83523],[-94.20091,38.83482],[-94.19402,38.83481],[-94.19379,38.83503],[-94.19364,38.83794],[-94.19346,38.83843],[-94.18453,38.83854],[-94.18441,38.83873],[-94.18413,38.84217],[-94.17492,38.84225],[-94.1753,38.83481],[-94.12815,38.8334],[-94.12604,38.83311],[-94.12344,38.83306],[-94.12297,38.84062],[-94.12768,38.84077],[-94.12736,38.84814],[-94.1261,38.84809],[-94.12612,38.84772],[-94.12486,38.84768],[-94.12484,38.84805],[-94.12359,38.84801],[-94.12361,38.84764],[-94.12263,38.8476],[-94.12261,38.84797],[-94.11785,38.84781],[-94.11774,38.8514],[-94.11716,38.8536],[-94.11651,38.86956],[-94.07984,38.86826],[-94.07972,38.86903],[-94.07909,38.86906],[-94.07877,38.86926],[-94.0768,38.90241],[-94.07709,38.9034],[-94.07673,38.90442],[-94.0761,38.9165],[-94.11019,38.91761],[-94.11331,38.91748],[-94.11418,38.9173],[-94.11418,38.91799],[-94.13312,38.91863],[-94.13315,38.91928],[-94.13551,38.91938],[-94.13533,38.92192],[-94.13728,38.92198],[-94.13717,38.92387],[-94.13532,38.9238],[-94.13496,38.93072],[-94.13259,38.93067],[-94.13248,38.93282],[-94.13264,38.93342],[-94.13435,38.9343],[-94.13579,38.93555],[-94.13689,38.93614],[-94.13882,38.93653],[-94.14014,38.93725],[-94.14121,38.93757],[-94.14327,38.93751],[-94.14739,38.93779],[-94.14823,38.93821],[-94.149,38.93884],[-94.15207,38.94044],[-94.15454,38.94076],[-94.15859,38.94083],[-94.16194,38.94065],[-94.16932,38.94096],[-94.16837,38.95812],[-94.16857,38.95807],[-94.16908,38.95784],[-94.1702,38.95676],[-94.17391,38.95648],[-94.17494,38.95623],[-94.17547,38.95579],[-94.17805,38.95445],[-94.17986,38.95428],[-94.18012,38.95413],[-94.18062,38.95429],[-94.18252,38.95297],[-94.18301,38.9414],[-94.19232,38.94169],[-94.19255,38.93811],[-94.1994,38.93827],[-94.19958,38.93526],[-94.20001,38.9347],[-94.2003,38.93369],[-94.20096,38.9324],[-94.20112,38.93122],[-94.20201,38.93113],[-94.20217,38.93098],[-94.20235,38.92683],[-94.20321,38.92021],[-94.20365,38.91383],[-94.20397,38.90437],[-94.20356,38.90368],[-94.20409,38.90272],[-94.20494,38.88559],[-94.19098,38.88558],[-94.191,38.88322],[-94.19142,38.87833],[-94.1982,38.87834],[-94.19816,38.87951],[-94.19907,38.87982],[-94.19925,38.87899],[-94.20476,38.88088],[-94.20516,38.87994]]]}},{"type":"Feature","properties":{"ZIP":"64072"},"geometry":{"type":"Polygon","coordinates":[[[-94.332,39.18957],[-94.33175,39.18709],[-94.32816,39.19123],[-94.3223,39.19866],[-94.32164,39.20003],[-94.3205,39.20176],[-94.31936,39.20461],[-94.31757,39.21346],[-94.31677,39.21573],[-94.314,39.22127],[-94.31325,39.22231],[-94.31154,39.22357],[-94.31,39.22557],[-94.30893,39.22735],[-94.30803,39.22786],[-94.30461,39.23141],[-94.3017,39.23303],[-94.29511,39.23552],[-94.29079,39.23691],[-94.28987,39.23711],[-94.28791,39.23703],[-94.28586,39.23674],[-94.27833,39.23616],[-94.27823,39.24506],[-94.28337,39.24677],[-94.28468,39.24708],[-94.28711,39.24728],[-94.29011,39.24688],[-94.29882,39.24464],[-94.30071,39.2438],[-94.30329,39.24209],[-94.31061,39.23543],[-94.31052,39.23386],[-94.3123,39.23301],[-94.31458,39.23122],[-94.3146,39.22217],[-94.31743,39.21719],[-94.31723,39.21706],[-94.31745,39.21684],[-94.31783,39.21556],[-94.31827,39.21519],[-94.31833,39.21486],[-94.31806,39.21484],[-94.31865,39.21325],[-94.3191,39.21291],[-94.31915,39.21253],[-94.31873,39.2126],[-94.31909,39.21219],[-94.31939,39.21131],[-94.31949,39.2099],[-94.32002,39.20975],[-94.32016,39.20945],[-94.32015,39.20927],[-94.31966,39.20928],[-94.32007,39.20882],[-94.32084,39.20716],[-94.32074,39.20629],[-94.32124,39.2059],[-94.3213,39.2052],[-94.32245,39.20291],[-94.32259,39.20193],[-94.32289,39.20185],[-94.32305,39.20117],[-94.32385,39.20019],[-94.32416,39.19933],[-94.32445,39.19923],[-94.32449,39.19875],[-94.325,39.19752],[-94.3256,39.19726],[-94.32573,39.19695],[-94.32602,39.19692],[-94.32592,39.19659],[-94.32544,39.19649],[-94.32589,39.19642],[-94.32697,39.19524],[-94.32811,39.1945],[-94.3285,39.1944],[-94.32858,39.19389],[-94.32842,39.19389],[-94.32894,39.19303],[-94.3296,39.19231],[-94.33051,39.19183],[-94.33073,39.1914],[-94.33064,39.1912],[-94.332,39.18957]]]}},{"type":"Feature","properties":{"ZIP":"64074"},"geometry":{"type":"Polygon","coordinates":[[[-94.10932,39.03323],[-94.10032,39.03318],[-94.10018,39.03341],[-94.09994,39.04042],[-94.09234,39.04035],[-94.08365,39.04016],[-94.08358,39.03962],[-94.08244,39.03949],[-94.08213,39.0388],[-94.08181,39.0388],[-94.0815,39.03836],[-94.0811,39.03847],[-94.08041,39.03808],[-94.07974,39.03714],[-94.07884,39.03662],[-94.07734,39.0352],[-94.07591,39.03477],[-94.07561,39.03416],[-94.07456,39.03386],[-94.07384,39.03406],[-94.07356,39.03395],[-94.07346,39.03416],[-94.07241,39.03452],[-94.07228,39.03757],[-94.05391,39.03193],[-94.05384,39.03239],[-94.05359,39.03253],[-94.04872,39.03232],[-94.04846,39.03255],[-94.0481,39.03941],[-94.04781,39.03954],[-94.04344,39.0394],[-94.04289,39.05105],[-94.0433,39.05122],[-94.04373,39.05185],[-94.04457,39.05239],[-94.04462,39.05322],[-94.04508,39.05375],[-94.04478,39.05417],[-94.04494,39.0545],[-94.04483,39.05468],[-94.04515,39.05498],[-94.04495,39.05546],[-94.04518,39.05587],[-94.04485,39.05634],[-94.04445,39.05749],[-94.04457,39.05834],[-94.04486,39.05859],[-94.04476,39.05898],[-94.04498,39.05934],[-94.04487,39.06054],[-94.045,39.06091],[-94.04523,39.06094],[-94.04559,39.06144],[-94.03777,39.06095],[-94.0374,39.0684],[-94.03655,39.06852],[-94.03557,39.06934],[-94.03482,39.06972],[-94.0344,39.07047],[-94.03276,39.07161],[-94.03223,39.07178],[-94.03167,39.08235],[-94.04454,39.08303],[-94.04484,39.08258],[-94.04474,39.08207],[-94.04513,39.08047],[-94.04572,39.08012],[-94.04597,39.07927],[-94.04677,39.07802],[-94.04691,39.07622],[-94.0518,39.07647],[-94.06011,39.07643],[-94.06147,39.07697],[-94.06223,39.07768],[-94.06286,39.07789],[-94.06299,39.07867],[-94.06328,39.07886],[-94.06329,39.07929],[-94.06263,39.07923],[-94.06141,39.0796],[-94.06106,39.07995],[-94.06099,39.08025],[-94.0614,39.0808],[-94.06192,39.08114],[-94.06362,39.08113],[-94.06377,39.08159],[-94.06345,39.08362],[-94.06309,39.08381],[-94.06175,39.08396],[-94.06047,39.08343],[-94.05948,39.08371],[-94.05872,39.08344],[-94.05837,39.08364],[-94.05819,39.08418],[-94.05799,39.08432],[-94.05645,39.08428],[-94.05627,39.08456],[-94.05643,39.08496],[-94.058,39.08554],[-94.0583,39.08593],[-94.05827,39.08632],[-94.05775,39.08648],[-94.05615,39.08602],[-94.05573,39.08605],[-94.05475,39.08737],[-94.05324,39.08798],[-94.05297,39.08831],[-94.05336,39.08962],[-94.05362,39.08989],[-94.05395,39.08991],[-94.05541,39.0894],[-94.05579,39.08944],[-94.05605,39.08981],[-94.05583,39.09015],[-94.05397,39.09119],[-94.05361,39.09261],[-94.0541,39.09324],[-94.05404,39.09369],[-94.05328,39.09442],[-94.05241,39.09449],[-94.05212,39.09505],[-94.05218,39.09528],[-94.05285,39.09565],[-94.05384,39.09676],[-94.05381,39.09743],[-94.05114,39.09735],[-94.05044,39.11875],[-94.05051,39.11902],[-94.05082,39.11915],[-94.05448,39.11931],[-94.055,39.11953],[-94.05512,39.11975],[-94.05513,39.12478],[-94.05489,39.12595],[-94.05498,39.12621],[-94.05589,39.12654],[-94.05745,39.12646],[-94.05961,39.12681],[-94.05961,39.12844],[-94.05988,39.12863],[-94.05984,39.12912],[-94.06036,39.12918],[-94.06078,39.1302],[-94.06269,39.13124],[-94.06357,39.13126],[-94.06424,39.13107],[-94.06398,39.1329],[-94.06658,39.1328],[-94.07216,39.13291],[-94.07995,39.13195],[-94.0877,39.13157],[-94.09079,39.13109],[-94.09382,39.13039],[-94.09594,39.1302],[-94.09747,39.13025],[-94.10523,39.1315],[-94.10522,39.13031],[-94.10563,39.12671],[-94.10596,39.11252],[-94.10629,39.10917],[-94.10606,39.10841],[-94.10742,39.07613],[-94.1087,39.05099],[-94.10932,39.03323]]]}},{"type":"Feature","properties":{"ZIP":"64075"},"geometry":{"type":"Polygon","coordinates":[[[-94.22738,38.96228],[-94.22706,38.96125],[-94.22672,38.96071],[-94.22614,38.9603],[-94.22623,38.95998],[-94.2258,38.95971],[-94.22498,38.95957],[-94.22426,38.95963],[-94.22269,38.95926],[-94.22244,38.959],[-94.22173,38.95897],[-94.22109,38.95915],[-94.22004,38.95906],[-94.2196,38.95943],[-94.21928,38.96083],[-94.21883,38.96087],[-94.21804,38.96004],[-94.21765,38.95872],[-94.21728,38.95833],[-94.21742,38.95763],[-94.21763,38.95748],[-94.21803,38.9574],[-94.21807,38.95763],[-94.21852,38.95773],[-94.21871,38.95752],[-94.21883,38.95696],[-94.21869,38.95613],[-94.21783,38.95578],[-94.21663,38.95572],[-94.21606,38.95587],[-94.2156,38.95625],[-94.21468,38.95638],[-94.21504,38.94957],[-94.21734,38.94963],[-94.21776,38.94406],[-94.21536,38.94398],[-94.21648,38.92052],[-94.20321,38.92021],[-94.20235,38.92683],[-94.20217,38.93098],[-94.20201,38.93113],[-94.20112,38.93122],[-94.20096,38.9324],[-94.2003,38.93369],[-94.20001,38.9347],[-94.19958,38.93526],[-94.1994,38.93827],[-94.19255,38.93811],[-94.19232,38.94169],[-94.18301,38.9414],[-94.18252,38.95297],[-94.18062,38.95429],[-94.18012,38.95413],[-94.17986,38.95428],[-94.17805,38.95445],[-94.17547,38.95579],[-94.17494,38.95623],[-94.17391,38.95648],[-94.1702,38.95676],[-94.16908,38.95784],[-94.16837,38.95812],[-94.16932,38.94096],[-94.16194,38.94065],[-94.15859,38.94083],[-94.15454,38.94076],[-94.15207,38.94044],[-94.149,38.93884],[-94.14823,38.93821],[-94.14739,38.93779],[-94.14327,38.93751],[-94.14121,38.93757],[-94.14014,38.93725],[-94.13882,38.93653],[-94.13689,38.93614],[-94.13579,38.93555],[-94.13435,38.9343],[-94.13264,38.93342],[-94.13248,38.93282],[-94.13259,38.93067],[-94.13496,38.93072],[-94.13532,38.9238],[-94.13717,38.92387],[-94.13728,38.92198],[-94.13533,38.92192],[-94.13551,38.91938],[-94.13315,38.91928],[-94.13312,38.91863],[-94.11418,38.91799],[-94.11418,38.9173],[-94.11331,38.91748],[-94.11019,38.91761],[-94.07757,38.91658],[-94.07776,38.9169],[-94.07744,38.92378],[-94.0913,38.92426],[-94.09108,38.92784],[-94.0818,38.92752],[-94.08161,38.93112],[-94.08738,38.93131],[-94.08719,38.93493],[-94.08832,38.93497],[-94.08811,38.93857],[-94.08677,38.93852],[-94.08663,38.94135],[-94.09039,38.94139],[-94.09031,38.9439],[-94.08985,38.94407],[-94.08957,38.945],[-94.08966,38.94587],[-94.09041,38.94588],[-94.09106,38.94646],[-94.09179,38.94665],[-94.09198,38.94723],[-94.09239,38.94747],[-94.09216,38.94774],[-94.09224,38.94786],[-94.09293,38.94797],[-94.0932,38.9474],[-94.09341,38.94735],[-94.09373,38.94813],[-94.09482,38.94853],[-94.09491,38.94887],[-94.09541,38.94906],[-94.09565,38.94962],[-94.09919,38.94972],[-94.09902,38.95341],[-94.10184,38.95348],[-94.10175,38.9557],[-94.10216,38.95695],[-94.10578,38.95711],[-94.10571,38.95893],[-94.10806,38.95899],[-94.10798,38.96079],[-94.11018,38.96086],[-94.11,38.96448],[-94.1077,38.96441],[-94.10752,38.96805],[-94.11227,38.96818],[-94.11187,38.97537],[-94.11059,38.97534],[-94.11059,38.97455],[-94.10959,38.97455],[-94.10958,38.97516],[-94.1094,38.97532],[-94.10722,38.97528],[-94.10682,38.98254],[-94.107,38.98299],[-94.10691,38.98311],[-94.10719,38.98334],[-94.10694,38.98373],[-94.10734,38.98377],[-94.10764,38.9846],[-94.10739,38.98487],[-94.10751,38.98505],[-94.10708,38.98552],[-94.10715,38.98562],[-94.10631,38.98559],[-94.10689,38.99575],[-94.1017,38.99573],[-94.10139,39.00165],[-94.10138,39.00429],[-94.11032,39.00456],[-94.11001,39.01509],[-94.10958,39.01846],[-94.10957,39.02721],[-94.1087,39.05099],[-94.10742,39.07613],[-94.10606,39.10841],[-94.10629,39.10917],[-94.11544,39.10957],[-94.1161,39.09207],[-94.13479,39.09254],[-94.13484,39.09151],[-94.1443,39.09186],[-94.14623,39.09179],[-94.1465,39.09164],[-94.1467,39.09097],[-94.1466,39.08951],[-94.1505,39.08963],[-94.15067,39.08593],[-94.14917,39.08589],[-94.14947,39.08119],[-94.15404,39.08133],[-94.15415,39.07884],[-94.15401,39.07866],[-94.14948,39.07843],[-94.14958,39.07535],[-94.15434,39.07543],[-94.15435,39.07495],[-94.1589,39.07504],[-94.1588,39.07873],[-94.16302,39.07882],[-94.16359,39.07144],[-94.16374,39.06023],[-94.16439,39.05964],[-94.16453,39.05906],[-94.16535,39.05951],[-94.16577,39.05956],[-94.16653,39.05955],[-94.16728,39.05909],[-94.16847,39.05953],[-94.16874,39.05101],[-94.16989,39.05102],[-94.17004,39.04574],[-94.17363,39.04582],[-94.17375,39.04256],[-94.18348,39.04275],[-94.18486,39.04388],[-94.18558,39.04383],[-94.18783,39.0444],[-94.18811,39.03552],[-94.18302,39.03531],[-94.18192,39.03543],[-94.17407,39.03527],[-94.17419,39.03216],[-94.17501,39.03216],[-94.17608,39.03262],[-94.17662,39.0324],[-94.17719,39.03183],[-94.17731,39.03099],[-94.1772,39.03018],[-94.17663,39.02965],[-94.17569,39.02815],[-94.17584,39.0279],[-94.17651,39.02714],[-94.17682,39.02732],[-94.1774,39.02813],[-94.17826,39.02814],[-94.17875,39.02756],[-94.1789,39.02659],[-94.17986,39.02475],[-94.18038,39.02446],[-94.18092,39.02443],[-94.18118,39.02465],[-94.18119,39.0253],[-94.18155,39.02527],[-94.18241,39.02466],[-94.18296,39.02448],[-94.18262,39.02447],[-94.18229,39.02412],[-94.18236,39.02373],[-94.18326,39.02338],[-94.18383,39.02276],[-94.18439,39.02253],[-94.18458,39.02182],[-94.18442,39.02157],[-94.18415,39.02141],[-94.18343,39.02136],[-94.18279,39.0207],[-94.18268,39.01846],[-94.18231,39.01792],[-94.18228,39.01749],[-94.18265,39.01713],[-94.18396,39.01673],[-94.1855,39.01566],[-94.18614,39.01496],[-94.18637,39.0113],[-94.18602,39.01103],[-94.18595,39.01065],[-94.18606,39.00719],[-94.18584,39.00613],[-94.18587,39.00467],[-94.18573,39.00383],[-94.18599,39.00341],[-94.18589,39.00304],[-94.18545,39.00284],[-94.18476,39.00311],[-94.18266,39.00296],[-94.18191,39.00261],[-94.18085,39.00165],[-94.17979,39.00107],[-94.18002,38.99907],[-94.18041,38.99908],[-94.18067,38.99184],[-94.19903,38.9926],[-94.1991,38.99121],[-94.20003,38.99124],[-94.19988,38.99072],[-94.19966,38.99056],[-94.19967,38.99015],[-94.20233,38.99023],[-94.20239,38.98887],[-94.20842,38.98913],[-94.20861,38.9855],[-94.19936,38.98523],[-94.19999,38.97169],[-94.20021,38.97088],[-94.20066,38.97011],[-94.20634,38.96465],[-94.20748,38.96305],[-94.21456,38.96387],[-94.22681,38.96427],[-94.2266,38.96375],[-94.22694,38.96395],[-94.22677,38.96329],[-94.22701,38.96253],[-94.22738,38.96228]]]}},{"type":"Feature","properties":{"ZIP":"64076"},"geometry":{"type":"Polygon","coordinates":[[[-94.05571,38.98962],[-94.05575,38.98874],[-94.03972,38.98816],[-94.03908,38.98804],[-94.03696,38.98714],[-94.03705,38.98532],[-94.03759,38.98433],[-94.03988,38.98171],[-94.04145,38.98103],[-94.04185,38.98041],[-94.04213,38.97954],[-94.04244,38.97374],[-94.03139,38.97331],[-94.03186,38.97238],[-94.03254,38.9717],[-94.03271,38.97132],[-94.03309,38.97014],[-94.03318,38.96927],[-94.03313,38.96863],[-94.03243,38.96831],[-94.03265,38.96809],[-94.03237,38.9674],[-94.03246,38.96702],[-94.03201,38.96603],[-94.03191,38.96497],[-94.03158,38.96456],[-94.03173,38.96349],[-94.03036,38.96258],[-94.02931,38.96222],[-94.02851,38.9612],[-94.0276,38.96041],[-94.02718,38.96042],[-94.02711,38.96001],[-94.02672,38.96028],[-94.02649,38.95998],[-94.02589,38.96027],[-94.02568,38.9602],[-94.02495,38.95827],[-94.02466,38.958],[-94.02469,38.95694],[-94.02528,38.95589],[-94.025,38.95533],[-94.02472,38.95521],[-94.02463,38.95435],[-94.02475,38.95298],[-94.02801,38.95302],[-94.02826,38.95138],[-94.02953,38.95122],[-94.03093,38.92231],[-94.03413,38.92238],[-94.03489,38.92216],[-94.03541,38.9217],[-94.03563,38.92091],[-94.03594,38.91514],[-94.01282,38.91448],[-94.0131,38.91076],[-94.02029,38.91108],[-94.02064,38.90373],[-94.00181,38.90295],[-93.98815,38.90257],[-93.98825,38.90247],[-93.9831,38.90224],[-93.98331,38.8983],[-93.97764,38.89802],[-93.9779,38.89265],[-93.97398,38.89254],[-93.97426,38.88754],[-93.97385,38.8873],[-93.97384,38.88698],[-93.97754,38.88711],[-93.97868,38.8866],[-93.97909,38.88587],[-93.97973,38.87411],[-93.97995,38.87344],[-93.9806,38.87284],[-93.98047,38.87273],[-93.97907,38.87243],[-93.96468,38.87196],[-93.9474,38.87189],[-93.94659,38.87176],[-93.9456,38.88582],[-93.94451,38.88508],[-93.94416,38.88419],[-93.94372,38.88372],[-93.94381,38.88324],[-93.94466,38.8824],[-93.94501,38.88169],[-93.94506,38.88132],[-93.94461,38.88079],[-93.94341,38.87995],[-93.94204,38.8809],[-93.94164,38.88096],[-93.9411,38.88079],[-93.9394,38.87979],[-93.93921,38.87943],[-93.93927,38.87867],[-93.9387,38.87761],[-93.93705,38.87685],[-93.93661,38.87619],[-93.93535,38.87581],[-93.93498,38.87552],[-93.9344,38.8759],[-93.93396,38.87641],[-93.93354,38.87647],[-93.93319,38.87588],[-93.93279,38.87586],[-93.9309,38.87685],[-93.92967,38.87657],[-93.92903,38.87602],[-93.92807,38.87571],[-93.92813,38.87487],[-93.92261,38.8748],[-93.92282,38.87546],[-93.92273,38.87573],[-93.92298,38.87603],[-93.92263,38.87634],[-93.92315,38.87666],[-93.92344,38.8771],[-93.92377,38.87825],[-93.92421,38.87892],[-93.92428,38.87935],[-93.92409,38.88014],[-93.9243,38.88116],[-93.92399,38.88185],[-93.92306,38.88198],[-93.92293,38.88285],[-93.92267,38.88309],[-93.92049,38.88238],[-93.91842,38.88095],[-93.91823,38.88068],[-93.91823,38.87982],[-93.91799,38.87964],[-93.91635,38.90013],[-93.91216,38.89989],[-93.91162,38.91123],[-93.88736,38.91031],[-93.88783,38.90558],[-93.8868,38.90549],[-93.88677,38.90506],[-93.88604,38.90465],[-93.88591,38.90424],[-93.88542,38.90389],[-93.88476,38.90409],[-93.88432,38.90369],[-93.88345,38.90373],[-93.88313,38.9035],[-93.88245,38.90376],[-93.88196,38.90301],[-93.88123,38.90323],[-93.88062,38.90318],[-93.87977,38.90265],[-93.87945,38.90265],[-93.8793,38.90247],[-93.87949,38.902],[-93.87833,38.90187],[-93.87837,38.90155],[-93.87688,38.90038],[-93.87553,38.89977],[-93.87442,38.89842],[-93.87394,38.89692],[-93.87317,38.89664],[-93.87227,38.89572],[-93.87211,38.89469],[-93.8726,38.89452],[-93.87268,38.89433],[-93.87248,38.89315],[-93.87183,38.89224],[-93.8721,38.89182],[-93.87157,38.89187],[-93.87052,38.89147],[-93.86936,38.89136],[-93.86924,38.89121],[-93.86939,38.8907],[-93.86863,38.8904],[-93.86898,38.89014],[-93.86888,38.88993],[-93.86785,38.88975],[-93.86755,38.88934],[-93.86719,38.88917],[-93.86677,38.88914],[-93.86661,38.88939],[-93.86636,38.88939],[-93.86612,38.88921],[-93.86617,38.8888],[-93.86552,38.88869],[-93.86493,38.88879],[-93.86409,38.88816],[-93.86415,38.88736],[-93.86471,38.88693],[-93.86497,38.88623],[-93.86439,38.88577],[-93.86434,38.88517],[-93.86407,38.88471],[-93.86328,38.88422],[-93.86343,38.88361],[-93.86318,38.88318],[-93.85158,38.88285],[-93.84999,38.90905],[-93.83632,38.90871],[-93.83472,38.93791],[-93.81666,38.93719],[-93.81629,38.94462],[-93.83894,38.94536],[-93.83861,38.95156],[-93.83782,38.95259],[-93.83849,38.9526],[-93.83829,38.95513],[-93.83656,38.95747],[-93.83606,38.95893],[-93.8356,38.95969],[-93.83482,38.96051],[-93.83295,38.96335],[-93.83232,38.96374],[-93.83144,38.96387],[-93.82932,38.96481],[-93.82795,38.96575],[-93.82751,38.96653],[-93.82875,38.96674],[-93.83335,38.96704],[-93.84254,38.96724],[-93.84233,38.9732],[-93.8421,38.97559],[-93.84219,38.97657],[-93.84311,38.97663],[-93.84558,38.97619],[-93.84641,38.97618],[-93.84656,38.97642],[-93.84618,38.97665],[-93.84666,38.97681],[-93.84608,38.97727],[-93.84612,38.97745],[-93.8463,38.97759],[-93.84689,38.97746],[-93.84706,38.97761],[-93.84708,38.97793],[-93.84754,38.97802],[-93.84804,38.97864],[-93.84802,38.97922],[-93.84875,38.97918],[-93.84915,38.97961],[-93.84962,38.97945],[-93.8501,38.9799],[-93.85036,38.9798],[-93.85058,38.97994],[-93.85068,38.97978],[-93.85159,38.97968],[-93.85195,38.98015],[-93.85277,38.98],[-93.85292,38.98025],[-93.85233,38.98039],[-93.85219,38.98061],[-93.85264,38.98062],[-93.85321,38.98096],[-93.85385,38.98106],[-93.85332,38.98126],[-93.85338,38.98166],[-93.85303,38.98258],[-93.85305,38.98353],[-93.85351,38.98427],[-93.85383,38.98607],[-93.8542,38.98641],[-93.85592,38.98633],[-93.85691,38.98678],[-93.8574,38.98752],[-93.85823,38.9878],[-93.85849,38.98868],[-93.85852,38.9895],[-93.85082,38.98927],[-93.85023,38.98939],[-93.85007,38.99461],[-93.85085,38.99475],[-93.85102,38.99501],[-93.85061,39.00366],[-93.85436,39.00309],[-93.85811,39.00333],[-93.86255,39.00425],[-93.88483,39.00504],[-93.88674,39.00489],[-93.88709,39.0047],[-93.88749,39.00414],[-93.888,39.00409],[-93.88789,39.00573],[-93.79648,39.00223],[-93.79118,39.00213],[-93.79119,39.00239],[-93.80625,39.00295],[-93.80861,39.00326],[-93.80932,39.00401],[-93.80991,39.00412],[-93.81031,39.00404],[-93.81093,39.00331],[-93.81217,39.00316],[-93.84338,39.00433],[-93.84466,39.00449],[-93.84805,39.00539],[-93.85051,39.00553],[-93.84997,39.01838],[-93.87771,39.01938],[-93.87686,39.03838],[-93.88618,39.0388],[-93.88604,39.04184],[-93.88614,39.043],[-93.88787,39.04728],[-93.88812,39.04824],[-93.88802,39.05261],[-93.88828,39.05317],[-93.88934,39.05433],[-93.88996,39.05558],[-93.89027,39.05673],[-93.89047,39.05931],[-93.89025,39.06075],[-93.88986,39.06185],[-93.8884,39.06398],[-93.88748,39.06648],[-93.88437,39.07591],[-93.88435,39.07774],[-93.91692,39.07884],[-93.91726,39.07163],[-93.92688,39.07193],[-93.9281,39.0718],[-93.93078,39.07236],[-93.93119,39.07278],[-93.93111,39.07555],[-93.93403,39.07582],[-93.9375,39.07581],[-93.93807,39.07601],[-93.93847,39.07654],[-93.93833,39.07954],[-93.9539,39.08011],[-93.95603,39.07984],[-93.95803,39.07916],[-93.95951,39.07823],[-93.96313,39.07532],[-93.96421,39.07479],[-93.96595,39.07439],[-93.976,39.07368],[-94.00172,39.07429],[-94.00152,39.07477],[-94.00236,39.07511],[-94.00225,39.07568],[-94.00146,39.07603],[-93.99999,39.07598],[-93.99966,39.07631],[-93.99952,39.07678],[-93.99992,39.07721],[-94.0012,39.07732],[-94.00157,39.07752],[-94.00156,39.07779],[-94.00086,39.07849],[-94.00093,39.07886],[-94.00149,39.07937],[-94.00168,39.07991],[-94.0017,39.08042],[-94.00137,39.08114],[-94.00296,39.08261],[-94.0027,39.08298],[-94.00183,39.08321],[-94.00169,39.08368],[-94.00196,39.08405],[-94.00288,39.08446],[-94.00297,39.08467],[-94.00162,39.08453],[-94.00031,39.08494],[-93.99971,39.08559],[-93.99914,39.08556],[-93.99831,39.08581],[-93.99759,39.08572],[-93.99706,39.0859],[-93.99688,39.08617],[-93.99688,39.087],[-93.99615,39.08757],[-93.99596,39.08798],[-93.99724,39.08931],[-93.99741,39.09018],[-93.99686,39.09073],[-93.9959,39.09121],[-93.99701,39.09186],[-93.99749,39.09185],[-93.99818,39.09055],[-93.99908,39.08964],[-93.99973,39.08947],[-94.00034,39.08958],[-94.00115,39.09028],[-94.0016,39.0915],[-94.00195,39.09198],[-94.00254,39.09239],[-94.0032,39.09252],[-94.00451,39.09251],[-94.00642,39.09211],[-94.00766,39.09206],[-94.00778,39.09183],[-94.00744,39.09098],[-94.00764,39.09069],[-94.00808,39.09056],[-94.0087,39.09071],[-94.0093,39.09159],[-94.0105,39.09131],[-94.01198,39.09157],[-94.01835,39.09163],[-94.01938,39.0919],[-94.0217,39.093],[-94.02217,39.09085],[-94.02215,39.08898],[-94.0218,39.08792],[-94.02219,39.08238],[-94.02265,39.08213],[-94.03167,39.08235],[-94.03223,39.07178],[-94.03276,39.07161],[-94.0344,39.07047],[-94.03482,39.06972],[-94.03557,39.06934],[-94.03655,39.06852],[-94.0374,39.0684],[-94.03777,39.06095],[-94.04559,39.06144],[-94.04523,39.06094],[-94.045,39.06091],[-94.04487,39.06054],[-94.04498,39.05934],[-94.04476,39.05898],[-94.04486,39.05859],[-94.04457,39.05834],[-94.04445,39.05749],[-94.04485,39.05634],[-94.04518,39.05587],[-94.04495,39.05546],[-94.04515,39.05498],[-94.04483,39.05468],[-94.04494,39.0545],[-94.04478,39.05417],[-94.04508,39.05375],[-94.04462,39.05322],[-94.04457,39.05239],[-94.04373,39.05185],[-94.0433,39.05122],[-94.04289,39.05105],[-94.04344,39.0394],[-94.04781,39.03954],[-94.0481,39.03941],[-94.04846,39.03255],[-94.04864,39.03233],[-94.05349,39.03254],[-94.05388,39.03233],[-94.05418,39.0253],[-94.04512,39.02485],[-94.04307,39.02516],[-94.0415,39.02505],[-94.03945,39.02467],[-94.03438,39.02442],[-94.03533,39.00252],[-94.05511,39.00332],[-94.05538,38.99654],[-94.05552,38.99655],[-94.05552,38.99607],[-94.0554,38.99606],[-94.05571,38.98962]]]}},{"type":"Feature","properties":{"ZIP":"64077"},"geometry":{"type":"Polygon","coordinates":[[[-94.27832,39.23649],[-94.27833,39.23616],[-94.27387,39.23572],[-94.2674,39.23539],[-94.26294,39.23582],[-94.25932,39.23594],[-94.25732,39.23622],[-94.25543,39.23622],[-94.25005,39.23484],[-94.24913,39.23432],[-94.24487,39.2328],[-94.24331,39.232],[-94.23843,39.22822],[-94.23546,39.22443],[-94.23245,39.21845],[-94.22876,39.21465],[-94.22736,39.21368],[-94.22128,39.21013],[-94.21682,39.208],[-94.21575,39.20768],[-94.21019,39.20655],[-94.20726,39.20632],[-94.20492,39.20653],[-94.19955,39.2082],[-94.19339,39.21154],[-94.19136,39.21248],[-94.1889,39.21346],[-94.18627,39.21408],[-94.1847,39.21429],[-94.17614,39.21415],[-94.17352,39.21383],[-94.17226,39.21338],[-94.1705,39.21231],[-94.16982,39.21149],[-94.16942,39.21061],[-94.16934,39.20954],[-94.16955,39.20855],[-94.17005,39.20735],[-94.17008,39.20504],[-94.17024,39.20448],[-94.17414,39.19877],[-94.17533,39.19719],[-94.17645,39.19604],[-94.18152,39.19261],[-94.18331,39.19111],[-94.18506,39.18928],[-94.18574,39.18803],[-94.18669,39.18508],[-94.18701,39.18468],[-94.18717,39.18413],[-94.18718,39.18333],[-94.18688,39.18244],[-94.18584,39.18103],[-94.18458,39.18026],[-94.18115,39.17901],[-94.17683,39.17812],[-94.16906,39.17776],[-94.1591,39.17684],[-94.15402,39.17626],[-94.14715,39.17517],[-94.13862,39.17313],[-94.13686,39.17257],[-94.13366,39.17124],[-94.12992,39.1689],[-94.12808,39.16743],[-94.12637,39.16578],[-94.1243,39.16329],[-94.12222,39.15931],[-94.11403,39.14971],[-94.10339,39.14242],[-94.09682,39.13916],[-94.0895,39.13629],[-94.08714,39.13554],[-94.08456,39.13505],[-94.07861,39.13425],[-94.07299,39.13402],[-94.06515,39.13413],[-94.06246,39.13428],[-94.05898,39.13482],[-94.05664,39.13554],[-94.05117,39.13804],[-94.04557,39.14084],[-94.04296,39.14252],[-94.03678,39.14732],[-94.03101,39.1509],[-94.02566,39.15388],[-94.02421,39.15454],[-94.02475,39.16069],[-94.02571,39.165],[-94.0269,39.16694],[-94.02846,39.16903],[-94.03407,39.17557],[-94.03518,39.17547],[-94.03544,39.17523],[-94.03544,39.17503],[-94.035,39.17486],[-94.05006,39.1745],[-94.05069,39.1749],[-94.05088,39.17535],[-94.0511,39.17613],[-94.05118,39.17794],[-94.05178,39.17818],[-94.0559,39.17813],[-94.05584,39.18138],[-94.05649,39.19352],[-94.05634,39.19386],[-94.05643,39.19642],[-94.06121,39.19925],[-94.06265,39.19917],[-94.06269,39.20311],[-94.0701,39.20322],[-94.07008,39.20179],[-94.07442,39.20448],[-94.07703,39.20646],[-94.08043,39.20548],[-94.08066,39.20514],[-94.08067,39.20416],[-94.08105,39.20397],[-94.08709,39.2053],[-94.08665,39.20623],[-94.08697,39.20794],[-94.08689,39.20855],[-94.08761,39.21007],[-94.088,39.21312],[-94.08833,39.2136],[-94.08947,39.21466],[-94.09035,39.21506],[-94.09395,39.21866],[-94.09547,39.21948],[-94.09731,39.2198],[-94.09925,39.22099],[-94.09891,39.22193],[-94.09905,39.22665],[-94.09936,39.22714],[-94.10011,39.22764],[-94.09852,39.22925],[-94.0966,39.23153],[-94.08906,39.24246],[-94.08946,39.2426],[-94.09145,39.24261],[-94.09261,39.2419],[-94.0926,39.24227],[-94.09202,39.24331],[-94.09946,39.23977],[-94.09955,39.24016],[-94.09934,39.24039],[-94.09933,39.24119],[-94.0991,39.24103],[-94.09811,39.24125],[-94.09811,39.24181],[-94.0983,39.24199],[-94.09814,39.24221],[-94.09776,39.24228],[-94.09736,39.24312],[-94.09737,39.2434],[-94.09789,39.24312],[-94.09849,39.24346],[-94.09888,39.24388],[-94.10062,39.24692],[-94.10112,39.24714],[-94.10086,39.24736],[-94.10112,39.24775],[-94.10086,39.248],[-94.10091,39.24831],[-94.10118,39.24858],[-94.10112,39.2488],[-94.10094,39.2489],[-94.10056,39.24864],[-94.09985,39.2488],[-94.09942,39.24927],[-94.09955,39.24941],[-94.09993,39.24938],[-94.10008,39.2497],[-94.10009,39.24997],[-94.09973,39.25055],[-94.1,39.25081],[-94.09976,39.25202],[-94.09985,39.2533],[-94.10059,39.25444],[-94.10059,39.25483],[-94.10012,39.25543],[-94.09973,39.25669],[-94.09917,39.25705],[-94.09862,39.25776],[-94.09876,39.25847],[-94.09873,39.25982],[-94.09906,39.26008],[-94.099,39.26042],[-94.09815,39.26133],[-94.09818,39.2617],[-94.09903,39.26191],[-94.09938,39.2622],[-94.09956,39.26259],[-94.0995,39.26303],[-94.09874,39.26367],[-94.09788,39.26401],[-94.09774,39.26474],[-94.09638,39.26568],[-94.09635,39.26603],[-94.09615,39.26626],[-94.09438,39.26646],[-94.09282,39.26827],[-94.09279,39.26852],[-94.09341,39.2688],[-94.0935,39.26898],[-94.09338,39.26916],[-94.09188,39.26996],[-94.09188,39.27033],[-94.09209,39.27054],[-94.09332,39.27092],[-94.09356,39.27127],[-94.09362,39.27184],[-94.09435,39.27198],[-94.09541,39.2728],[-94.0968,39.27346],[-94.09733,39.27497],[-94.09709,39.27584],[-94.09815,39.27635],[-94.09818,39.2771],[-94.09786,39.27866],[-94.0976,39.27914],[-94.09692,39.27916],[-94.09686,39.27932],[-94.09698,39.28051],[-94.09724,39.28104],[-94.09721,39.28164],[-94.09636,39.28257],[-94.0953,39.28303],[-94.09474,39.28365],[-94.09348,39.2845],[-94.09322,39.28599],[-94.09218,39.28602],[-94.09217,39.28918],[-94.0899,39.28918],[-94.0899,39.28961],[-94.07644,39.28956],[-94.07644,39.29045],[-94.07753,39.29048],[-94.07944,39.29167],[-94.07946,39.29315],[-94.08266,39.29495],[-94.08287,39.29561],[-94.0845,39.29678],[-94.0858,39.29737],[-94.08579,39.29941],[-94.09221,39.29944],[-94.0922,39.29928],[-94.09543,39.29924],[-94.09649,39.30049],[-94.09812,39.30054],[-94.09848,39.30067],[-94.09857,39.30374],[-94.09872,39.30432],[-94.0985,39.30711],[-94.10342,39.3059],[-94.10492,39.30507],[-94.10533,39.30511],[-94.10737,39.30561],[-94.11233,39.30854],[-94.11261,39.30758],[-94.11269,39.30305],[-94.11844,39.30184],[-94.125,39.30022],[-94.12798,39.29908],[-94.13596,39.29716],[-94.13596,39.29998],[-94.13577,39.30172],[-94.1358,39.30817],[-94.14931,39.30829],[-94.14985,39.30798],[-94.15006,39.30737],[-94.1501,39.30153],[-94.16259,39.30132],[-94.16278,39.30056],[-94.1632,39.29991],[-94.16409,39.29965],[-94.16419,39.29944],[-94.16395,39.29908],[-94.16416,39.29892],[-94.16531,39.29879],[-94.1656,39.2986],[-94.16553,39.29783],[-94.16476,39.29749],[-94.1647,39.2973],[-94.16489,39.29716],[-94.16518,39.29632],[-94.16604,39.29584],[-94.16676,39.29602],[-94.16745,39.29592],[-94.16774,39.29552],[-94.16729,39.29528],[-94.16712,39.29501],[-94.16724,39.29484],[-94.16787,39.29476],[-94.16817,39.29439],[-94.1686,39.29432],[-94.16948,39.2936],[-94.17064,39.29346],[-94.17064,39.29421],[-94.17075,39.29456],[-94.17104,39.29474],[-94.17158,39.29464],[-94.1719,39.29412],[-94.17225,39.29389],[-94.17286,39.2941],[-94.17321,39.2944],[-94.1724,39.29484],[-94.17257,39.29493],[-94.17312,39.29492],[-94.17385,39.2946],[-94.17412,39.29496],[-94.17472,39.29514],[-94.1751,39.29492],[-94.17584,39.29498],[-94.1775,39.29261],[-94.17894,39.29168],[-94.17937,39.2916],[-94.17993,39.29111],[-94.18062,39.29127],[-94.18089,39.29191],[-94.18139,39.29197],[-94.18164,39.29183],[-94.18174,39.29116],[-94.18196,39.29076],[-94.18163,39.28944],[-94.18192,39.28901],[-94.18338,39.28849],[-94.18349,39.28753],[-94.18383,39.28694],[-94.1929,39.27265],[-94.19288,39.26698],[-94.19253,39.26665],[-94.19012,39.2656],[-94.18623,39.26539],[-94.18591,39.26513],[-94.18582,39.26438],[-94.1855,39.26409],[-94.18063,39.26308],[-94.1785,39.26197],[-94.17628,39.26183],[-94.17254,39.26188],[-94.17136,39.26142],[-94.17166,39.26125],[-94.17278,39.26127],[-94.17356,39.26074],[-94.17379,39.26042],[-94.17363,39.25959],[-94.17385,39.25943],[-94.17408,39.25939],[-94.17478,39.26039],[-94.17505,39.26045],[-94.17555,39.2601],[-94.17561,39.25957],[-94.17697,39.26077],[-94.17942,39.26147],[-94.18064,39.26266],[-94.18099,39.26264],[-94.18128,39.26227],[-94.1807,39.26021],[-94.18099,39.25955],[-94.18131,39.25903],[-94.1818,39.25864],[-94.18292,39.25855],[-94.18358,39.25872],[-94.18435,39.25928],[-94.18512,39.26039],[-94.18556,39.26063],[-94.18678,39.26083],[-94.18787,39.26083],[-94.18916,39.26055],[-94.19067,39.25987],[-94.19179,39.25976],[-94.19253,39.26019],[-94.19267,39.26093],[-94.19244,39.26181],[-94.19294,39.26256],[-94.19331,39.26277],[-94.19404,39.2628],[-94.1944,39.26243],[-94.19491,39.26131],[-94.19556,39.26079],[-94.19827,39.26067],[-94.19891,39.26111],[-94.19897,39.26139],[-94.19878,39.2616],[-94.19685,39.26231],[-94.19625,39.26283],[-94.19622,39.26355],[-94.1968,39.26416],[-94.19876,39.26384],[-94.20065,39.26419],[-94.20408,39.26528],[-94.21213,39.26545],[-94.21211,39.25439],[-94.21251,39.25458],[-94.21694,39.25473],[-94.22004,39.25585],[-94.22163,39.25673],[-94.22167,39.24392],[-94.22627,39.24401],[-94.22628,39.23735],[-94.22965,39.23779],[-94.2341,39.23813],[-94.24563,39.23843],[-94.2445,39.23989],[-94.23977,39.24214],[-94.23772,39.24384],[-94.2369,39.24428],[-94.23509,39.24572],[-94.23311,39.24806],[-94.23276,39.24897],[-94.23253,39.25064],[-94.23052,39.25098],[-94.23074,39.25313],[-94.23167,39.25546],[-94.23245,39.25669],[-94.23361,39.258],[-94.23439,39.25938],[-94.2351,39.26005],[-94.23805,39.26219],[-94.24031,39.26337],[-94.24084,39.26411],[-94.24139,39.26451],[-94.2434,39.26489],[-94.24546,39.26501],[-94.24948,39.26499],[-94.25231,39.26466],[-94.25465,39.26468],[-94.25697,39.26445],[-94.25797,39.26429],[-94.25829,39.26404],[-94.259,39.26148],[-94.25931,39.26102],[-94.26253,39.25991],[-94.26787,39.25895],[-94.27027,39.25884],[-94.27499,39.25892],[-94.27795,39.25861],[-94.27832,39.23649]]]}},{"type":"Feature","properties":{"ZIP":"64078"},"geometry":{"type":"Polygon","coordinates":[[[-94.56306,38.71952],[-94.56323,38.71376],[-94.55439,38.70611],[-94.55447,38.70294],[-94.55046,38.70275],[-94.54928,38.70173],[-94.53808,38.69464],[-94.53804,38.69324],[-94.53932,38.69192],[-94.54006,38.69065],[-94.54032,38.68979],[-94.54039,38.6808],[-94.53989,38.6801],[-94.54,38.67349],[-94.54093,38.67181],[-94.54075,38.67068],[-94.54149,38.67044],[-94.54123,38.66984],[-94.54004,38.66958],[-94.53711,38.66939],[-94.50195,38.66808],[-94.47692,38.64777],[-94.47673,38.64689],[-94.47588,38.64693],[-94.47396,38.64546],[-94.47232,38.64543],[-94.47165,38.64577],[-94.47081,38.64544],[-94.46831,38.64508],[-94.46766,38.64452],[-94.46762,38.64323],[-94.44922,38.64303],[-94.44931,38.63992],[-94.44401,38.63979],[-94.44094,38.63922],[-94.43937,38.63911],[-94.43878,38.63929],[-94.43709,38.64032],[-94.43584,38.64141],[-94.43065,38.64129],[-94.42987,38.6653],[-94.42595,38.66515],[-94.42566,38.67072],[-94.42565,38.67603],[-94.42484,38.6802],[-94.4249,38.68557],[-94.42047,38.67804],[-94.4162,38.6745],[-94.41614,38.67477],[-94.41251,38.67196],[-94.40957,38.67033],[-94.40846,38.67138],[-94.4057,38.66935],[-94.40022,38.66688],[-94.39861,38.66632],[-94.39678,38.66947],[-94.39565,38.67036],[-94.39525,38.6709],[-94.39527,38.67178],[-94.39497,38.67237],[-94.39453,38.67255],[-94.39348,38.67201],[-94.39248,38.67171],[-94.39218,38.67168],[-94.39184,38.67198],[-94.39158,38.67338],[-94.3916,38.67415],[-94.39275,38.67402],[-94.39366,38.67456],[-94.39509,38.67446],[-94.39519,38.67459],[-94.39488,38.67528],[-94.39517,38.67584],[-94.39475,38.67623],[-94.39473,38.67647],[-94.39618,38.67769],[-94.39609,38.67799],[-94.39627,38.6784],[-94.39688,38.67906],[-94.3969,38.67924],[-94.39605,38.6798],[-94.39491,38.68111],[-94.39508,38.68176],[-94.39442,38.68294],[-94.39462,38.68396],[-94.39488,38.68434],[-94.39566,38.68405],[-94.39632,38.68414],[-94.39678,38.68457],[-94.39746,38.68576],[-94.39783,38.68604],[-94.39738,38.68659],[-94.39777,38.68697],[-94.3977,38.68718],[-94.39646,38.68847],[-94.39686,38.68873],[-94.39672,38.68951],[-94.39632,38.69007],[-94.39752,38.69177],[-94.39806,38.69187],[-94.39913,38.69145],[-94.39921,38.69164],[-94.39885,38.69202],[-94.39948,38.69229],[-94.40147,38.69415],[-94.40107,38.69441],[-94.3997,38.69606],[-94.40116,38.69641],[-94.40155,38.69678],[-94.40198,38.69684],[-94.40204,38.69705],[-94.40202,38.69766],[-94.40116,38.69761],[-94.40087,38.70064],[-94.40569,38.70077],[-94.40526,38.71324],[-94.40352,38.71178],[-94.40267,38.71063],[-94.40242,38.71051],[-94.40111,38.71166],[-94.40058,38.71295],[-94.39989,38.71298],[-94.39949,38.71391],[-94.39923,38.71415],[-94.39804,38.71411],[-94.39778,38.71458],[-94.39617,38.71514],[-94.39598,38.7154],[-94.39568,38.72241],[-94.37941,38.72166],[-94.37919,38.72789],[-94.37816,38.72786],[-94.37811,38.72912],[-94.37484,38.72899],[-94.37626,38.7311],[-94.37662,38.73225],[-94.37614,38.75089],[-94.40396,38.75176],[-94.40333,38.76022],[-94.40305,38.7662],[-94.42195,38.7668],[-94.44035,38.76708],[-94.44107,38.75247],[-94.44173,38.75249],[-94.4444,38.75023],[-94.44441,38.75002],[-94.44537,38.74944],[-94.44714,38.75007],[-94.44843,38.75092],[-94.4491,38.7507],[-94.44959,38.75272],[-94.47769,38.75358],[-94.48247,38.75402],[-94.4886,38.75426],[-94.49734,38.75424],[-94.49867,38.75401],[-94.5106,38.75456],[-94.5107,38.7436],[-94.50661,38.74357],[-94.50651,38.73747],[-94.5129,38.7375],[-94.5159,38.7377],[-94.51597,38.73536],[-94.5212,38.73536],[-94.52119,38.73396],[-94.53006,38.73452],[-94.53029,38.72835],[-94.53304,38.72849],[-94.53307,38.72742],[-94.55362,38.7285],[-94.55387,38.72118],[-94.56297,38.72152],[-94.56306,38.71952]]]}},{"type":"Feature","properties":{"ZIP":"64079"},"geometry":{"type":"Polygon","coordinates":[[[-94.91056,39.34966],[-94.91064,39.34833],[-94.91036,39.34604],[-94.91036,39.34473],[-94.90997,39.34347],[-94.90964,39.34064],[-94.90912,39.33852],[-94.90866,39.33356],[-94.9082,39.32572],[-94.90791,39.32345],[-94.90613,39.31472],[-94.90398,39.30858],[-94.90068,39.30187],[-94.89852,39.29845],[-94.89332,39.29277],[-94.8891,39.2888],[-94.88409,39.28451],[-94.8804,39.2822],[-94.87349,39.27966],[-94.86837,39.27821],[-94.85772,39.2741],[-94.85515,39.27296],[-94.84456,39.26746],[-94.83786,39.26241],[-94.83738,39.26288],[-94.8373,39.26355],[-94.83774,39.26686],[-94.8376,39.26764],[-94.83702,39.26858],[-94.83551,39.26949],[-94.82863,39.27233],[-94.82728,39.27326],[-94.82702,39.27388],[-94.83391,39.2799],[-94.83755,39.28498],[-94.83979,39.28898],[-94.83975,39.29541],[-94.83859,39.29541],[-94.83858,39.29576],[-94.83514,39.29576],[-94.83514,39.29592],[-94.81671,39.29575],[-94.81636,39.29852],[-94.81644,39.30415],[-94.81789,39.3043],[-94.81858,39.30497],[-94.81872,39.30542],[-94.82019,39.30566],[-94.82197,39.30703],[-94.82575,39.30731],[-94.82568,39.31835],[-94.82471,39.31835],[-94.82341,39.31923],[-94.82178,39.31976],[-94.82057,39.31984],[-94.81788,39.31981],[-94.81703,39.3185],[-94.81598,39.31801],[-94.81471,39.318],[-94.81183,39.31865],[-94.80976,39.31854],[-94.80735,39.31808],[-94.80683,39.31782],[-94.80645,39.31715],[-94.80665,39.31559],[-94.80724,39.3147],[-94.80792,39.31422],[-94.81059,39.31314],[-94.81282,39.3126],[-94.81325,39.3121],[-94.81321,39.31149],[-94.81152,39.31008],[-94.81033,39.30838],[-94.8081,39.3068],[-94.80618,39.30595],[-94.80469,39.30579],[-94.80103,39.30743],[-94.80048,39.30754],[-94.79967,39.30732],[-94.79947,39.3071],[-94.79984,39.30636],[-94.80094,39.30523],[-94.80301,39.30394],[-94.80514,39.30208],[-94.80725,39.29908],[-94.80891,39.2974],[-94.811,39.29623],[-94.81329,39.29623],[-94.81541,39.29666],[-94.8159,39.29658],[-94.81619,39.29624],[-94.81579,39.2962],[-94.81566,39.29575],[-94.81263,39.29093],[-94.81011,39.28819],[-94.80964,39.28831],[-94.80778,39.28765],[-94.8068,39.28797],[-94.8056,39.28777],[-94.80518,39.28792],[-94.80411,39.28698],[-94.80334,39.28698],[-94.80325,39.28674],[-94.80286,39.28682],[-94.8026,39.28647],[-94.80179,39.28629],[-94.80191,39.28607],[-94.80088,39.28586],[-94.80045,39.28547],[-94.79998,39.28572],[-94.79938,39.28535],[-94.79911,39.2849],[-94.79851,39.28475],[-94.79784,39.28431],[-94.79844,39.28358],[-94.79856,39.28318],[-94.7985,39.28248],[-94.79802,39.28188],[-94.79795,39.28149],[-94.79802,39.27442],[-94.7979,39.27305],[-94.79811,39.2671],[-94.77955,39.26713],[-94.7795,39.27415],[-94.76227,39.27424],[-94.76575,39.28337],[-94.76643,39.28637],[-94.76648,39.28834],[-94.76629,39.28988],[-94.76533,39.29347],[-94.76435,39.29622],[-94.7513,39.2961],[-94.73995,39.29619],[-94.73985,39.30079],[-94.73306,39.3009],[-94.73303,39.31074],[-94.75225,39.31061],[-94.75224,39.31036],[-94.7548,39.31032],[-94.75485,39.31061],[-94.75711,39.3106],[-94.75741,39.31294],[-94.75516,39.32451],[-94.75204,39.33919],[-94.75019,39.33908],[-94.74751,39.33962],[-94.73818,39.33969],[-94.73534,39.33898],[-94.73369,39.33794],[-94.73297,39.33768],[-94.73287,39.35419],[-94.73165,39.35408],[-94.72849,39.3534],[-94.72647,39.35326],[-94.72432,39.35337],[-94.71912,39.35424],[-94.68965,39.35439],[-94.68757,39.35485],[-94.67867,39.35482],[-94.67876,39.35439],[-94.67509,39.35446],[-94.67237,39.35289],[-94.67007,39.35264],[-94.66935,39.3529],[-94.66833,39.35371],[-94.6668,39.35401],[-94.66749,39.35431],[-94.66761,39.35476],[-94.66198,39.35475],[-94.66197,39.354],[-94.66169,39.35444],[-94.66139,39.35458],[-94.6613,39.35518],[-94.66099,39.35563],[-94.66119,39.3559],[-94.66121,39.35629],[-94.66028,39.35733],[-94.66028,39.3576],[-94.66069,39.35797],[-94.66072,39.3582],[-94.65984,39.35859],[-94.65975,39.35927],[-94.6591,39.35932],[-94.65867,39.3605],[-94.65804,39.36074],[-94.65766,39.36112],[-94.65685,39.36114],[-94.65685,39.36141],[-94.65733,39.36168],[-94.65753,39.36229],[-94.65742,39.36313],[-94.65751,39.36508],[-94.65729,39.36566],[-94.65788,39.36594],[-94.65774,39.36634],[-94.65741,39.36644],[-94.65546,39.36798],[-94.65601,39.36883],[-94.65615,39.36965],[-94.65833,39.36917],[-94.66205,39.3691],[-94.66398,39.36879],[-94.67613,39.36881],[-94.676,39.37596],[-94.67637,39.37609],[-94.67621,39.38584],[-94.67146,39.38582],[-94.67144,39.39056],[-94.66673,39.3905],[-94.66669,39.39319],[-94.66643,39.39377],[-94.66558,39.39414],[-94.66313,39.3942],[-94.66231,39.39463],[-94.66204,39.39531],[-94.66187,39.40367],[-94.66135,39.40419],[-94.66002,39.40446],[-94.65929,39.40484],[-94.65885,39.40537],[-94.65837,39.40682],[-94.65926,39.40654],[-94.66019,39.40664],[-94.66065,39.40702],[-94.66629,39.40749],[-94.66653,39.40767],[-94.66677,39.40846],[-94.66791,39.40942],[-94.66844,39.41021],[-94.67,39.41057],[-94.67238,39.41222],[-94.6781,39.41229],[-94.6783,39.41249],[-94.67854,39.41374],[-94.67849,39.4168],[-94.68991,39.417],[-94.68986,39.42225],[-94.68768,39.42182],[-94.68697,39.42181],[-94.68459,39.42219],[-94.68375,39.42257],[-94.68226,39.42436],[-94.68176,39.42562],[-94.6813,39.42771],[-94.6815,39.42812],[-94.68199,39.42833],[-94.68341,39.42825],[-94.68454,39.42771],[-94.68488,39.42733],[-94.68499,39.42642],[-94.68532,39.42571],[-94.68595,39.42506],[-94.68686,39.42475],[-94.68761,39.42485],[-94.68793,39.42528],[-94.68783,39.42564],[-94.68685,39.42638],[-94.68684,39.42693],[-94.7132,39.42685],[-94.71325,39.41254],[-94.71383,39.41221],[-94.7208,39.41223],[-94.72228,39.41178],[-94.72278,39.41148],[-94.72283,39.40542],[-94.7227,39.40498],[-94.72938,39.40501],[-94.75094,39.42493],[-94.75164,39.42581],[-94.75206,39.42665],[-94.77059,39.4266],[-94.77059,39.44048],[-94.77975,39.44038],[-94.77968,39.45168],[-94.78227,39.45158],[-94.78599,39.45099],[-94.78876,39.45109],[-94.78654,39.49024],[-94.78629,39.49558],[-94.78638,39.49855],[-94.79811,39.49848],[-94.79828,39.49859],[-94.79844,39.49932],[-94.79962,39.49979],[-94.80033,39.49978],[-94.80153,39.49742],[-94.80437,39.49779],[-94.80434,39.4964],[-94.80414,39.49591],[-94.8045,39.49541],[-94.80467,39.49483],[-94.80535,39.49423],[-94.80524,39.49365],[-94.80488,39.49356],[-94.8042,39.4937],[-94.80413,39.49335],[-94.80582,39.49268],[-94.80549,39.4915],[-94.80559,39.49014],[-94.80649,39.48873],[-94.80729,39.48836],[-94.8075,39.48801],[-94.80762,39.48707],[-94.80713,39.48668],[-94.80713,39.48649],[-94.80764,39.48638],[-94.80814,39.4867],[-94.80843,39.48665],[-94.80884,39.48602],[-94.8087,39.48556],[-94.80844,39.48536],[-94.80842,39.48506],[-94.8087,39.48477],[-94.80956,39.48454],[-94.80972,39.48436],[-94.80939,39.48414],[-94.8084,39.4841],[-94.80816,39.48374],[-94.80871,39.48325],[-94.80878,39.48292],[-94.8092,39.48269],[-94.80949,39.4831],[-94.81018,39.48327],[-94.81021,39.48407],[-94.81062,39.48392],[-94.8108,39.48259],[-94.81015,39.48208],[-94.81011,39.48173],[-94.81029,39.48149],[-94.81104,39.48151],[-94.81187,39.4822],[-94.81239,39.48224],[-94.81251,39.48141],[-94.8122,39.48026],[-94.81189,39.48],[-94.81186,39.47948],[-94.81203,39.47918],[-94.81272,39.47976],[-94.81358,39.48003],[-94.81425,39.4797],[-94.8142,39.47691],[-94.81734,39.47694],[-94.8174,39.4664],[-94.81726,39.46076],[-94.82028,39.46074],[-94.8202,39.45462],[-94.82195,39.45456],[-94.82195,39.45335],[-94.82163,39.45265],[-94.82198,39.45186],[-94.82181,39.44748],[-94.81257,39.44754],[-94.81229,39.44698],[-94.8123,39.44659],[-94.81279,39.44525],[-94.81307,39.4439],[-94.81378,39.44332],[-94.81499,39.44278],[-94.81607,39.44172],[-94.81567,39.44122],[-94.81497,39.44121],[-94.81477,39.44055],[-94.81379,39.44055],[-94.81308,39.44091],[-94.81227,39.44046],[-94.81217,39.44017],[-94.8125,39.43987],[-94.8134,39.43968],[-94.81407,39.43908],[-94.81425,39.4388],[-94.81426,39.43762],[-94.81485,39.43742],[-94.81563,39.43773],[-94.81597,39.43771],[-94.81621,39.43752],[-94.81662,39.43664],[-94.81662,39.43596],[-94.81636,39.43558],[-94.81535,39.43541],[-94.81482,39.43548],[-94.81426,39.43587],[-94.81399,39.43588],[-94.81376,39.43574],[-94.81376,39.43542],[-94.8141,39.43481],[-94.81399,39.43451],[-94.8141,39.43415],[-94.81468,39.43389],[-94.81471,39.43369],[-94.81431,39.43313],[-94.81438,39.43295],[-94.81471,39.43279],[-94.81532,39.43283],[-94.81588,39.43257],[-94.81684,39.43274],[-94.81792,39.4327],[-94.81824,39.4325],[-94.8183,39.43198],[-94.81807,39.43159],[-94.81751,39.43121],[-94.81688,39.4311],[-94.81648,39.43074],[-94.81631,39.42949],[-94.81657,39.42877],[-94.81719,39.42875],[-94.8178,39.42932],[-94.81822,39.43],[-94.81822,39.42572],[-94.82107,39.42558],[-94.82239,39.42514],[-94.82313,39.42441],[-94.82296,39.42395],[-94.82252,39.42387],[-94.82207,39.42399],[-94.82144,39.4246],[-94.82051,39.4244],[-94.82058,39.42391],[-94.82158,39.42292],[-94.82177,39.42241],[-94.82173,39.4219],[-94.82089,39.42158],[-94.81989,39.42149],[-94.81981,39.42107],[-94.82012,39.42039],[-94.8214,39.41964],[-94.82138,39.41946],[-94.82106,39.41938],[-94.81958,39.41957],[-94.81978,39.41844],[-94.82257,39.41598],[-94.82295,39.41468],[-94.82332,39.41434],[-94.82382,39.41424],[-94.82492,39.41332],[-94.82565,39.41338],[-94.82586,39.41373],[-94.82586,39.4149],[-94.82502,39.41506],[-94.82493,39.41525],[-94.82524,39.4154],[-94.82609,39.41538],[-94.82755,39.4138],[-94.82756,39.41346],[-94.82684,39.41277],[-94.82697,39.41221],[-94.82724,39.41203],[-94.83087,39.41194],[-94.83107,39.41175],[-94.83109,39.41138],[-94.83084,39.41121],[-94.83003,39.4111],[-94.82976,39.41043],[-94.82997,39.41027],[-94.83123,39.41036],[-94.8319,39.41017],[-94.83185,39.40977],[-94.83146,39.40942],[-94.83082,39.40819],[-94.83081,39.40769],[-94.83203,39.40737],[-94.83282,39.406],[-94.83298,39.4054],[-94.8339,39.40504],[-94.8346,39.40393],[-94.83417,39.40294],[-94.8334,39.40236],[-94.83233,39.40207],[-94.832,39.40148],[-94.83225,39.40119],[-94.83324,39.40074],[-94.83412,39.40069],[-94.83488,39.40086],[-94.83511,39.40077],[-94.83516,39.40056],[-94.83474,39.40002],[-94.83296,39.39879],[-94.83237,39.39869],[-94.83141,39.3993],[-94.83003,39.39799],[-94.83075,39.39745],[-94.83156,39.39739],[-94.8321,39.39745],[-94.83348,39.39825],[-94.83375,39.3979],[-94.83367,39.39739],[-94.83404,39.3969],[-94.83501,39.3965],[-94.83585,39.39568],[-94.83697,39.39594],[-94.83744,39.39555],[-94.83737,39.39517],[-94.83708,39.39499],[-94.83701,39.39473],[-94.83736,39.39405],[-94.8376,39.39393],[-94.83763,39.39363],[-94.83587,39.39322],[-94.83569,39.39276],[-94.8359,39.3924],[-94.83653,39.39245],[-94.837,39.39227],[-94.83791,39.39277],[-94.8383,39.39257],[-94.83862,39.39142],[-94.83854,39.39063],[-94.83849,39.39044],[-94.83784,39.39001],[-94.83802,39.38976],[-94.83839,39.38963],[-94.83918,39.38856],[-94.83915,39.38838],[-94.83821,39.38791],[-94.83838,39.38729],[-94.8374,39.38697],[-94.83738,39.38662],[-94.8384,39.3862],[-94.83982,39.38674],[-94.84024,39.38672],[-94.84145,39.38545],[-94.84311,39.38542],[-94.84328,39.38505],[-94.84331,39.38369],[-94.84314,39.38241],[-94.84331,39.38173],[-94.84366,39.38172],[-94.84474,39.38219],[-94.84493,39.38212],[-94.84498,39.38187],[-94.84468,39.38136],[-94.8447,39.38113],[-94.84531,39.38101],[-94.8459,39.38132],[-94.84655,39.38207],[-94.84805,39.38198],[-94.84791,39.3812],[-94.84856,39.38077],[-94.8499,39.3795],[-94.85036,39.37842],[-94.85059,39.3783],[-94.85186,39.37859],[-94.85305,39.37962],[-94.85367,39.37932],[-94.85371,39.37863],[-94.85415,39.37833],[-94.85479,39.37838],[-94.85585,39.37885],[-94.85734,39.37891],[-94.85792,39.37869],[-94.85954,39.37902],[-94.86042,39.37954],[-94.86053,39.37995],[-94.85975,39.38086],[-94.85868,39.38144],[-94.85868,39.38177],[-94.85895,39.38186],[-94.85977,39.38181],[-94.86038,39.3815],[-94.86116,39.38098],[-94.86174,39.38022],[-94.86199,39.38015],[-94.86488,39.38184],[-94.86616,39.38224],[-94.86724,39.3821],[-94.86839,39.3808],[-94.86881,39.3799],[-94.86843,39.37924],[-94.86728,39.37867],[-94.86722,39.37835],[-94.86916,39.37781],[-94.8697,39.37746],[-94.86917,39.37673],[-94.86909,39.37634],[-94.86782,39.37526],[-94.8671,39.37421],[-94.86696,39.37367],[-94.86704,39.37283],[-94.8676,39.3721],[-94.86847,39.37171],[-94.87428,39.37058],[-94.87549,39.37023],[-94.8771,39.37013],[-94.87918,39.37046],[-94.88136,39.37038],[-94.88332,39.36792],[-94.88492,39.36651],[-94.88715,39.36543],[-94.8909,39.36393],[-94.90066,39.36136],[-94.9025,39.36038],[-94.90571,39.35798],[-94.90829,39.35564],[-94.9093,39.3542],[-94.91002,39.35254],[-94.91056,39.34966]]]}},{"type":"Feature","properties":{"ZIP":"64080"},"geometry":{"type":"Polygon","coordinates":[[[-94.4402,38.77076],[-94.44035,38.76708],[-94.42195,38.7668],[-94.40305,38.7662],[-94.40333,38.76022],[-94.40396,38.75176],[-94.37614,38.75089],[-94.37662,38.73225],[-94.37626,38.7311],[-94.37484,38.72899],[-94.34727,38.72802],[-94.34643,38.72724],[-94.34419,38.72383],[-94.34132,38.72173],[-94.34063,38.72096],[-94.33955,38.72089],[-94.33828,38.72039],[-94.33641,38.72033],[-94.33646,38.71619],[-94.33105,38.71612],[-94.33088,38.72022],[-94.30885,38.71952],[-94.31011,38.70893],[-94.31072,38.70502],[-94.30778,38.70489],[-94.30257,38.70985],[-94.30148,38.7106],[-94.29878,38.71196],[-94.29773,38.71224],[-94.29475,38.71254],[-94.2934,38.71289],[-94.29294,38.71244],[-94.29197,38.71269],[-94.29178,38.71255],[-94.29176,38.71224],[-94.29267,38.71169],[-94.29221,38.71056],[-94.29168,38.71016],[-94.2908,38.70992],[-94.2902,38.70914],[-94.28794,38.70813],[-94.28684,38.70712],[-94.28607,38.70607],[-94.2861,38.70559],[-94.28544,38.70446],[-94.28544,38.70422],[-94.28622,38.70329],[-94.28608,38.70259],[-94.28511,38.70226],[-94.28431,38.70271],[-94.28394,38.70268],[-94.28277,38.70189],[-94.28281,38.7016],[-94.28384,38.70083],[-94.28369,38.70034],[-94.28291,38.69968],[-94.28195,38.69932],[-94.28145,38.69892],[-94.28118,38.69906],[-94.28068,38.69769],[-94.28004,38.6976],[-94.28005,38.69675],[-94.27926,38.69695],[-94.27764,38.69699],[-94.27757,38.6976],[-94.27745,38.69775],[-94.27718,38.69771],[-94.27651,38.69664],[-94.27578,38.69636],[-94.27474,38.69562],[-94.27465,38.69534],[-94.27477,38.695],[-94.27453,38.69427],[-94.27325,38.69411],[-94.27278,38.69432],[-94.27237,38.69395],[-94.27257,38.69358],[-94.27242,38.69348],[-94.27117,38.69368],[-94.27052,38.69357],[-94.27015,38.69374],[-94.27,38.69364],[-94.27007,38.69331],[-94.26994,38.69307],[-94.26931,38.69309],[-94.26885,38.69277],[-94.26809,38.69275],[-94.26798,38.69249],[-94.26809,38.69209],[-94.26771,38.69186],[-94.26745,38.69141],[-94.26673,38.69182],[-94.26658,38.69164],[-94.26663,38.69139],[-94.26699,38.69081],[-94.26858,38.69073],[-94.26863,38.6905],[-94.26772,38.69003],[-94.26755,38.68987],[-94.26761,38.68974],[-94.26895,38.68963],[-94.2693,38.68932],[-94.24879,38.68866],[-94.24878,38.68139],[-94.2398,38.68102],[-94.2403,38.67011],[-94.23461,38.66996],[-94.23451,38.67179],[-94.22437,38.67145],[-94.2247,38.66971],[-94.22272,38.66967],[-94.22196,38.67003],[-94.22173,38.67095],[-94.22087,38.68777],[-94.18405,38.68665],[-94.18352,38.68675],[-94.18445,38.67212],[-94.17589,38.67184],[-94.17402,38.70112],[-94.16329,38.70095],[-94.16189,38.70076],[-94.15485,38.70059],[-94.1556,38.70728],[-94.15532,38.70791],[-94.15462,38.71118],[-94.15408,38.71706],[-94.15408,38.71928],[-94.15385,38.72038],[-94.15398,38.72344],[-94.15299,38.7251],[-94.15309,38.72575],[-94.15366,38.72649],[-94.1538,38.72718],[-94.15231,38.72823],[-94.15229,38.72873],[-94.15187,38.72957],[-94.1519,38.73526],[-94.15166,38.73576],[-94.1502,38.73689],[-94.14994,38.74056],[-94.14966,38.74153],[-94.14908,38.74254],[-94.14905,38.74491],[-94.14817,38.74564],[-94.14748,38.74536],[-94.1468,38.74548],[-94.14723,38.74544],[-94.14657,38.75146],[-94.14686,38.75181],[-94.14764,38.75163],[-94.14798,38.75057],[-94.14899,38.7506],[-94.14931,38.75118],[-94.14971,38.75133],[-94.1516,38.75117],[-94.15175,38.75132],[-94.15175,38.75177],[-94.15277,38.75204],[-94.15229,38.75262],[-94.15276,38.75349],[-94.1527,38.75384],[-94.1535,38.75389],[-94.15367,38.75373],[-94.15468,38.7539],[-94.15762,38.75571],[-94.15868,38.75674],[-94.16071,38.75666],[-94.1662,38.75684],[-94.16607,38.76067],[-94.16706,38.76078],[-94.16718,38.76102],[-94.16704,38.76258],[-94.16858,38.76267],[-94.1687,38.76364],[-94.16191,38.76359],[-94.16181,38.76333],[-94.16202,38.76297],[-94.16309,38.76234],[-94.16312,38.76219],[-94.16181,38.76111],[-94.161,38.76066],[-94.16127,38.75997],[-94.15814,38.75967],[-94.15791,38.75986],[-94.15678,38.75992],[-94.15572,38.76028],[-94.15378,38.76059],[-94.15234,38.7612],[-94.15156,38.7625],[-94.15066,38.76269],[-94.15036,38.76327],[-94.14961,38.76391],[-94.14949,38.76433],[-94.14887,38.76444],[-94.1488,38.76497],[-94.1485,38.76542],[-94.14813,38.76541],[-94.14787,38.76758],[-94.1472,38.76797],[-94.14527,38.76819],[-94.14512,38.76851],[-94.14578,38.76922],[-94.14584,38.76982],[-94.14672,38.76952],[-94.14831,38.76933],[-94.14853,38.77005],[-94.14918,38.77075],[-94.1497,38.77103],[-94.14975,38.77125],[-94.14883,38.77142],[-94.1482,38.77186],[-94.14771,38.77379],[-94.14734,38.77413],[-94.1471,38.77506],[-94.1465,38.77564],[-94.14655,38.77603],[-94.1472,38.77628],[-94.14726,38.77664],[-94.14841,38.77686],[-94.14858,38.77704],[-94.14815,38.77756],[-94.14843,38.77771],[-94.14818,38.77804],[-94.14831,38.77874],[-94.14714,38.77939],[-94.14715,38.77959],[-94.14775,38.77967],[-94.14777,38.78018],[-94.14694,38.78032],[-94.14693,38.78106],[-94.14604,38.78118],[-94.14606,38.78172],[-94.14719,38.78188],[-94.14727,38.78233],[-94.14556,38.78284],[-94.14559,38.78315],[-94.14652,38.78316],[-94.14656,38.78426],[-94.14585,38.78474],[-94.14597,38.78507],[-94.14503,38.78463],[-94.14452,38.7855],[-94.14283,38.78532],[-94.14191,38.78585],[-94.14141,38.7857],[-94.14101,38.78579],[-94.1403,38.80096],[-94.14093,38.80186],[-94.14078,38.80416],[-94.13524,38.80409],[-94.13543,38.80399],[-94.13522,38.80369],[-94.13426,38.80291],[-94.13455,38.8013],[-94.1348,38.80097],[-94.13411,38.79966],[-94.1339,38.79937],[-94.13356,38.79926],[-94.13307,38.79923],[-94.13248,38.79951],[-94.13224,38.79943],[-94.13231,38.79864],[-94.13207,38.79815],[-94.13207,38.7976],[-94.13096,38.79736],[-94.13094,38.79676],[-94.12419,38.7969],[-94.12451,38.78877],[-94.12179,38.78867],[-94.12129,38.79967],[-94.12136,38.80342],[-94.11653,38.80324],[-94.11627,38.80805],[-94.11766,38.80813],[-94.11753,38.81071],[-94.11603,38.81067],[-94.11594,38.81261],[-94.11134,38.81251],[-94.11088,38.82163],[-94.12032,38.82192],[-94.11968,38.83194],[-94.11955,38.83296],[-94.1191,38.83316],[-94.12078,38.833],[-94.12604,38.83311],[-94.12815,38.8334],[-94.1753,38.83481],[-94.17492,38.84225],[-94.18413,38.84217],[-94.18441,38.83873],[-94.18462,38.8385],[-94.19346,38.83843],[-94.19364,38.83794],[-94.19379,38.83503],[-94.19402,38.83481],[-94.20091,38.83482],[-94.20232,38.83523],[-94.20242,38.83545],[-94.20248,38.83704],[-94.20186,38.83731],[-94.20181,38.83827],[-94.20271,38.83865],[-94.20305,38.83909],[-94.20354,38.83938],[-94.20391,38.83994],[-94.20499,38.84024],[-94.20525,38.84147],[-94.20518,38.8427],[-94.20563,38.84277],[-94.20573,38.84312],[-94.20625,38.84348],[-94.20631,38.84371],[-94.2069,38.84371],[-94.20716,38.84401],[-94.20803,38.84392],[-94.20798,38.84453],[-94.20957,38.84504],[-94.21096,38.84513],[-94.21245,38.84486],[-94.21307,38.84502],[-94.21329,38.84563],[-94.21353,38.84577],[-94.21431,38.8459],[-94.21523,38.84565],[-94.2154,38.84583],[-94.21535,38.84622],[-94.21583,38.84657],[-94.21662,38.84694],[-94.21756,38.84706],[-94.21879,38.8467],[-94.21939,38.84669],[-94.22046,38.84623],[-94.22122,38.84654],[-94.2234,38.84653],[-94.22549,38.84696],[-94.22621,38.83486],[-94.22724,38.83486],[-94.22712,38.83668],[-94.22838,38.83668],[-94.22829,38.8385],[-94.22922,38.8385],[-94.22912,38.84213],[-94.2304,38.84213],[-94.23022,38.84574],[-94.24093,38.84579],[-94.24081,38.84784],[-94.24868,38.84781],[-94.2486,38.84941],[-94.26714,38.84949],[-94.26795,38.83503],[-94.28759,38.83508],[-94.31657,38.8361],[-94.32033,38.83605],[-94.32463,38.83659],[-94.33536,38.83692],[-94.33525,38.83611],[-94.335,38.83583],[-94.33313,38.83513],[-94.33188,38.83412],[-94.33054,38.8335],[-94.32955,38.83275],[-94.32954,38.82212],[-94.32098,38.82179],[-94.32109,38.82042],[-94.32083,38.81966],[-94.3187,38.81692],[-94.31714,38.81557],[-94.31675,38.8149],[-94.31694,38.81115],[-94.32634,38.81144],[-94.32656,38.80734],[-94.3359,38.8077],[-94.33577,38.80938],[-94.33728,38.80941],[-94.33741,38.80775],[-94.34131,38.80799],[-94.34171,38.8128],[-94.34277,38.81414],[-94.34412,38.81441],[-94.34475,38.81504],[-94.34546,38.81536],[-94.35302,38.81586],[-94.35344,38.80858],[-94.35673,38.80864],[-94.35674,38.80757],[-94.36374,38.80779],[-94.36383,38.80896],[-94.36831,38.80901],[-94.36832,38.81314],[-94.37297,38.81322],[-94.37298,38.813],[-94.37315,38.813],[-94.37283,38.82302],[-94.37641,38.8231],[-94.37711,38.82328],[-94.37764,38.82362],[-94.37779,38.82345],[-94.37859,38.82386],[-94.3794,38.82369],[-94.37959,38.82284],[-94.37986,38.82276],[-94.38057,38.82294],[-94.38101,38.82238],[-94.38113,38.82148],[-94.38086,38.82086],[-94.38113,38.82033],[-94.3811,38.82004],[-94.38078,38.81973],[-94.38123,38.81918],[-94.38107,38.81777],[-94.38159,38.81779],[-94.38197,38.81687],[-94.38332,38.81558],[-94.38385,38.81578],[-94.38467,38.81551],[-94.38478,38.81535],[-94.3847,38.81485],[-94.38486,38.81481],[-94.38599,38.81497],[-94.38695,38.8149],[-94.38724,38.81467],[-94.38731,38.81433],[-94.38789,38.81408],[-94.38744,38.8135],[-94.38875,38.8134],[-94.38998,38.81216],[-94.39018,38.81221],[-94.39041,38.81262],[-94.39136,38.81267],[-94.39235,38.81204],[-94.39284,38.81205],[-94.39373,38.81177],[-94.3939,38.81125],[-94.39371,38.81091],[-94.39429,38.8102],[-94.39554,38.81024],[-94.39592,38.81046],[-94.39675,38.81053],[-94.39688,38.81068],[-94.39818,38.81032],[-94.3983,38.81005],[-94.39755,38.81003],[-94.39773,38.80565],[-94.39231,38.80557],[-94.39225,38.80719],[-94.38759,38.80702],[-94.38764,38.80602],[-94.38301,38.80589],[-94.3832,38.80224],[-94.3737,38.80207],[-94.37388,38.79844],[-94.37863,38.79849],[-94.37882,38.79483],[-94.39823,38.79533],[-94.39968,38.7947],[-94.40184,38.79544],[-94.40242,38.7808],[-94.43971,38.78171],[-94.4402,38.77076]]]}},{"type":"Feature","properties":{"ZIP":"64081"},"geometry":{"type":"Polygon","coordinates":[[[-94.45865,38.90561],[-94.45873,38.9045],[-94.45347,38.90433],[-94.45335,38.90591],[-94.45141,38.90594],[-94.45169,38.90429],[-94.45164,38.90324],[-94.45142,38.90324],[-94.45182,38.90281],[-94.45177,38.89895],[-94.45089,38.89889],[-94.44974,38.89828],[-94.44828,38.89808],[-94.4479,38.89823],[-94.44243,38.89831],[-94.44237,38.89528],[-94.44267,38.89462],[-94.44293,38.89111],[-94.39991,38.88959],[-94.39655,38.88966],[-94.37782,38.88892],[-94.37792,38.88782],[-94.37673,38.8878],[-94.37537,38.88699],[-94.37489,38.88688],[-94.37438,38.88698],[-94.37403,38.88732],[-94.37397,38.88827],[-94.37414,38.88886],[-94.37287,38.88866],[-94.36556,38.88843],[-94.36483,38.88803],[-94.36292,38.88535],[-94.3628,38.88488],[-94.36302,38.88011],[-94.36272,38.87948],[-94.36192,38.87923],[-94.35798,38.87909],[-94.35768,38.8809],[-94.35744,38.881],[-94.35953,38.88486],[-94.35927,38.88944],[-94.35629,38.88924],[-94.35648,38.887],[-94.3486,38.88673],[-94.34834,38.89245],[-94.34034,38.8924],[-94.34021,38.89507],[-94.33062,38.89479],[-94.32985,38.90172],[-94.35378,38.90248],[-94.35375,38.90271],[-94.37312,38.90313],[-94.37302,38.90298],[-94.37515,38.90301],[-94.37712,38.90312],[-94.3772,38.90326],[-94.37927,38.90373],[-94.38069,38.90426],[-94.39249,38.91021],[-94.39927,38.9159],[-94.40039,38.91707],[-94.40133,38.91886],[-94.40161,38.9189],[-94.40439,38.92596],[-94.40399,38.92597],[-94.40809,38.9407],[-94.44788,38.94257],[-94.44858,38.93004],[-94.44878,38.92806],[-94.44971,38.92811],[-94.45084,38.91492],[-94.45072,38.91314],[-94.45804,38.91343],[-94.45865,38.90561]]]}},{"type":"Feature","properties":{"ZIP":"64082"},"geometry":{"type":"Polygon","coordinates":[[[-94.4711,38.87382],[-94.46255,38.8735],[-94.46272,38.86981],[-94.4438,38.86912],[-94.44378,38.86967],[-94.43498,38.86935],[-94.43499,38.86885],[-94.42965,38.86875],[-94.43117,38.83961],[-94.39945,38.83881],[-94.40107,38.81012],[-94.3983,38.81005],[-94.39806,38.81043],[-94.39688,38.81068],[-94.39675,38.81053],[-94.39592,38.81046],[-94.39554,38.81024],[-94.39429,38.8102],[-94.39371,38.81091],[-94.3939,38.81125],[-94.39373,38.81177],[-94.39284,38.81205],[-94.39235,38.81204],[-94.39136,38.81267],[-94.39041,38.81262],[-94.39018,38.81221],[-94.38998,38.81216],[-94.38875,38.8134],[-94.38744,38.8135],[-94.38789,38.81408],[-94.38731,38.81433],[-94.38724,38.81467],[-94.38695,38.8149],[-94.38599,38.81497],[-94.38486,38.81481],[-94.3847,38.81485],[-94.38478,38.81535],[-94.38467,38.81551],[-94.38385,38.81578],[-94.38339,38.81555],[-94.38276,38.81602],[-94.38181,38.81708],[-94.38159,38.81779],[-94.38107,38.81777],[-94.38123,38.81918],[-94.38078,38.81973],[-94.3811,38.82004],[-94.38113,38.82033],[-94.38086,38.82086],[-94.38113,38.82148],[-94.38101,38.82238],[-94.38057,38.82294],[-94.37986,38.82276],[-94.37959,38.82284],[-94.3794,38.82369],[-94.37859,38.82386],[-94.37779,38.82345],[-94.37764,38.82362],[-94.37711,38.82328],[-94.37641,38.8231],[-94.37283,38.82302],[-94.37303,38.82442],[-94.37345,38.82582],[-94.37417,38.82741],[-94.37558,38.82982],[-94.37616,38.83151],[-94.37626,38.83287],[-94.376,38.838],[-94.36197,38.8376],[-94.36043,38.86659],[-94.34181,38.866],[-94.34034,38.8924],[-94.34834,38.89245],[-94.3486,38.88673],[-94.35648,38.887],[-94.35629,38.88924],[-94.35927,38.88944],[-94.35953,38.88486],[-94.35744,38.881],[-94.35768,38.8809],[-94.35798,38.87909],[-94.36192,38.87923],[-94.36272,38.87948],[-94.36302,38.88011],[-94.3628,38.88488],[-94.36292,38.88535],[-94.36483,38.88803],[-94.36556,38.88843],[-94.37287,38.88866],[-94.37414,38.88886],[-94.37397,38.88827],[-94.37403,38.88732],[-94.37438,38.88698],[-94.37489,38.88688],[-94.37537,38.88699],[-94.37673,38.8878],[-94.37792,38.88782],[-94.37782,38.88892],[-94.39655,38.88966],[-94.39991,38.88959],[-94.44293,38.89111],[-94.44267,38.89462],[-94.44237,38.89528],[-94.44243,38.89831],[-94.4479,38.89823],[-94.44828,38.89808],[-94.44974,38.89828],[-94.45089,38.89889],[-94.45177,38.89895],[-94.45182,38.90281],[-94.45142,38.90324],[-94.45164,38.90324],[-94.45169,38.90429],[-94.45141,38.90594],[-94.45335,38.90591],[-94.45347,38.90433],[-94.45873,38.9045],[-94.45812,38.91293],[-94.46875,38.91328],[-94.46927,38.90442],[-94.46852,38.90286],[-94.46882,38.90256],[-94.46812,38.90256],[-94.46741,38.9017],[-94.46772,38.90103],[-94.46837,38.90077],[-94.46887,38.90018],[-94.4685,38.89977],[-94.46826,38.89974],[-94.468,38.90038],[-94.46736,38.90057],[-94.46666,38.90108],[-94.46514,38.89986],[-94.46542,38.89944],[-94.46476,38.89936],[-94.46439,38.89907],[-94.46958,38.89926],[-94.4711,38.87382]]]}},{"type":"Feature","properties":{"ZIP":"64083"},"geometry":{"type":"Polygon","coordinates":[[[-94.49943,38.8076],[-94.49966,38.80761],[-94.49774,38.80439],[-94.49861,38.80451],[-94.49812,38.80323],[-94.49793,38.80211],[-94.49698,38.78202],[-94.49654,38.78072],[-94.49144,38.76969],[-94.49102,38.76834],[-94.49053,38.76487],[-94.48997,38.76356],[-94.48906,38.76229],[-94.48334,38.75741],[-94.48235,38.75614],[-94.48111,38.75391],[-94.47769,38.75358],[-94.44959,38.75272],[-94.4491,38.7507],[-94.44843,38.75092],[-94.44714,38.75007],[-94.44537,38.74944],[-94.44441,38.75002],[-94.4444,38.75023],[-94.44173,38.75249],[-94.44107,38.75247],[-94.43971,38.78171],[-94.40242,38.7808],[-94.40184,38.79544],[-94.39968,38.7947],[-94.39823,38.79533],[-94.37882,38.79483],[-94.37863,38.79849],[-94.37388,38.79844],[-94.3737,38.80207],[-94.3832,38.80224],[-94.38301,38.80589],[-94.38764,38.80602],[-94.38759,38.80702],[-94.39225,38.80719],[-94.39231,38.80557],[-94.39773,38.80565],[-94.39755,38.81003],[-94.40107,38.81012],[-94.39945,38.83881],[-94.43673,38.83971],[-94.48031,38.84135],[-94.48033,38.84088],[-94.48115,38.83962],[-94.48164,38.83306],[-94.48155,38.83189],[-94.48202,38.8317],[-94.48314,38.81961],[-94.49183,38.82001],[-94.49209,38.81686],[-94.49134,38.81682],[-94.4915,38.81422],[-94.4923,38.81424],[-94.49238,38.81276],[-94.49708,38.81295],[-94.49732,38.80932],[-94.49655,38.80928],[-94.49662,38.80748],[-94.49943,38.8076]]]}},{"type":"Feature","properties":{"ZIP":"64084"},"geometry":{"type":"Polygon","coordinates":[[[-94.17327,39.36263],[-94.17345,39.36151],[-94.17188,39.36164],[-94.17139,39.36148],[-94.17079,39.36085],[-94.16924,39.36045],[-94.16611,39.36004],[-94.16283,39.36005],[-94.16054,39.3596],[-94.15935,39.35953],[-94.15936,39.35],[-94.15779,39.35009],[-94.15441,39.34983],[-94.14979,39.34847],[-94.14526,39.3484],[-94.14522,39.34239],[-94.14258,39.34238],[-94.14043,39.34194],[-94.13978,39.3422],[-94.13901,39.34285],[-94.13896,39.34545],[-94.13915,39.34709],[-94.13323,39.34698],[-94.13228,39.3467],[-94.13091,39.34585],[-94.12903,39.34578],[-94.12787,39.34557],[-94.12655,39.34466],[-94.12548,39.3442],[-94.12285,39.34429],[-94.12145,39.34486],[-94.12063,39.34496],[-94.11929,39.34471],[-94.11806,39.344],[-94.11716,39.3439],[-94.11727,39.33832],[-94.11716,39.32608],[-94.11331,39.32612],[-94.11286,39.32572],[-94.11259,39.32489],[-94.11259,39.30983],[-94.11263,39.30942],[-94.11296,39.30906],[-94.11111,39.3077],[-94.10737,39.30561],[-94.10533,39.30511],[-94.10492,39.30507],[-94.10342,39.3059],[-94.0985,39.30711],[-94.09872,39.30432],[-94.09856,39.30361],[-94.09857,39.30089],[-94.09842,39.30062],[-94.09649,39.30049],[-94.09543,39.29924],[-94.0922,39.29928],[-94.09221,39.29944],[-94.08579,39.29941],[-94.0858,39.29737],[-94.0845,39.29678],[-94.08287,39.29561],[-94.08266,39.29495],[-94.07946,39.29315],[-94.07173,39.29311],[-94.07167,39.29768],[-94.07192,39.29835],[-94.07348,39.29928],[-94.07363,39.29958],[-94.07363,39.30082],[-94.07337,39.30139],[-94.07337,39.30196],[-94.0744,39.30283],[-94.07434,39.30313],[-94.07404,39.30329],[-94.07298,39.30331],[-94.0726,39.30352],[-94.07257,39.30391],[-94.07298,39.30411],[-94.0736,39.30402],[-94.07434,39.30414],[-94.07469,39.30452],[-94.07181,39.30472],[-94.07181,39.30717],[-94.0716,39.30897],[-94.07174,39.30972],[-94.07171,39.31252],[-94.07103,39.31341],[-94.07069,39.31446],[-94.07079,39.3147],[-94.07161,39.31533],[-94.07149,39.31605],[-94.07185,39.31781],[-94.07168,39.32086],[-94.07399,39.32229],[-94.07412,39.3237],[-94.07435,39.32408],[-94.07623,39.32408],[-94.07639,39.3257],[-94.07664,39.32598],[-94.08104,39.32599],[-94.08104,39.32844],[-94.07985,39.32798],[-94.07758,39.32759],[-94.07699,39.32771],[-94.07602,39.32819],[-94.07464,39.32794],[-94.07375,39.3283],[-94.07181,39.32666],[-94.07048,39.3265],[-94.0698,39.32673],[-94.06939,39.32666],[-94.06895,39.32634],[-94.06866,39.32549],[-94.06815,39.32506],[-94.06834,39.32583],[-94.06811,39.32712],[-94.0685,39.3272],[-94.06787,39.32879],[-94.06734,39.32901],[-94.06697,39.32939],[-94.06697,39.3312],[-94.06226,39.33109],[-94.06234,39.33929],[-94.06221,39.34374],[-94.04827,39.34339],[-94.04835,39.3477],[-94.04825,39.3482],[-94.04631,39.3474],[-94.04574,39.34734],[-94.04489,39.34848],[-94.04352,39.34974],[-94.04229,39.35056],[-94.04142,39.35091],[-94.02107,39.35051],[-94.02103,39.36518],[-94.02125,39.3695],[-94.02121,39.37256],[-94.02107,39.37255],[-94.02117,39.37975],[-94.00264,39.37938],[-94.00293,39.40128],[-94.0026,39.40129],[-94.00265,39.40861],[-93.98662,39.40831],[-93.98592,39.40823],[-93.9854,39.40797],[-93.98513,39.40822],[-93.98561,39.4284],[-93.98545,39.42923],[-93.98527,39.42947],[-93.98371,39.42963],[-93.98276,39.43033],[-93.98005,39.43057],[-93.97947,39.43091],[-93.97946,39.43127],[-93.98023,39.43187],[-93.98017,39.43464],[-93.98071,39.43562],[-93.98087,39.43637],[-93.98029,39.43811],[-93.98021,39.44475],[-93.97525,39.44483],[-93.97513,39.44853],[-93.97368,39.44957],[-93.97328,39.45091],[-93.97353,39.45208],[-93.97374,39.45246],[-93.98564,39.45233],[-93.98586,39.45146],[-93.98775,39.44845],[-93.98894,39.44777],[-93.99956,39.45226],[-94.00303,39.4523],[-94.00417,39.45215],[-94.00425,39.4592],[-94.00886,39.45923],[-94.00881,39.46313],[-94.0507,39.46372],[-94.05097,39.45296],[-94.05131,39.45284],[-94.06037,39.45296],[-94.06026,39.44569],[-94.06524,39.44584],[-94.06524,39.44948],[-94.06963,39.44956],[-94.06996,39.44933],[-94.06998,39.44829],[-94.07028,39.44795],[-94.07479,39.44592],[-94.07741,39.44562],[-94.07857,39.4448],[-94.07978,39.44439],[-94.08083,39.44361],[-94.08149,39.44351],[-94.08297,39.44369],[-94.08403,39.44328],[-94.08594,39.44324],[-94.08878,39.44277],[-94.08902,39.44239],[-94.08977,39.4391],[-94.09767,39.43924],[-94.09785,39.42471],[-94.09734,39.42471],[-94.09686,39.42497],[-94.09619,39.42505],[-94.09462,39.42513],[-94.09314,39.4249],[-94.09177,39.4251],[-94.08861,39.42706],[-94.08796,39.42775],[-94.08764,39.42778],[-94.08253,39.42782],[-94.08119,39.42752],[-94.07668,39.4274],[-94.07506,39.42767],[-94.07382,39.42687],[-94.07208,39.42706],[-94.07143,39.42669],[-94.0707,39.426],[-94.07052,39.42571],[-94.07052,39.42513],[-94.07076,39.42477],[-94.07241,39.42355],[-94.07259,39.42326],[-94.07256,39.42262],[-94.07208,39.42186],[-94.07208,39.42136],[-94.07229,39.42104],[-94.07199,39.42058],[-94.07037,39.42005],[-94.06952,39.41939],[-94.06866,39.41831],[-94.06845,39.41767],[-94.06845,39.41678],[-94.06904,39.41522],[-94.06904,39.41458],[-94.0689,39.41438],[-94.06807,39.41422],[-94.0668,39.41502],[-94.06633,39.41509],[-94.066,39.41474],[-94.066,39.41371],[-94.06562,39.41312],[-94.0635,39.41193],[-94.06276,39.41195],[-94.06252,39.41209],[-94.06255,39.41287],[-94.06294,39.41383],[-94.06288,39.41438],[-94.06205,39.41506],[-94.06184,39.41561],[-94.06149,39.41571],[-94.06123,39.41545],[-94.06096,39.41429],[-94.06069,39.41392],[-94.05996,39.41381],[-94.05934,39.4144],[-94.05922,39.41619],[-94.05878,39.41625],[-94.05833,39.41603],[-94.05849,39.40934],[-94.06278,39.40936],[-94.06342,39.40856],[-94.0644,39.40792],[-94.06691,39.40781],[-94.0675,39.40727],[-94.06775,39.40644],[-94.06806,39.40633],[-94.06944,39.40645],[-94.07031,39.40601],[-94.0728,39.40319],[-94.07324,39.40205],[-94.07359,39.40188],[-94.07454,39.40183],[-94.07706,39.40234],[-94.07702,39.40955],[-94.09804,39.40946],[-94.09824,39.39554],[-94.09826,39.39575],[-94.1067,39.39568],[-94.12523,39.39519],[-94.12707,39.39575],[-94.12821,39.39438],[-94.12916,39.39411],[-94.13028,39.39404],[-94.13169,39.39423],[-94.13305,39.39473],[-94.13343,39.39429],[-94.13358,39.39384],[-94.13532,39.39381],[-94.13559,39.39365],[-94.1359,39.39261],[-94.13575,39.38461],[-94.14115,39.38451],[-94.14122,39.38129],[-94.14484,39.38131],[-94.14502,39.38123],[-94.14531,39.38063],[-94.14636,39.38049],[-94.14518,39.37628],[-94.14516,39.37429],[-94.1545,39.3742],[-94.15456,39.36705],[-94.16833,39.36708],[-94.16849,39.36688],[-94.16908,39.36674],[-94.16915,39.36631],[-94.16956,39.36615],[-94.16969,39.36581],[-94.17001,39.36573],[-94.17047,39.36527],[-94.17097,39.36516],[-94.17167,39.36442],[-94.17183,39.36397],[-94.1723,39.36396],[-94.17244,39.36346],[-94.17327,39.36325],[-94.17327,39.36263]]]}},{"type":"Feature","properties":{"ZIP":"64085"},"geometry":{"type":"Polygon","coordinates":[[[-94.10112,39.2488],[-94.10118,39.24858],[-94.10091,39.24831],[-94.10086,39.248],[-94.10112,39.24775],[-94.10086,39.24736],[-94.10112,39.24714],[-94.10062,39.24692],[-94.09888,39.24388],[-94.09789,39.24312],[-94.09737,39.2434],[-94.09736,39.24312],[-94.09776,39.24228],[-94.09814,39.24221],[-94.0983,39.24199],[-94.09811,39.24181],[-94.09811,39.24125],[-94.0991,39.24103],[-94.09933,39.24119],[-94.09934,39.24039],[-94.09955,39.24016],[-94.09946,39.23977],[-94.09202,39.24331],[-94.0926,39.24227],[-94.09261,39.2419],[-94.0919,39.24243],[-94.09133,39.24263],[-94.08946,39.2426],[-94.08848,39.24227],[-94.08756,39.24261],[-94.07827,39.24257],[-94.07653,39.24229],[-94.07519,39.24263],[-94.07192,39.2428],[-94.07075,39.24245],[-94.06681,39.24234],[-94.06696,39.23511],[-94.0516,39.23491],[-94.05059,39.23474],[-94.04789,39.23217],[-94.04776,39.22757],[-94.033,39.22738],[-94.0327,39.22708],[-94.03256,39.22557],[-94.03211,39.22543],[-94.03081,39.22561],[-94.02946,39.22715],[-94.02876,39.22761],[-94.0284,39.22855],[-94.02841,39.2295],[-94.02794,39.22935],[-94.02707,39.22943],[-94.02638,39.22929],[-94.0261,39.22903],[-94.02565,39.22932],[-94.02515,39.22917],[-94.0245,39.22948],[-94.02394,39.22873],[-94.02338,39.22873],[-94.02413,39.22828],[-94.02379,39.22799],[-94.0236,39.22727],[-94.02293,39.22697],[-94.02275,39.22661],[-94.02307,39.22612],[-94.0224,39.22573],[-94.02176,39.22626],[-94.02099,39.22601],[-94.02106,39.22559],[-94.0215,39.22511],[-94.02134,39.22492],[-94.02051,39.22505],[-94.02054,39.22487],[-94.02013,39.22439],[-94.01987,39.22349],[-94.02045,39.223],[-94.02045,39.22279],[-94.01851,39.22193],[-94.01811,39.22157],[-94.01776,39.22149],[-94.01738,39.22191],[-94.01704,39.22197],[-94.01662,39.22167],[-94.01664,39.22132],[-94.01685,39.22117],[-94.01675,39.22098],[-94.01734,39.22082],[-94.01674,39.22058],[-94.01696,39.22045],[-94.01658,39.22023],[-94.01661,39.21997],[-94.01602,39.21981],[-94.01581,39.21961],[-94.01594,39.2193],[-94.01581,39.21901],[-94.01478,39.21783],[-94.01235,39.21716],[-94.01221,39.21761],[-94.01187,39.21748],[-94.01158,39.21661],[-94.01184,39.21613],[-94.01222,39.21604],[-94.012,39.21559],[-94.01162,39.21524],[-94.01062,39.21498],[-94.01067,39.21479],[-94.01118,39.21444],[-94.01123,39.21418],[-94.01058,39.21412],[-94.01014,39.21389],[-94.01029,39.21338],[-94.0092,39.213],[-94.00846,39.21249],[-94.00805,39.21167],[-94.00742,39.211],[-94.00712,39.21089],[-94.00672,39.21098],[-94.00643,39.21079],[-94.00642,39.21009],[-94.00621,39.20964],[-94.00543,39.20887],[-94.00485,39.20991],[-94.00307,39.2101],[-93.99872,39.21268],[-93.99224,39.21373],[-93.99041,39.21382],[-93.98834,39.21358],[-93.98753,39.21374],[-93.97816,39.21711],[-93.97727,39.21775],[-93.97693,39.21727],[-93.96782,39.22069],[-93.96333,39.22223],[-93.96276,39.22225],[-93.9604,39.22294],[-93.95887,39.22352],[-93.95888,39.22387],[-93.94586,39.22845],[-93.94586,39.22891],[-93.94121,39.23058],[-93.94125,39.23533],[-93.94567,39.23534],[-93.94603,39.24229],[-93.93869,39.24239],[-93.93895,39.24546],[-93.93498,39.24503],[-93.93437,39.24472],[-93.93231,39.24301],[-93.93061,39.24247],[-93.91757,39.24253],[-93.91708,39.24139],[-93.91637,39.2405],[-93.91558,39.2399],[-93.91353,39.23925],[-93.9041,39.24273],[-93.89058,39.24311],[-93.89011,39.24376],[-93.8902,39.24913],[-93.876,39.25466],[-93.87596,39.25799],[-93.87145,39.2575],[-93.87155,39.2799],[-93.86924,39.27987],[-93.86923,39.28037],[-93.86676,39.28041],[-93.86694,39.29227],[-93.86708,39.29394],[-93.86637,39.29497],[-93.86569,39.29555],[-93.86452,39.2961],[-93.86354,39.29603],[-93.85939,39.29278],[-93.8578,39.29223],[-93.85715,39.29164],[-93.85715,39.29136],[-93.85827,39.28932],[-93.85841,39.28857],[-93.85732,39.28774],[-93.85523,39.28681],[-93.85479,39.28683],[-93.85441,39.28662],[-93.85426,39.28704],[-93.85353,39.28752],[-93.85338,39.28791],[-93.85376,39.29077],[-93.85353,39.29127],[-93.85247,39.29212],[-93.85138,39.29335],[-93.85179,39.29445],[-93.85312,39.29594],[-93.85315,39.29617],[-93.85356,39.29647],[-93.8538,39.29708],[-93.8538,39.29802],[-93.85453,39.29882],[-93.85524,39.30061],[-93.85515,39.3037],[-93.85448,39.30596],[-93.85395,39.30651],[-93.85404,39.30697],[-93.85392,39.30738],[-93.85368,39.30761],[-93.85354,39.30814],[-93.85254,39.30889],[-93.85145,39.30892],[-93.85021,39.30915],[-93.84997,39.30935],[-93.84791,39.30896],[-93.846,39.30924],[-93.845,39.31013],[-93.8442,39.31034],[-93.84302,39.31109],[-93.8424,39.31224],[-93.84206,39.31245],[-93.84188,39.32964],[-93.8422,39.33003],[-93.84275,39.33036],[-93.84343,39.33046],[-93.85939,39.33041],[-93.86011,39.3306],[-93.86069,39.3313],[-93.86056,39.34795],[-93.86087,39.34858],[-93.86127,39.34888],[-93.86084,39.34902],[-93.86065,39.3493],[-93.86058,39.35187],[-93.85692,39.3519],[-93.8567,39.35722],[-93.85565,39.35854],[-93.85577,39.35934],[-93.85631,39.36056],[-93.85629,39.3626],[-93.85544,39.36349],[-93.85535,39.36409],[-93.85627,39.36622],[-93.85794,39.36628],[-93.85857,39.3668],[-93.85871,39.36735],[-93.85868,39.36949],[-93.85882,39.36982],[-93.86067,39.37001],[-93.86138,39.37154],[-93.86246,39.37246],[-93.86257,39.37335],[-93.86313,39.37401],[-93.86364,39.37436],[-93.86578,39.37518],[-93.86637,39.37589],[-93.86683,39.37706],[-93.86718,39.37739],[-93.86965,39.37882],[-93.8703,39.37885],[-93.87017,39.39125],[-93.87045,39.39169],[-93.87097,39.39193],[-93.87383,39.39191],[-93.8744,39.39207],[-93.87479,39.39244],[-93.8751,39.39737],[-93.87502,39.40209],[-93.87547,39.40254],[-93.87599,39.40268],[-93.88026,39.40258],[-93.88114,39.40296],[-93.88134,39.40355],[-93.88115,39.4089],[-93.88121,39.40927],[-93.88152,39.40965],[-93.87038,39.40999],[-93.87002,39.40992],[-93.86999,39.40976],[-93.86099,39.40985],[-93.85764,39.40932],[-93.85651,39.40974],[-93.84225,39.40955],[-93.84229,39.41569],[-93.84502,39.41905],[-93.84287,39.42042],[-93.84246,39.42093],[-93.84234,39.42148],[-93.84239,39.42394],[-93.84183,39.42394],[-93.84103,39.42577],[-93.84013,39.43119],[-93.8378,39.43477],[-93.83665,39.43514],[-93.83651,39.4381],[-93.83642,39.4384],[-93.83618,39.43856],[-93.82603,39.4379],[-93.82284,39.43815],[-93.82135,39.43866],[-93.8147,39.43873],[-93.81447,39.43854],[-93.79623,39.43813],[-93.79634,39.46712],[-93.82355,39.46751],[-93.8249,39.46768],[-93.82659,39.46752],[-93.84603,39.4677],[-93.84909,39.46777],[-93.85035,39.46796],[-93.85381,39.46798],[-93.85731,39.46771],[-93.86992,39.46762],[-93.86992,39.46521],[-93.87043,39.462],[-93.87033,39.46011],[-93.86993,39.45833],[-93.87018,39.45685],[-93.87417,39.45671],[-93.87464,39.45647],[-93.87585,39.45533],[-93.8764,39.4551],[-93.88414,39.45489],[-93.88415,39.4529],[-93.90826,39.45249],[-93.90812,39.45587],[-93.90735,39.45652],[-93.90587,39.45651],[-93.90504,39.45699],[-93.90433,39.45765],[-93.90521,39.45897],[-93.90675,39.46014],[-93.90837,39.46257],[-93.9083,39.46351],[-93.90753,39.46465],[-93.90769,39.46528],[-93.90829,39.46603],[-93.90836,39.46646],[-93.9084,39.47437],[-93.9466,39.47458],[-93.94726,39.47488],[-93.94763,39.47525],[-93.94808,39.47712],[-93.94837,39.47757],[-93.9503,39.47893],[-93.95154,39.48019],[-93.95186,39.48042],[-93.95637,39.48186],[-93.95735,39.48375],[-93.95797,39.48389],[-93.95817,39.4836],[-93.95816,39.48329],[-93.95764,39.48233],[-93.95802,39.48173],[-93.95789,39.48031],[-93.95787,39.47092],[-93.95797,39.47072],[-93.96033,39.47067],[-93.96066,39.47047],[-93.9607,39.46084],[-93.9601,39.45984],[-93.96069,39.45884],[-93.9608,39.45802],[-93.96144,39.45697],[-93.96156,39.45625],[-93.96283,39.45617],[-93.96437,39.45633],[-93.96656,39.4556],[-93.96812,39.45562],[-93.9695,39.45531],[-93.97039,39.45543],[-93.97132,39.45457],[-93.97388,39.45346],[-93.97425,39.4531],[-93.97353,39.45208],[-93.97328,39.45091],[-93.97376,39.44943],[-93.97513,39.44853],[-93.97525,39.44483],[-93.98021,39.44475],[-93.98029,39.43811],[-93.98087,39.43637],[-93.98071,39.43562],[-93.98017,39.43464],[-93.98023,39.43187],[-93.97946,39.43127],[-93.97947,39.43091],[-93.98005,39.43057],[-93.98276,39.43033],[-93.98384,39.42959],[-93.98527,39.42947],[-93.98561,39.4286],[-93.98513,39.40822],[-93.9854,39.40797],[-93.98592,39.40823],[-93.98662,39.40831],[-94.00265,39.40861],[-94.0026,39.40129],[-94.00293,39.40128],[-94.00264,39.37938],[-94.02117,39.37975],[-94.02107,39.37255],[-94.02121,39.37256],[-94.02125,39.3695],[-94.02103,39.36518],[-94.02107,39.35051],[-94.04142,39.35091],[-94.04229,39.35056],[-94.04352,39.34974],[-94.04489,39.34848],[-94.04574,39.34734],[-94.04631,39.3474],[-94.04825,39.3482],[-94.04835,39.3477],[-94.04827,39.34339],[-94.06221,39.34374],[-94.06234,39.33929],[-94.06226,39.33109],[-94.06697,39.3312],[-94.06697,39.32939],[-94.06734,39.32901],[-94.06787,39.32879],[-94.0685,39.3272],[-94.06811,39.32712],[-94.06834,39.32583],[-94.06815,39.32506],[-94.06866,39.32549],[-94.06895,39.32634],[-94.06939,39.32666],[-94.0698,39.32673],[-94.07048,39.3265],[-94.07181,39.32666],[-94.07375,39.3283],[-94.07464,39.32794],[-94.07602,39.32819],[-94.07699,39.32771],[-94.07758,39.32759],[-94.07985,39.32798],[-94.08104,39.32844],[-94.08104,39.32599],[-94.07664,39.32598],[-94.07639,39.3257],[-94.07623,39.32408],[-94.07435,39.32408],[-94.07412,39.3237],[-94.07399,39.32229],[-94.07168,39.32086],[-94.07185,39.31781],[-94.07149,39.31605],[-94.07161,39.31533],[-94.07079,39.3147],[-94.07069,39.31446],[-94.07103,39.31341],[-94.07171,39.31252],[-94.07174,39.30972],[-94.0716,39.30897],[-94.07181,39.30717],[-94.07181,39.30472],[-94.07469,39.30452],[-94.07434,39.30414],[-94.0736,39.30402],[-94.07298,39.30411],[-94.07257,39.30391],[-94.0726,39.30352],[-94.07298,39.30331],[-94.07404,39.30329],[-94.07434,39.30313],[-94.0744,39.30283],[-94.07337,39.30196],[-94.07337,39.30139],[-94.07363,39.30082],[-94.07363,39.29958],[-94.07348,39.29928],[-94.07192,39.29835],[-94.07167,39.29768],[-94.07173,39.29311],[-94.07946,39.29315],[-94.07944,39.29167],[-94.07753,39.29048],[-94.07644,39.29045],[-94.07644,39.28956],[-94.0899,39.28961],[-94.0899,39.28918],[-94.09217,39.28918],[-94.09218,39.28602],[-94.09322,39.28599],[-94.09348,39.2845],[-94.09474,39.28365],[-94.0953,39.28303],[-94.09636,39.28257],[-94.09721,39.28164],[-94.09724,39.28104],[-94.09698,39.28051],[-94.09686,39.27932],[-94.09692,39.27916],[-94.0976,39.27914],[-94.09786,39.27866],[-94.09818,39.2771],[-94.09815,39.27635],[-94.09709,39.27584],[-94.09733,39.27497],[-94.0968,39.27346],[-94.09541,39.2728],[-94.09435,39.27198],[-94.09362,39.27184],[-94.09356,39.27127],[-94.09332,39.27092],[-94.09209,39.27054],[-94.09188,39.27033],[-94.09188,39.26996],[-94.09338,39.26916],[-94.0935,39.26898],[-94.09341,39.2688],[-94.09279,39.26852],[-94.09282,39.26827],[-94.09438,39.26646],[-94.09615,39.26626],[-94.09635,39.26603],[-94.09638,39.26568],[-94.09774,39.26474],[-94.09788,39.26401],[-94.09874,39.26367],[-94.0995,39.26303],[-94.09956,39.26259],[-94.09938,39.2622],[-94.09903,39.26191],[-94.09818,39.2617],[-94.09815,39.26133],[-94.099,39.26042],[-94.09906,39.26008],[-94.09873,39.25982],[-94.09876,39.25847],[-94.09862,39.25776],[-94.09917,39.25705],[-94.09973,39.25669],[-94.10012,39.25543],[-94.10059,39.25483],[-94.10059,39.25444],[-94.09985,39.2533],[-94.09976,39.25202],[-94.1,39.25081],[-94.09973,39.25055],[-94.10009,39.24997],[-94.10008,39.2497],[-94.09993,39.24938],[-94.09955,39.24941],[-94.09942,39.24927],[-94.09985,39.2488],[-94.10056,39.24864],[-94.10094,39.2489],[-94.10112,39.2488]]]}},{"type":"Feature","properties":{"ZIP":"64086"},"geometry":{"type":"Polygon","coordinates":[[[-94.40903,38.94425],[-94.40914,38.94424],[-94.40838,38.94066],[-94.40809,38.9407],[-94.40716,38.93767],[-94.40399,38.92597],[-94.38459,38.92511],[-94.37599,38.92495],[-94.37587,38.92621],[-94.37389,38.92615],[-94.37281,38.92551],[-94.37097,38.92598],[-94.37035,38.92646],[-94.37035,38.92601],[-94.36499,38.92587],[-94.36505,38.9245],[-94.3619,38.92443],[-94.362,38.92201],[-94.36158,38.92171],[-94.361,38.92165],[-94.362,38.91763],[-94.31519,38.91618],[-94.31517,38.91743],[-94.31212,38.91734],[-94.31219,38.91609],[-94.29745,38.91565],[-94.2975,38.9147],[-94.30206,38.91484],[-94.30258,38.9047],[-94.30141,38.90466],[-94.30146,38.90346],[-94.30047,38.90342],[-94.3005,38.9027],[-94.29932,38.90266],[-94.29935,38.90185],[-94.29823,38.90181],[-94.2983,38.90068],[-94.29856,38.90018],[-94.30045,38.9008],[-94.30269,38.90114],[-94.32982,38.90201],[-94.33062,38.89479],[-94.34021,38.89507],[-94.34181,38.866],[-94.31178,38.86499],[-94.31114,38.86492],[-94.31051,38.86463],[-94.30941,38.86333],[-94.30878,38.8631],[-94.3081,38.86335],[-94.30642,38.86543],[-94.30586,38.86561],[-94.30466,38.86554],[-94.30354,38.88479],[-94.29888,38.88463],[-94.29879,38.8865],[-94.2941,38.88635],[-94.29352,38.89721],[-94.28702,38.89396],[-94.28498,38.89319],[-94.28446,38.89319],[-94.28483,38.88583],[-94.27903,38.88581],[-94.2787,38.89289],[-94.27429,38.89284],[-94.27441,38.88706],[-94.26952,38.88694],[-94.26973,38.8785],[-94.25633,38.87852],[-94.25586,38.88575],[-94.24249,38.8857],[-94.2428,38.87833],[-94.24691,38.87841],[-94.24689,38.87344],[-94.24524,38.87346],[-94.24524,38.87305],[-94.24438,38.87297],[-94.24405,38.87253],[-94.24307,38.87174],[-94.24209,38.87152],[-94.24183,38.87119],[-94.24083,38.87112],[-94.24076,38.87087],[-94.24112,38.87042],[-94.24073,38.86936],[-94.23939,38.86869],[-94.23828,38.86852],[-94.23883,38.85803],[-94.234,38.85815],[-94.23388,38.86017],[-94.22917,38.8601],[-94.22942,38.85638],[-94.2241,38.85625],[-94.22416,38.85473],[-94.22055,38.85479],[-94.22067,38.84935],[-94.21127,38.84931],[-94.21127,38.85439],[-94.21073,38.85409],[-94.21038,38.85327],[-94.20968,38.85293],[-94.19284,38.85293],[-94.19176,38.87258],[-94.20534,38.87707],[-94.20516,38.87994],[-94.20476,38.88088],[-94.19925,38.87899],[-94.19907,38.87982],[-94.19816,38.87951],[-94.1982,38.87834],[-94.19142,38.87833],[-94.191,38.88322],[-94.19098,38.88558],[-94.20494,38.88559],[-94.20409,38.90272],[-94.20356,38.90368],[-94.20397,38.90437],[-94.2037,38.91099],[-94.22224,38.91107],[-94.22256,38.90489],[-94.22245,38.90358],[-94.22183,38.90248],[-94.2189,38.89938],[-94.21832,38.89818],[-94.2189,38.88561],[-94.22797,38.88564],[-94.22787,38.90742],[-94.23174,38.90745],[-94.23187,38.9043],[-94.23234,38.90431],[-94.2323,38.9067],[-94.23491,38.90674],[-94.23569,38.90692],[-94.23638,38.90747],[-94.23602,38.91462],[-94.23591,38.9147],[-94.23667,38.9147],[-94.23666,38.91538],[-94.23752,38.91594],[-94.23748,38.91631],[-94.23962,38.91632],[-94.23958,38.91829],[-94.23896,38.9183],[-94.23887,38.91988],[-94.24064,38.91994],[-94.24059,38.92111],[-94.24234,38.92121],[-94.24217,38.92353],[-94.24263,38.92353],[-94.24235,38.93286],[-94.24265,38.93972],[-94.24513,38.93979],[-94.24512,38.94019],[-94.24572,38.94021],[-94.24594,38.94305],[-94.25701,38.94344],[-94.25695,38.94463],[-94.25856,38.94471],[-94.25858,38.94593],[-94.26153,38.94597],[-94.26162,38.94372],[-94.28214,38.94405],[-94.31118,38.94486],[-94.31103,38.94844],[-94.31254,38.94847],[-94.31237,38.95577],[-94.31212,38.95942],[-94.31447,38.95951],[-94.31424,38.96084],[-94.31449,38.96204],[-94.31537,38.9641],[-94.31646,38.96572],[-94.31651,38.96677],[-94.32061,38.96712],[-94.32056,38.97056],[-94.3249,38.97071],[-94.32505,38.96724],[-94.33234,38.96747],[-94.33267,38.96841],[-94.3333,38.96892],[-94.33363,38.97022],[-94.3342,38.97031],[-94.33507,38.97015],[-94.33571,38.95847],[-94.3427,38.96154],[-94.34303,38.96157],[-94.3438,38.96141],[-94.3441,38.96108],[-94.34477,38.96077],[-94.34616,38.96043],[-94.35772,38.96066],[-94.35858,38.96029],[-94.35902,38.95959],[-94.35922,38.9568],[-94.35953,38.94614],[-94.37578,38.9466],[-94.38277,38.94663],[-94.38256,38.95039],[-94.38711,38.95052],[-94.38673,38.95789],[-94.38611,38.95786],[-94.3861,38.95814],[-94.39566,38.95815],[-94.39562,38.96121],[-94.40015,38.96129],[-94.40012,38.96223],[-94.40195,38.96225],[-94.4012,38.95991],[-94.39948,38.94905],[-94.39959,38.94893],[-94.39937,38.94623],[-94.39877,38.94489],[-94.40903,38.94425]]]}},{"type":"Feature","properties":{"ZIP":"64088"},"geometry":{"type":"Polygon","coordinates":[[[-94.28796,39.18177],[-94.28803,39.18149],[-94.28677,39.18156],[-94.28505,39.18068],[-94.28457,39.17905],[-94.28389,39.17888],[-94.2819,39.17684],[-94.28075,39.17631],[-94.28103,39.17595],[-94.2709,39.16554],[-94.26927,39.16551],[-94.26947,39.16186],[-94.26775,39.16293],[-94.26726,39.16171],[-94.26734,39.16061],[-94.26083,39.16301],[-94.26063,39.16469],[-94.25736,39.1648],[-94.25671,39.16315],[-94.25468,39.16368],[-94.25241,39.1653],[-94.25089,39.1666],[-94.25109,39.16499],[-94.24889,39.16493],[-94.24856,39.16443],[-94.24178,39.16429],[-94.24212,39.16112],[-94.22578,39.16075],[-94.21401,39.16027],[-94.21327,39.16776],[-94.1987,39.16718],[-94.19693,39.16665],[-94.19597,39.16615],[-94.19536,39.16554],[-94.19494,39.16442],[-94.19654,39.14507],[-94.17907,39.1446],[-94.17096,39.14407],[-94.17016,39.14388],[-94.16555,39.1417],[-94.16442,39.14167],[-94.16378,39.14193],[-94.1624,39.14214],[-94.15934,39.14195],[-94.15798,39.1416],[-94.15582,39.14067],[-94.15533,39.14011],[-94.15537,39.13857],[-94.155,39.13655],[-94.16012,39.13603],[-94.16126,39.11905],[-94.15899,39.11896],[-94.15912,39.11696],[-94.15228,39.11674],[-94.15253,39.11127],[-94.15485,39.11134],[-94.15494,39.10955],[-94.15577,39.10957],[-94.15621,39.10867],[-94.15696,39.10775],[-94.15091,39.10763],[-94.1508,39.10732],[-94.1501,39.10713],[-94.1503,39.10619],[-94.15067,39.10585],[-94.1503,39.10524],[-94.15086,39.10498],[-94.1509,39.10413],[-94.15055,39.10371],[-94.14989,39.10358],[-94.14965,39.10281],[-94.14979,39.10233],[-94.14959,39.10107],[-94.15136,39.10072],[-94.15156,39.09988],[-94.15229,39.09873],[-94.15233,39.09813],[-94.15147,39.0969],[-94.14953,39.09523],[-94.14894,39.0945],[-94.14854,39.09337],[-94.14756,39.09296],[-94.14918,39.09302],[-94.14899,39.09283],[-94.14917,39.08961],[-94.1466,39.08951],[-94.1467,39.09097],[-94.1465,39.09164],[-94.14578,39.09185],[-94.13484,39.09151],[-94.13479,39.09254],[-94.1161,39.09207],[-94.11544,39.10957],[-94.10629,39.10917],[-94.10597,39.11229],[-94.10563,39.12671],[-94.10522,39.13031],[-94.10482,39.14351],[-94.11403,39.14971],[-94.12222,39.15931],[-94.1243,39.16329],[-94.12637,39.16578],[-94.12808,39.16743],[-94.12992,39.1689],[-94.13366,39.17124],[-94.13686,39.17257],[-94.13862,39.17313],[-94.14715,39.17517],[-94.15402,39.17626],[-94.16906,39.17776],[-94.17683,39.17812],[-94.17878,39.17847],[-94.18115,39.17901],[-94.18458,39.18026],[-94.18584,39.18103],[-94.18661,39.18191],[-94.18718,39.18333],[-94.18717,39.18413],[-94.18701,39.18468],[-94.18669,39.18508],[-94.18574,39.18803],[-94.18506,39.18928],[-94.18331,39.19111],[-94.18152,39.19261],[-94.17645,39.19604],[-94.17533,39.19719],[-94.17414,39.19877],[-94.17024,39.20448],[-94.17008,39.20504],[-94.17005,39.20735],[-94.16955,39.20855],[-94.16934,39.20954],[-94.16942,39.21061],[-94.16982,39.21149],[-94.1705,39.21231],[-94.17226,39.21338],[-94.17352,39.21383],[-94.17614,39.21415],[-94.1847,39.21429],[-94.18627,39.21408],[-94.1889,39.21346],[-94.19136,39.21248],[-94.19339,39.21154],[-94.19955,39.2082],[-94.2042,39.20669],[-94.20726,39.20632],[-94.21147,39.20679],[-94.21575,39.20768],[-94.21775,39.20845],[-94.21915,39.2079],[-94.21909,39.20779],[-94.22038,39.20754],[-94.21919,39.20754],[-94.22291,39.20664],[-94.22471,39.20628],[-94.22869,39.20617],[-94.23204,39.20451],[-94.23292,39.20423],[-94.2356,39.20475],[-94.2382,39.20487],[-94.24141,39.20453],[-94.24265,39.20411],[-94.24349,39.20401],[-94.24945,39.2041],[-94.25035,39.20395],[-94.25058,39.20414],[-94.25123,39.20421],[-94.25322,39.204],[-94.25376,39.20406],[-94.25564,39.20543],[-94.25659,39.20582],[-94.25859,39.20598],[-94.26125,39.20572],[-94.26218,39.20521],[-94.2633,39.20404],[-94.26537,39.20076],[-94.2656,39.19991],[-94.26608,39.19909],[-94.26723,39.19786],[-94.26891,39.19669],[-94.27029,39.19592],[-94.27379,39.19596],[-94.27636,39.19529],[-94.27709,39.19448],[-94.27802,39.19238],[-94.27868,39.1913],[-94.27986,39.18977],[-94.28084,39.18879],[-94.28308,39.18721],[-94.28517,39.18477],[-94.28738,39.18272],[-94.28796,39.18177]],[[-94.15094,39.13763],[-94.15015,39.14712],[-94.15051,39.14746],[-94.15008,39.14774],[-94.14937,39.15108],[-94.14219,39.15082],[-94.14311,39.14493],[-94.1433,39.13988],[-94.14301,39.13932],[-94.14262,39.1424],[-94.13246,39.1424],[-94.1325,39.14181],[-94.13074,39.14215],[-94.12914,39.1421],[-94.12838,39.14173],[-94.12813,39.14142],[-94.12769,39.14022],[-94.12765,39.13883],[-94.12365,39.13875],[-94.12398,39.13252],[-94.12404,39.13237],[-94.12471,39.13248],[-94.12485,39.1307],[-94.14529,39.1352],[-94.14537,39.13625],[-94.1481,39.13668],[-94.15094,39.13763]]]}},{"type":"Feature","properties":{"ZIP":"64089"},"geometry":{"type":"Polygon","coordinates":[[[-94.67633,39.37762],[-94.67637,39.37609],[-94.676,39.37596],[-94.67613,39.36881],[-94.66398,39.36879],[-94.66205,39.3691],[-94.65833,39.36917],[-94.65615,39.36965],[-94.65601,39.36883],[-94.65546,39.36798],[-94.65741,39.36644],[-94.65774,39.36634],[-94.65788,39.36594],[-94.65729,39.36566],[-94.65751,39.36508],[-94.65742,39.36313],[-94.65753,39.36229],[-94.65733,39.36168],[-94.65683,39.36126],[-94.65689,39.3611],[-94.65766,39.36112],[-94.65788,39.36091],[-94.65774,39.35432],[-94.64517,39.35438],[-94.6426,39.35411],[-94.63893,39.35442],[-94.62983,39.3544],[-94.62988,39.34942],[-94.62086,39.34945],[-94.62078,39.3544],[-94.60072,39.35437],[-94.60076,39.3333],[-94.58543,39.33331],[-94.57455,39.3331],[-94.56259,39.33319],[-94.56058,39.33314],[-94.56057,39.33264],[-94.54333,39.33269],[-94.53681,39.33213],[-94.52859,39.3322],[-94.49187,39.33197],[-94.49169,39.34463],[-94.49138,39.34504],[-94.49101,39.34521],[-94.48763,39.34555],[-94.48719,39.34583],[-94.48699,39.34622],[-94.48717,39.35864],[-94.48707,39.36799],[-94.46385,39.3679],[-94.46387,39.3934],[-94.46797,39.3934],[-94.46835,39.39353],[-94.46851,39.39401],[-94.4685,39.39662],[-94.46895,39.39698],[-94.49558,39.397],[-94.49555,39.39975],[-94.49167,39.39972],[-94.49165,39.40265],[-94.50003,39.40262],[-94.50016,39.40604],[-94.50006,39.41008],[-94.49883,39.41189],[-94.49673,39.41376],[-94.49342,39.41597],[-94.49072,39.41704],[-94.48593,39.4177],[-94.48076,39.41786],[-94.48293,39.41857],[-94.48353,39.41898],[-94.48417,39.42041],[-94.48372,39.42294],[-94.4823,39.42523],[-94.48015,39.42754],[-94.48145,39.42767],[-94.4815,39.42786],[-94.48204,39.42798],[-94.48166,39.42876],[-94.48165,39.42931],[-94.48215,39.43016],[-94.48169,39.43044],[-94.48177,39.43102],[-94.48279,39.43094],[-94.48295,39.43072],[-94.48357,39.4306],[-94.48643,39.432],[-94.48516,39.43163],[-94.48369,39.43161],[-94.48298,39.43258],[-94.48247,39.43362],[-94.48251,39.43431],[-94.48335,39.4357],[-94.48464,39.43711],[-94.48544,39.43747],[-94.48626,39.43741],[-94.48631,39.43765],[-94.48655,39.43776],[-94.48751,39.4379],[-94.48749,39.43808],[-94.48678,39.43807],[-94.48567,39.43835],[-94.48557,39.43872],[-94.48578,39.43931],[-94.48643,39.44001],[-94.48713,39.44028],[-94.48786,39.44117],[-94.48846,39.44154],[-94.48859,39.44116],[-94.48879,39.44104],[-94.49024,39.44054],[-94.48992,39.441],[-94.48962,39.44105],[-94.4917,39.44112],[-94.49169,39.42943],[-94.49255,39.42713],[-94.49929,39.42601],[-94.50544,39.42591],[-94.50531,39.43304],[-94.51444,39.43307],[-94.51442,39.43723],[-94.5148,39.43918],[-94.51535,39.44028],[-94.5162,39.44144],[-94.51801,39.44299],[-94.52403,39.44612],[-94.52628,39.4469],[-94.52931,39.44733],[-94.53744,39.44737],[-94.53762,39.44755],[-94.53956,39.44751],[-94.53973,39.44771],[-94.54031,39.44781],[-94.54,39.44821],[-94.54011,39.44869],[-94.5403,39.44879],[-94.54132,39.44891],[-94.54211,39.44878],[-94.542,39.44926],[-94.54143,39.4496],[-94.54074,39.44976],[-94.54045,39.45007],[-94.5391,39.44995],[-94.53896,39.45006],[-94.53925,39.4516],[-94.54072,39.45213],[-94.53942,39.45281],[-94.53904,39.45316],[-94.53926,39.45361],[-94.53983,39.45374],[-94.53996,39.45431],[-94.53946,39.45457],[-94.53946,39.45502],[-94.53995,39.45512],[-94.54001,39.45549],[-94.54067,39.45533],[-94.54126,39.4557],[-94.54611,39.45572],[-94.54617,39.45584],[-94.56205,39.45588],[-94.56436,39.45602],[-94.56493,39.45586],[-94.59788,39.45584],[-94.60082,39.45615],[-94.60074,39.45138],[-94.60194,39.45132],[-94.60299,39.45174],[-94.6038,39.45238],[-94.60426,39.45239],[-94.60453,39.45233],[-94.60467,39.45197],[-94.60574,39.45182],[-94.60648,39.45107],[-94.60662,39.45071],[-94.60877,39.45048],[-94.60737,39.43604],[-94.60847,39.43636],[-94.61087,39.43645],[-94.61076,39.43496],[-94.61094,39.43414],[-94.61091,39.42675],[-94.62934,39.4267],[-94.6294,39.41949],[-94.64416,39.41944],[-94.6435,39.41692],[-94.6433,39.41534],[-94.64341,39.40502],[-94.65594,39.40499],[-94.6566,39.40527],[-94.65762,39.40659],[-94.65837,39.40682],[-94.65885,39.40537],[-94.65929,39.40484],[-94.66002,39.40446],[-94.66135,39.40419],[-94.66187,39.40367],[-94.66204,39.39531],[-94.66231,39.39463],[-94.66313,39.3942],[-94.66558,39.39414],[-94.66643,39.39377],[-94.66669,39.39319],[-94.66673,39.3905],[-94.67144,39.39056],[-94.67146,39.38582],[-94.67621,39.38584],[-94.67633,39.37762]]]}},{"type":"Feature","properties":{"ZIP":"64090"},"geometry":{"type":"Polygon","coordinates":[[[-94.1687,38.76364],[-94.16858,38.76267],[-94.16704,38.76258],[-94.16718,38.76102],[-94.16706,38.76078],[-94.16607,38.76067],[-94.1662,38.75684],[-94.16071,38.75666],[-94.15868,38.75674],[-94.16055,38.75871],[-94.16121,38.75973],[-94.16126,38.76022],[-94.16095,38.76053],[-94.161,38.76066],[-94.16305,38.76203],[-94.16309,38.76234],[-94.16202,38.76297],[-94.16181,38.76333],[-94.16191,38.76359],[-94.1687,38.76364]]]}},{"type":"Feature","properties":{"ZIP":"64092"},"geometry":{"type":"Polygon","coordinates":[[[-94.83503,39.22325],[-94.83489,39.22124],[-94.83379,39.21853],[-94.83319,39.21753],[-94.83229,39.21674],[-94.83168,39.21594],[-94.82459,39.21122],[-94.82194,39.20967],[-94.82043,39.20901],[-94.81652,39.20793],[-94.81154,39.2069],[-94.80848,39.20648],[-94.8026,39.20614],[-94.79735,39.2065],[-94.79373,39.20702],[-94.79178,39.20751],[-94.7891,39.2078],[-94.78597,39.20782],[-94.78487,39.20767],[-94.78295,39.20716],[-94.78225,39.20679],[-94.77941,39.2048],[-94.77784,39.20352],[-94.77704,39.20261],[-94.77553,39.2006],[-94.77473,39.19891],[-94.77355,39.19719],[-94.7712,39.19162],[-94.76981,39.19189],[-94.76605,39.19654],[-94.76801,39.19764],[-94.76984,39.19941],[-94.77418,39.20261],[-94.78042,39.20815],[-94.78591,39.21367],[-94.78744,39.21574],[-94.78664,39.21652],[-94.78651,39.21719],[-94.78608,39.21752],[-94.78633,39.21799],[-94.78616,39.21837],[-94.78411,39.22027],[-94.7838,39.22306],[-94.78393,39.22341],[-94.78914,39.22339],[-94.78916,39.21966],[-94.79072,39.22089],[-94.79146,39.22223],[-94.7916,39.22218],[-94.79197,39.22278],[-94.79212,39.22272],[-94.79343,39.22493],[-94.79326,39.22501],[-94.79342,39.22523],[-94.79353,39.22518],[-94.79366,39.22731],[-94.79488,39.2259],[-94.79739,39.23021],[-94.79872,39.23027],[-94.80427,39.24514],[-94.80991,39.24518],[-94.81031,39.24496],[-94.82618,39.24485],[-94.82566,39.24173],[-94.82581,39.23947],[-94.82706,39.23549],[-94.82851,39.23267],[-94.83038,39.22984],[-94.8332,39.22667],[-94.83461,39.22442],[-94.83503,39.22325]]]}},{"type":"Feature","properties":{"ZIP":"64097"},"geometry":{"type":"Polygon","coordinates":[[[-94.10523,39.13155],[-94.09747,39.13025],[-94.09594,39.1302],[-94.09382,39.13039],[-94.09079,39.13109],[-94.0877,39.13157],[-94.07995,39.13195],[-94.07216,39.13291],[-94.06658,39.1328],[-94.06398,39.1329],[-94.06424,39.13107],[-94.06357,39.13126],[-94.06269,39.13124],[-94.06078,39.1302],[-94.06036,39.12918],[-94.05984,39.12912],[-94.05988,39.12863],[-94.05961,39.12844],[-94.05961,39.12681],[-94.05745,39.12646],[-94.05589,39.12654],[-94.05498,39.12621],[-94.05489,39.12595],[-94.05513,39.12478],[-94.05509,39.11963],[-94.05473,39.11934],[-94.05082,39.11915],[-94.05046,39.11892],[-94.05111,39.0976],[-94.05114,39.09735],[-94.05381,39.09743],[-94.05384,39.09676],[-94.05285,39.09565],[-94.05218,39.09528],[-94.05212,39.09505],[-94.05241,39.09449],[-94.05328,39.09442],[-94.05404,39.09369],[-94.0541,39.09324],[-94.05361,39.09261],[-94.05397,39.09119],[-94.05583,39.09015],[-94.05605,39.08981],[-94.05579,39.08944],[-94.05541,39.0894],[-94.05395,39.08991],[-94.05362,39.08989],[-94.05332,39.08951],[-94.05298,39.08847],[-94.05303,39.08817],[-94.05475,39.08737],[-94.05573,39.08605],[-94.05615,39.08602],[-94.05775,39.08648],[-94.0583,39.08623],[-94.05823,39.08579],[-94.05793,39.08549],[-94.05643,39.08496],[-94.05629,39.0847],[-94.05634,39.08438],[-94.05669,39.08424],[-94.05799,39.08432],[-94.05819,39.08418],[-94.05837,39.08364],[-94.05872,39.08344],[-94.05948,39.08371],[-94.06047,39.08343],[-94.06126,39.08386],[-94.06197,39.08397],[-94.06319,39.08379],[-94.06348,39.08357],[-94.06377,39.08159],[-94.06362,39.08113],[-94.06192,39.08114],[-94.0614,39.0808],[-94.06099,39.08025],[-94.06106,39.07995],[-94.06141,39.0796],[-94.06263,39.07923],[-94.06329,39.07929],[-94.06328,39.07886],[-94.06299,39.07867],[-94.06286,39.07789],[-94.06223,39.07768],[-94.06147,39.07697],[-94.06011,39.07643],[-94.0518,39.07647],[-94.04691,39.07622],[-94.04677,39.07802],[-94.04597,39.07927],[-94.04572,39.08012],[-94.04513,39.08047],[-94.04474,39.08207],[-94.04484,39.08258],[-94.04454,39.08303],[-94.03142,39.08234],[-94.02246,39.08216],[-94.02219,39.08238],[-94.0218,39.08792],[-94.02215,39.08898],[-94.02217,39.09085],[-94.0217,39.093],[-94.01938,39.0919],[-94.01835,39.09163],[-94.01198,39.09157],[-94.0105,39.09131],[-94.0093,39.09159],[-94.0087,39.09071],[-94.00808,39.09056],[-94.00764,39.09069],[-94.00744,39.09098],[-94.00778,39.09183],[-94.00766,39.09206],[-94.00642,39.09211],[-94.00451,39.09251],[-94.0032,39.09252],[-94.00254,39.09239],[-94.00195,39.09198],[-94.0016,39.0915],[-94.00115,39.09028],[-94.00034,39.08958],[-93.99973,39.08947],[-93.99908,39.08964],[-93.99818,39.09055],[-93.99749,39.09185],[-93.99701,39.09186],[-93.9959,39.09121],[-93.99686,39.09073],[-93.99741,39.09018],[-93.99724,39.08931],[-93.99596,39.08798],[-93.99615,39.08757],[-93.99688,39.087],[-93.99688,39.08617],[-93.99706,39.0859],[-93.99759,39.08572],[-93.99831,39.08581],[-93.99914,39.08556],[-93.99971,39.08559],[-94.00031,39.08494],[-94.00162,39.08453],[-94.00297,39.08467],[-94.00288,39.08446],[-94.00196,39.08405],[-94.00169,39.08368],[-94.00183,39.08321],[-94.0027,39.08298],[-94.00296,39.08261],[-94.00137,39.08114],[-94.0017,39.08042],[-94.00168,39.07991],[-94.00149,39.07937],[-94.00093,39.07886],[-94.00086,39.07849],[-94.00156,39.07779],[-94.00157,39.07752],[-94.0012,39.07732],[-93.99992,39.07721],[-93.99952,39.07678],[-93.99966,39.07631],[-93.99999,39.07598],[-94.00146,39.07603],[-94.00225,39.07568],[-94.00236,39.07511],[-94.00152,39.07477],[-94.00172,39.07429],[-93.976,39.07368],[-93.96595,39.07439],[-93.96421,39.07479],[-93.96313,39.07532],[-93.95951,39.07823],[-93.95803,39.07916],[-93.95603,39.07984],[-93.9539,39.08011],[-93.93833,39.07954],[-93.93847,39.07654],[-93.93807,39.07601],[-93.9375,39.07581],[-93.93403,39.07582],[-93.93111,39.07555],[-93.93119,39.07278],[-93.93078,39.07236],[-93.9281,39.0718],[-93.92688,39.07193],[-93.91726,39.07163],[-93.91692,39.07884],[-93.9031,39.07837],[-93.90291,39.08564],[-93.90333,39.08566],[-93.90331,39.08624],[-93.90353,39.08638],[-93.90434,39.08616],[-93.90434,39.08645],[-93.90477,39.08653],[-93.9051,39.08694],[-93.90546,39.08683],[-93.90574,39.08716],[-93.9061,39.08727],[-93.90661,39.08782],[-93.9068,39.08864],[-93.90739,39.08859],[-93.90787,39.08816],[-93.90818,39.08809],[-93.9084,39.08838],[-93.90836,39.08882],[-93.90745,39.0894],[-93.90753,39.08958],[-93.90862,39.08953],[-93.90907,39.08884],[-93.90945,39.0889],[-93.90963,39.08936],[-93.90942,39.08964],[-93.90824,39.09018],[-93.9082,39.09076],[-93.90841,39.09087],[-93.90904,39.09085],[-93.90974,39.09022],[-93.91054,39.08995],[-93.91072,39.0897],[-93.91074,39.08926],[-93.91033,39.08862],[-93.91043,39.08844],[-93.91096,39.08854],[-93.91193,39.08815],[-93.91209,39.08783],[-93.91237,39.0877],[-93.91301,39.08786],[-93.91376,39.08839],[-93.91395,39.0888],[-93.91388,39.08903],[-93.91305,39.08988],[-93.91316,39.0904],[-93.91364,39.09063],[-93.91378,39.09091],[-93.91373,39.09145],[-93.9133,39.09194],[-93.91278,39.09209],[-93.91209,39.09185],[-93.91114,39.09061],[-93.91068,39.0906],[-93.9105,39.09079],[-93.91052,39.09165],[-93.91124,39.09302],[-93.91066,39.0936],[-93.9107,39.09404],[-93.9113,39.09518],[-93.91241,39.09504],[-93.91295,39.09523],[-93.91303,39.09576],[-93.91281,39.09626],[-93.91297,39.0969],[-93.91345,39.09704],[-93.914,39.09688],[-93.91428,39.09706],[-93.91443,39.09742],[-93.91433,39.09848],[-93.91517,39.09919],[-93.91482,39.09946],[-93.91409,39.09921],[-93.91392,39.09964],[-93.91458,39.10048],[-93.91635,39.10166],[-93.91625,39.102],[-93.91661,39.10288],[-93.91808,39.10301],[-93.91843,39.10333],[-93.91839,39.1038],[-93.9187,39.10394],[-93.91953,39.10383],[-93.91978,39.1044],[-93.92057,39.10385],[-93.92118,39.10434],[-93.92197,39.10429],[-93.92243,39.10462],[-93.92304,39.10452],[-93.92434,39.10521],[-93.92431,39.10573],[-93.92374,39.10628],[-93.9225,39.10686],[-93.92167,39.10672],[-93.92154,39.10735],[-93.92163,39.10801],[-93.92275,39.10801],[-93.92429,39.10734],[-93.92455,39.10779],[-93.92421,39.10901],[-93.92489,39.10976],[-93.92531,39.1096],[-93.9258,39.10892],[-93.92646,39.10864],[-93.92701,39.10879],[-93.92916,39.10995],[-93.93032,39.10957],[-93.9307,39.1096],[-93.93146,39.11022],[-93.9338,39.11146],[-93.93432,39.11218],[-93.93528,39.11251],[-93.9352,39.11329],[-93.93564,39.114],[-93.93565,39.11431],[-93.9365,39.11488],[-93.93703,39.11494],[-93.93812,39.11449],[-93.9389,39.11452],[-93.93956,39.11476],[-93.93903,39.11531],[-93.93915,39.11602],[-93.94037,39.11645],[-93.94112,39.11719],[-93.94186,39.11753],[-93.94187,39.11786],[-93.94137,39.11867],[-93.94142,39.11892],[-93.94193,39.11896],[-93.94257,39.11842],[-93.94304,39.11833],[-93.94445,39.11999],[-93.94488,39.12015],[-93.94585,39.11993],[-93.94618,39.11999],[-93.94713,39.12105],[-93.94688,39.12193],[-93.94619,39.12264],[-93.94619,39.12302],[-93.94548,39.12354],[-93.94583,39.12418],[-93.94571,39.12453],[-93.94508,39.12461],[-93.9432,39.1244],[-93.94294,39.12454],[-93.94265,39.12536],[-93.9424,39.1254],[-93.94167,39.12492],[-93.94107,39.12501],[-93.94046,39.12545],[-93.94039,39.12566],[-93.94131,39.12732],[-93.94174,39.12752],[-93.94258,39.12736],[-93.94268,39.12746],[-93.9426,39.12774],[-93.94174,39.12837],[-93.94049,39.12834],[-93.94013,39.12846],[-93.94017,39.1294],[-93.93989,39.13039],[-93.93768,39.13064],[-93.93696,39.13103],[-93.93678,39.1314],[-93.93692,39.13159],[-93.93814,39.13167],[-93.93858,39.13192],[-93.93863,39.13219],[-93.93821,39.13302],[-93.93783,39.13464],[-93.93813,39.13495],[-93.93951,39.13553],[-93.93918,39.13618],[-93.93786,39.13718],[-93.93772,39.13753],[-93.93841,39.13772],[-93.93947,39.13687],[-93.94026,39.13677],[-93.94082,39.13692],[-93.94141,39.13841],[-93.9428,39.1392],[-93.94292,39.13941],[-93.94265,39.13969],[-93.94151,39.14014],[-93.94145,39.14034],[-93.94181,39.1408],[-93.94223,39.14101],[-93.9434,39.14087],[-93.94429,39.14098],[-93.94462,39.14138],[-93.94409,39.14222],[-93.94413,39.14255],[-93.94637,39.14308],[-93.94683,39.14299],[-93.94718,39.14266],[-93.9472,39.14123],[-93.94746,39.14071],[-93.94845,39.14046],[-93.94881,39.14054],[-93.94924,39.14093],[-93.94954,39.14155],[-93.94953,39.14204],[-93.94862,39.14285],[-93.94833,39.14344],[-93.9495,39.14562],[-93.9503,39.1461],[-93.95039,39.14632],[-93.95017,39.14758],[-93.94911,39.14863],[-93.94931,39.14956],[-93.95046,39.15084],[-93.95833,39.14517],[-93.96116,39.14356],[-93.96701,39.14237],[-93.96911,39.14227],[-93.97354,39.14327],[-93.97909,39.14546],[-93.98471,39.14899],[-93.98889,39.15278],[-93.99427,39.15638],[-94.00049,39.15826],[-94.0066,39.15921],[-94.01248,39.15872],[-94.01823,39.1572],[-94.02566,39.15388],[-94.03101,39.1509],[-94.03678,39.14732],[-94.04296,39.14252],[-94.04557,39.14084],[-94.05117,39.13804],[-94.05664,39.13554],[-94.05898,39.13482],[-94.06246,39.13428],[-94.07299,39.13402],[-94.07861,39.13425],[-94.08456,39.13505],[-94.08714,39.13554],[-94.0895,39.13629],[-94.09682,39.13916],[-94.10339,39.14242],[-94.10482,39.14351],[-94.10523,39.13155]]]}},{"type":"Feature","properties":{"ZIP":"64098"},"geometry":{"type":"Polygon","coordinates":[[[-94.99455,39.49769],[-94.99461,39.48671],[-94.98602,39.47641],[-94.98393,39.47415],[-94.9841,39.47404],[-94.97801,39.46792],[-94.96688,39.45781],[-94.96947,39.45578],[-94.96932,39.45327],[-94.96969,39.44086],[-94.9707,39.44126],[-94.9727,39.44049],[-94.97924,39.43684],[-94.9788,39.43624],[-94.97806,39.43441],[-94.97713,39.42842],[-94.97661,39.4267],[-94.97513,39.42435],[-94.97296,39.4217],[-94.96898,39.41888],[-94.96808,39.41833],[-94.96449,39.41672],[-94.95946,39.41541],[-94.95482,39.41384],[-94.95121,39.41171],[-94.94787,39.4086],[-94.94707,39.40732],[-94.9463,39.40564],[-94.94619,39.40356],[-94.94672,39.40092],[-94.94623,39.39565],[-94.94558,39.39385],[-94.94407,39.39159],[-94.94204,39.3895],[-94.9397,39.38795],[-94.93716,39.38653],[-94.93365,39.38554],[-94.93058,39.38506],[-94.923,39.38488],[-94.91923,39.38517],[-94.91586,39.38635],[-94.9061,39.39097],[-94.90183,39.3928],[-94.90013,39.39333],[-94.89788,39.39362],[-94.89185,39.39331],[-94.88897,39.39243],[-94.8868,39.39132],[-94.88503,39.3898],[-94.882,39.38565],[-94.88098,39.3839],[-94.87928,39.37978],[-94.87905,39.37749],[-94.87909,39.3757],[-94.87949,39.375],[-94.88032,39.37244],[-94.88136,39.37038],[-94.87918,39.37046],[-94.8771,39.37013],[-94.87549,39.37023],[-94.87428,39.37058],[-94.86847,39.37171],[-94.86786,39.37194],[-94.86723,39.37243],[-94.86696,39.3734],[-94.8671,39.37421],[-94.86782,39.37526],[-94.86909,39.37634],[-94.86917,39.37673],[-94.8697,39.37746],[-94.86916,39.37781],[-94.86722,39.37835],[-94.86728,39.37867],[-94.86843,39.37924],[-94.86881,39.3799],[-94.86839,39.3808],[-94.86707,39.38218],[-94.86616,39.38224],[-94.86488,39.38184],[-94.86199,39.38015],[-94.86174,39.38022],[-94.86098,39.38113],[-94.86005,39.38168],[-94.85959,39.38185],[-94.85879,39.38182],[-94.85868,39.38144],[-94.85975,39.38086],[-94.86053,39.37995],[-94.86042,39.37954],[-94.85954,39.37902],[-94.85792,39.37869],[-94.85734,39.37891],[-94.85585,39.37885],[-94.85479,39.37838],[-94.85415,39.37833],[-94.85371,39.37863],[-94.85367,39.37932],[-94.85305,39.37962],[-94.85186,39.37859],[-94.85059,39.3783],[-94.85036,39.37842],[-94.8499,39.3795],[-94.84856,39.38077],[-94.84791,39.3812],[-94.84805,39.38198],[-94.84655,39.38207],[-94.8459,39.38132],[-94.84531,39.38101],[-94.8447,39.38113],[-94.84468,39.38136],[-94.84498,39.38187],[-94.84493,39.38212],[-94.84474,39.38219],[-94.84366,39.38172],[-94.84331,39.38173],[-94.84314,39.38241],[-94.84331,39.38369],[-94.84328,39.38505],[-94.84311,39.38542],[-94.84145,39.38545],[-94.84024,39.38672],[-94.83982,39.38674],[-94.8384,39.3862],[-94.83738,39.38662],[-94.8374,39.38697],[-94.83838,39.38729],[-94.83821,39.38791],[-94.83915,39.38838],[-94.83918,39.38856],[-94.83839,39.38963],[-94.83802,39.38976],[-94.83784,39.39001],[-94.83849,39.39044],[-94.83854,39.39063],[-94.83862,39.39142],[-94.8383,39.39257],[-94.83791,39.39277],[-94.837,39.39227],[-94.83653,39.39245],[-94.8359,39.3924],[-94.83569,39.39276],[-94.83587,39.39322],[-94.83763,39.39363],[-94.8376,39.39393],[-94.83736,39.39405],[-94.83701,39.39473],[-94.83708,39.39499],[-94.83737,39.39517],[-94.83744,39.39555],[-94.83697,39.39594],[-94.83585,39.39568],[-94.83501,39.3965],[-94.83404,39.3969],[-94.83367,39.39739],[-94.83375,39.3979],[-94.83348,39.39825],[-94.8321,39.39745],[-94.83156,39.39739],[-94.83075,39.39745],[-94.83003,39.39799],[-94.83141,39.3993],[-94.83237,39.39869],[-94.83296,39.39879],[-94.83474,39.40002],[-94.83516,39.40056],[-94.83511,39.40077],[-94.83488,39.40086],[-94.83412,39.40069],[-94.83324,39.40074],[-94.83225,39.40119],[-94.832,39.40148],[-94.83233,39.40207],[-94.8334,39.40236],[-94.83417,39.40294],[-94.8346,39.40393],[-94.8339,39.40504],[-94.83298,39.4054],[-94.83282,39.406],[-94.83203,39.40737],[-94.83081,39.40769],[-94.83082,39.40819],[-94.83146,39.40942],[-94.83185,39.40977],[-94.8319,39.41017],[-94.83123,39.41036],[-94.82997,39.41027],[-94.82976,39.41043],[-94.83003,39.4111],[-94.83084,39.41121],[-94.83109,39.41138],[-94.83107,39.41175],[-94.83087,39.41194],[-94.82724,39.41203],[-94.82697,39.41221],[-94.82684,39.41277],[-94.82756,39.41346],[-94.82755,39.4138],[-94.82609,39.41538],[-94.82524,39.4154],[-94.82493,39.41525],[-94.82502,39.41506],[-94.82586,39.4149],[-94.82586,39.41373],[-94.82565,39.41338],[-94.82492,39.41332],[-94.82382,39.41424],[-94.82332,39.41434],[-94.82295,39.41468],[-94.82257,39.41598],[-94.8199,39.41826],[-94.81952,39.41935],[-94.81958,39.41957],[-94.82106,39.41938],[-94.82138,39.41946],[-94.8214,39.41964],[-94.82012,39.42039],[-94.81981,39.42107],[-94.81984,39.4214],[-94.82001,39.42153],[-94.82119,39.42165],[-94.82173,39.4219],[-94.82177,39.42241],[-94.82158,39.42292],[-94.82058,39.42391],[-94.82051,39.4244],[-94.82144,39.4246],[-94.82207,39.42399],[-94.82252,39.42387],[-94.82296,39.42395],[-94.82313,39.42441],[-94.82239,39.42514],[-94.82107,39.42558],[-94.81822,39.42572],[-94.81822,39.43],[-94.8178,39.42932],[-94.81719,39.42875],[-94.81657,39.42877],[-94.81631,39.42949],[-94.81648,39.43074],[-94.81688,39.4311],[-94.81751,39.43121],[-94.81807,39.43159],[-94.8183,39.43198],[-94.81824,39.4325],[-94.81792,39.4327],[-94.81684,39.43274],[-94.81588,39.43257],[-94.81532,39.43283],[-94.81471,39.43279],[-94.81432,39.43303],[-94.81471,39.43369],[-94.81468,39.43389],[-94.8141,39.43415],[-94.81399,39.43451],[-94.8141,39.43481],[-94.81376,39.43542],[-94.81376,39.43574],[-94.81426,39.43587],[-94.81482,39.43548],[-94.81552,39.43539],[-94.81636,39.43558],[-94.81662,39.43596],[-94.81662,39.43664],[-94.81621,39.43752],[-94.81597,39.43771],[-94.81563,39.43773],[-94.81485,39.43742],[-94.81426,39.43762],[-94.81425,39.4388],[-94.81407,39.43908],[-94.8134,39.43968],[-94.81223,39.44004],[-94.81218,39.44035],[-94.81263,39.44075],[-94.81308,39.44091],[-94.81379,39.44055],[-94.81477,39.44055],[-94.81497,39.44121],[-94.81567,39.44122],[-94.81607,39.44172],[-94.81499,39.44278],[-94.81378,39.44332],[-94.81307,39.4439],[-94.81279,39.44525],[-94.81237,39.44629],[-94.81232,39.44706],[-94.81257,39.44754],[-94.81309,39.44763],[-94.82181,39.44748],[-94.82198,39.45186],[-94.82163,39.45265],[-94.82195,39.45335],[-94.82195,39.45456],[-94.8202,39.45462],[-94.82028,39.46074],[-94.81726,39.46076],[-94.8174,39.4664],[-94.81734,39.47694],[-94.8142,39.47691],[-94.81425,39.4797],[-94.81358,39.48003],[-94.81272,39.47976],[-94.81203,39.47918],[-94.81186,39.47988],[-94.8122,39.48026],[-94.81253,39.48194],[-94.81239,39.48224],[-94.81209,39.4823],[-94.81104,39.48151],[-94.81029,39.48149],[-94.81011,39.48173],[-94.81015,39.48208],[-94.81081,39.48269],[-94.81064,39.48305],[-94.81073,39.48376],[-94.81039,39.48408],[-94.81019,39.48401],[-94.81018,39.48327],[-94.80949,39.4831],[-94.80928,39.4827],[-94.80878,39.48292],[-94.80871,39.48325],[-94.80816,39.48382],[-94.8084,39.4841],[-94.80963,39.4842],[-94.80968,39.48447],[-94.8087,39.48477],[-94.80842,39.48506],[-94.80844,39.48536],[-94.8087,39.48556],[-94.80884,39.48602],[-94.80843,39.48665],[-94.80814,39.4867],[-94.80764,39.48638],[-94.80713,39.48649],[-94.80713,39.48668],[-94.80762,39.48707],[-94.8075,39.48801],[-94.80729,39.48836],[-94.80649,39.48873],[-94.80559,39.49014],[-94.80549,39.4915],[-94.80582,39.49268],[-94.8042,39.49328],[-94.80409,39.4935],[-94.8042,39.4937],[-94.80505,39.49358],[-94.80524,39.49365],[-94.80533,39.49393],[-94.80531,39.49436],[-94.80467,39.49483],[-94.8045,39.49541],[-94.80414,39.49591],[-94.80434,39.4964],[-94.80437,39.49779],[-94.80887,39.49835],[-94.81719,39.49826],[-94.81713,39.5128],[-94.82636,39.51271],[-94.82642,39.5199],[-94.84526,39.5195],[-94.84574,39.51902],[-94.84669,39.51941],[-94.84866,39.51942],[-94.85025,39.51849],[-94.85175,39.51831],[-94.85241,39.51754],[-94.85321,39.51733],[-94.85359,39.51755],[-94.8541,39.51729],[-94.85435,39.51685],[-94.85511,39.51656],[-94.85534,39.51671],[-94.85539,39.51706],[-94.85515,39.51752],[-94.85569,39.51888],[-94.85572,39.5194],[-94.86596,39.51952],[-94.86594,39.51966],[-94.86644,39.51974],[-94.8664,39.52052],[-94.86682,39.52044],[-94.86693,39.52083],[-94.86754,39.52077],[-94.86807,39.52181],[-94.86873,39.52187],[-94.86881,39.52232],[-94.86901,39.52251],[-94.86972,39.52267],[-94.86984,39.52293],[-94.86952,39.52373],[-94.86971,39.52439],[-94.87001,39.52447],[-94.87034,39.52421],[-94.87059,39.52484],[-94.87146,39.525],[-94.87152,39.52523],[-94.8718,39.52535],[-94.87167,39.52575],[-94.87205,39.52583],[-94.8721,39.52617],[-94.87191,39.52661],[-94.87242,39.52666],[-94.87244,39.53235],[-94.89087,39.53247],[-94.891,39.51918],[-94.89674,39.51927],[-94.93974,39.51903],[-94.94167,39.51933],[-94.9426,39.51907],[-94.94643,39.51905],[-94.94686,39.51891],[-94.94699,39.51574],[-94.94729,39.51543],[-94.95641,39.51541],[-94.95645,39.51287],[-94.95627,39.51176],[-94.96571,39.51197],[-94.96584,39.51135],[-94.9652,39.51101],[-94.96565,39.50462],[-94.97496,39.50463],[-94.97503,39.49755],[-94.99455,39.49769]]]}},{"type":"Feature","properties":{"ZIP":"64101"},"geometry":{"type":"Polygon","coordinates":[[[-94.60728,39.1089],[-94.60721,39.10013],[-94.60688,39.09966],[-94.60644,39.09942],[-94.60598,39.0994],[-94.60483,39.09975],[-94.60477,39.09889],[-94.60218,39.09855],[-94.60241,39.09959],[-94.60225,39.10059],[-94.59835,39.10053],[-94.59968,39.09798],[-94.59646,39.09712],[-94.59507,39.10035],[-94.59539,39.10036],[-94.59418,39.10397],[-94.59302,39.10586],[-94.59234,39.10662],[-94.59211,39.10683],[-94.5913,39.10681],[-94.59103,39.10694],[-94.59272,39.10697],[-94.59155,39.10843],[-94.59459,39.10709],[-94.59957,39.10723],[-94.60176,39.1073],[-94.6031,39.10753],[-94.60728,39.1089]]]}},{"type":"Feature","properties":{"ZIP":"64102"},"geometry":{"type":"Polygon","coordinates":[[[-94.60724,39.0912],[-94.60717,39.08842],[-94.60681,39.08849],[-94.60665,39.08768],[-94.60613,39.08725],[-94.60528,39.08716],[-94.60456,39.08753],[-94.60414,39.08717],[-94.60389,39.0875],[-94.60174,39.0891],[-94.59996,39.09217],[-94.59916,39.09402],[-94.59738,39.09718],[-94.59652,39.09698],[-94.59646,39.09712],[-94.59968,39.09798],[-94.59835,39.10053],[-94.60225,39.10059],[-94.60241,39.09959],[-94.60218,39.09855],[-94.60477,39.09889],[-94.60483,39.09975],[-94.60632,39.0994],[-94.60688,39.09966],[-94.60721,39.10013],[-94.60724,39.0912]]]}},{"type":"Feature","properties":{"ZIP":"64105"},"geometry":{"type":"Polygon","coordinates":[[[-94.60736,39.11344],[-94.60728,39.1089],[-94.60332,39.10759],[-94.60176,39.1073],[-94.59459,39.10709],[-94.59155,39.10843],[-94.59272,39.10697],[-94.59103,39.10694],[-94.5913,39.10681],[-94.59211,39.10683],[-94.59234,39.10662],[-94.59302,39.10586],[-94.59418,39.10397],[-94.59539,39.10036],[-94.59507,39.10035],[-94.59652,39.09698],[-94.59551,39.09662],[-94.59322,39.09622],[-94.58718,39.09621],[-94.5834,39.09604],[-94.58312,39.10229],[-94.58197,39.10228],[-94.58184,39.10445],[-94.58304,39.10449],[-94.58302,39.10552],[-94.58262,39.10634],[-94.58152,39.10627],[-94.58132,39.10733],[-94.58132,39.10758],[-94.58214,39.10747],[-94.58225,39.10784],[-94.58269,39.10774],[-94.58287,39.10831],[-94.58246,39.10839],[-94.58257,39.10884],[-94.58284,39.10957],[-94.58328,39.10958],[-94.58366,39.11082],[-94.58098,39.11138],[-94.58052,39.11299],[-94.57818,39.11319],[-94.57902,39.11737],[-94.57996,39.11685],[-94.57992,39.11673],[-94.5889,39.11292],[-94.59225,39.11117],[-94.59573,39.11],[-94.59776,39.10976],[-94.59866,39.10983],[-94.6039,39.11091],[-94.60736,39.11344]]]}},{"type":"Feature","properties":{"ZIP":"64106"},"geometry":{"type":"Polygon","coordinates":[[[-94.58366,39.11082],[-94.58328,39.10958],[-94.58284,39.10957],[-94.58257,39.10884],[-94.58246,39.10839],[-94.58287,39.10831],[-94.58269,39.10774],[-94.58225,39.10784],[-94.58214,39.10747],[-94.58132,39.10758],[-94.58132,39.10733],[-94.58152,39.10627],[-94.58262,39.10634],[-94.58302,39.10552],[-94.58304,39.10449],[-94.58184,39.10445],[-94.58197,39.10228],[-94.58312,39.10229],[-94.5834,39.09604],[-94.57825,39.09579],[-94.57289,39.09666],[-94.5728,39.09624],[-94.57144,39.09619],[-94.57158,39.09547],[-94.56084,39.09511],[-94.56065,39.09911],[-94.5596,39.09914],[-94.55944,39.10032],[-94.56059,39.10036],[-94.56045,39.10289],[-94.55825,39.1027],[-94.55813,39.10475],[-94.56036,39.10481],[-94.55996,39.10831],[-94.55851,39.10824],[-94.55844,39.10919],[-94.5586,39.10919],[-94.55861,39.11014],[-94.55895,39.11116],[-94.56045,39.11255],[-94.56067,39.11307],[-94.55936,39.11389],[-94.55751,39.11453],[-94.55635,39.11546],[-94.55127,39.1168],[-94.54911,39.1172],[-94.54889,39.11705],[-94.54894,39.11666],[-94.54964,39.11586],[-94.54891,39.11523],[-94.54878,39.11489],[-94.54941,39.11357],[-94.54815,39.11357],[-94.54808,39.11769],[-94.54818,39.11818],[-94.54987,39.11791],[-94.56859,39.11396],[-94.57313,39.11349],[-94.5782,39.11329],[-94.58052,39.11299],[-94.58098,39.11138],[-94.58366,39.11082]]]}},{"type":"Feature","properties":{"ZIP":"64108"},"geometry":{"type":"Polygon","coordinates":[[[-94.60734,39.08211],[-94.60723,39.07381],[-94.60734,39.07243],[-94.60663,39.07184],[-94.57772,39.07074],[-94.57771,39.07122],[-94.57721,39.07105],[-94.57711,39.0712],[-94.57705,39.07253],[-94.57753,39.07255],[-94.57751,39.07292],[-94.57705,39.07291],[-94.57702,39.07366],[-94.57722,39.07367],[-94.5772,39.07407],[-94.57746,39.07408],[-94.57755,39.07436],[-94.57748,39.0757],[-94.57692,39.07568],[-94.57683,39.07761],[-94.57622,39.07758],[-94.57621,39.07792],[-94.56171,39.0774],[-94.56128,39.08582],[-94.55782,39.08569],[-94.55782,39.08603],[-94.55862,39.08606],[-94.55879,39.08622],[-94.55872,39.08784],[-94.5574,39.08821],[-94.55657,39.0882],[-94.55654,39.0888],[-94.5588,39.08847],[-94.56116,39.08837],[-94.56103,39.09114],[-94.56035,39.09111],[-94.56024,39.09272],[-94.56095,39.09274],[-94.56087,39.0944],[-94.56049,39.09438],[-94.56047,39.09497],[-94.56084,39.09498],[-94.56084,39.09511],[-94.57158,39.09547],[-94.57144,39.09619],[-94.5728,39.09624],[-94.57289,39.09666],[-94.57874,39.09579],[-94.58718,39.09621],[-94.59322,39.09622],[-94.59551,39.09662],[-94.59738,39.09718],[-94.59916,39.09402],[-94.59996,39.09217],[-94.60174,39.0891],[-94.60389,39.0875],[-94.60414,39.08717],[-94.60456,39.08753],[-94.60551,39.08713],[-94.60648,39.08745],[-94.60673,39.08787],[-94.60681,39.08849],[-94.60717,39.08842],[-94.60722,39.08971],[-94.60722,39.08247],[-94.60734,39.08211]]]}},{"type":"Feature","properties":{"ZIP":"64109"},"geometry":{"type":"Polygon","coordinates":[[[-94.58553,39.06668],[-94.58558,39.06575],[-94.58441,39.06572],[-94.58431,39.06494],[-94.58348,39.0649],[-94.58328,39.06472],[-94.58093,39.06464],[-94.581,39.06361],[-94.58043,39.06359],[-94.58047,39.06239],[-94.58054,39.06179],[-94.581,39.06181],[-94.58105,39.06143],[-94.58057,39.06141],[-94.58064,39.06022],[-94.58126,39.06023],[-94.58128,39.06002],[-94.58065,39.06],[-94.58084,39.0568],[-94.58034,39.05667],[-94.58,39.05635],[-94.55704,39.05555],[-94.55706,39.05521],[-94.5559,39.05517],[-94.55588,39.05551],[-94.55471,39.05548],[-94.55464,39.05654],[-94.5541,39.05652],[-94.55408,39.05732],[-94.55349,39.05731],[-94.55346,39.05785],[-94.55403,39.05787],[-94.55396,39.05907],[-94.55449,39.05909],[-94.55447,39.05936],[-94.55398,39.05935],[-94.5539,39.06084],[-94.55445,39.06086],[-94.55437,39.06267],[-94.5532,39.06263],[-94.55311,39.06444],[-94.55371,39.06446],[-94.55362,39.06626],[-94.55301,39.06623],[-94.55293,39.06805],[-94.55407,39.06809],[-94.5539,39.07193],[-94.55335,39.07191],[-94.55323,39.0736],[-94.55316,39.0751],[-94.55373,39.07512],[-94.55372,39.07534],[-94.55257,39.07528],[-94.55248,39.07709],[-94.57621,39.07792],[-94.57622,39.07758],[-94.57683,39.07761],[-94.57692,39.07568],[-94.57748,39.0757],[-94.57755,39.07436],[-94.57746,39.07408],[-94.5772,39.07407],[-94.57722,39.07367],[-94.57702,39.07366],[-94.57705,39.07291],[-94.57751,39.07292],[-94.57753,39.07255],[-94.57705,39.07253],[-94.57721,39.07105],[-94.57771,39.07122],[-94.57772,39.07074],[-94.58004,39.07083],[-94.5802,39.06829],[-94.5848,39.06844],[-94.58545,39.06833],[-94.58553,39.06668]]]}},{"type":"Feature","properties":{"ZIP":"64110"},"geometry":{"type":"Polygon","coordinates":[[[-94.58384,39.01283],[-94.58387,39.01242],[-94.58203,39.01234],[-94.5808,39.0127],[-94.5808,39.01228],[-94.57979,39.01224],[-94.57977,39.01251],[-94.57935,39.0125],[-94.57936,39.01226],[-94.57695,39.01214],[-94.57689,39.01335],[-94.56478,39.01285],[-94.56479,39.01454],[-94.56338,39.01496],[-94.56448,39.01652],[-94.56499,39.01629],[-94.56555,39.01724],[-94.56524,39.0176],[-94.56491,39.01763],[-94.56493,39.01838],[-94.5648,39.01837],[-94.56478,39.01875],[-94.56489,39.01914],[-94.56475,39.01913],[-94.56473,39.01962],[-94.56434,39.01961],[-94.56424,39.02135],[-94.5644,39.02135],[-94.56437,39.02191],[-94.5642,39.02191],[-94.56364,39.03146],[-94.56383,39.03182],[-94.56421,39.03183],[-94.56419,39.03237],[-94.56358,39.0323],[-94.56348,39.03404],[-94.56381,39.03406],[-94.56381,39.03422],[-94.56347,39.03421],[-94.56327,39.0377],[-94.56387,39.03773],[-94.56368,39.0412],[-94.56028,39.04103],[-94.56108,39.0433],[-94.56253,39.04361],[-94.56355,39.0434],[-94.56346,39.04495],[-94.56169,39.0449],[-94.56245,39.04771],[-94.56242,39.04853],[-94.5619,39.04851],[-94.56146,39.0557],[-94.58145,39.0564],[-94.58035,39.05529],[-94.58044,39.05377],[-94.58099,39.05379],[-94.58108,39.05311],[-94.58165,39.05313],[-94.58167,39.05287],[-94.58107,39.05284],[-94.58127,39.04951],[-94.58186,39.04966],[-94.58189,39.04916],[-94.58132,39.049],[-94.58126,39.04794],[-94.58141,39.04687],[-94.58201,39.04689],[-94.58206,39.04618],[-94.57974,39.0461],[-94.57976,39.04453],[-94.5787,39.04193],[-94.57994,39.04209],[-94.58003,39.04064],[-94.57849,39.04059],[-94.57873,39.0385],[-94.58248,39.03868],[-94.58311,39.02689],[-94.58279,39.02687],[-94.58256,39.02628],[-94.58256,39.0256],[-94.58285,39.02068],[-94.58346,39.0207],[-94.5835,39.02],[-94.58288,39.01999],[-94.58304,39.01689],[-94.58334,39.0169],[-94.58338,39.01615],[-94.58307,39.01614],[-94.58314,39.01456],[-94.5832,39.01363],[-94.5838,39.01367],[-94.58384,39.01283]]]}},{"type":"Feature","properties":{"ZIP":"64111"},"geometry":{"type":"Polygon","coordinates":[[[-94.60736,39.04644],[-94.60737,39.04464],[-94.6028,39.04447],[-94.60159,39.04397],[-94.60096,39.0441],[-94.60074,39.04422],[-94.60073,39.04442],[-94.59421,39.0442],[-94.59421,39.04455],[-94.59375,39.0445],[-94.59373,39.04418],[-94.59116,39.04409],[-94.59115,39.04446],[-94.59041,39.04444],[-94.5903,39.04406],[-94.58974,39.04404],[-94.5895,39.04322],[-94.58821,39.04319],[-94.58804,39.04215],[-94.58674,39.0421],[-94.58689,39.04253],[-94.58685,39.04356],[-94.58565,39.04333],[-94.58459,39.0428],[-94.58376,39.04291],[-94.58317,39.04329],[-94.58281,39.04248],[-94.58249,39.04214],[-94.58229,39.04215],[-94.58248,39.03868],[-94.57873,39.0385],[-94.57849,39.04059],[-94.58003,39.04064],[-94.57994,39.04209],[-94.5787,39.04193],[-94.57976,39.04453],[-94.57974,39.0461],[-94.58206,39.04618],[-94.58201,39.04689],[-94.58141,39.04687],[-94.58126,39.04794],[-94.58132,39.049],[-94.58189,39.04916],[-94.58186,39.04966],[-94.58127,39.04951],[-94.58107,39.05284],[-94.58167,39.05287],[-94.58165,39.05313],[-94.58108,39.05311],[-94.58099,39.05379],[-94.58044,39.05377],[-94.58035,39.05529],[-94.58145,39.0564],[-94.58,39.05635],[-94.58034,39.05667],[-94.58084,39.0568],[-94.58065,39.06],[-94.58128,39.06002],[-94.58126,39.06023],[-94.58064,39.06022],[-94.58057,39.06141],[-94.58105,39.06143],[-94.581,39.06181],[-94.58054,39.06179],[-94.58043,39.06359],[-94.581,39.06361],[-94.58093,39.06464],[-94.58328,39.06472],[-94.58348,39.0649],[-94.58431,39.06494],[-94.58441,39.06572],[-94.58558,39.06575],[-94.58545,39.06833],[-94.5848,39.06844],[-94.5802,39.06829],[-94.58004,39.07083],[-94.60644,39.0718],[-94.60677,39.07191],[-94.60734,39.07243],[-94.60733,39.0647],[-94.60717,39.0646],[-94.60732,39.06056],[-94.60736,39.04644]]]}},{"type":"Feature","properties":{"ZIP":"64112"},"geometry":{"type":"Polygon","coordinates":[[[-94.60754,39.03033],[-94.60757,39.02834],[-94.58678,39.02763],[-94.58441,39.0292],[-94.58478,39.02756],[-94.58307,39.02751],[-94.58229,39.04215],[-94.58249,39.04214],[-94.58281,39.04248],[-94.58317,39.04329],[-94.58376,39.04291],[-94.58459,39.0428],[-94.58565,39.04333],[-94.58685,39.04356],[-94.58689,39.04253],[-94.58674,39.0421],[-94.58804,39.04215],[-94.58821,39.04319],[-94.5895,39.04322],[-94.58974,39.04404],[-94.5903,39.04406],[-94.59041,39.04444],[-94.59115,39.04446],[-94.59116,39.04409],[-94.59373,39.04418],[-94.59375,39.0445],[-94.59421,39.04455],[-94.59421,39.0442],[-94.60073,39.04442],[-94.60074,39.04422],[-94.60096,39.0441],[-94.60159,39.04397],[-94.6028,39.04447],[-94.60737,39.04464],[-94.60754,39.03033]]]}},{"type":"Feature","properties":{"ZIP":"64113"},"geometry":{"type":"Polygon","coordinates":[[[-94.60787,39.00109],[-94.60787,39.00069],[-94.60336,39.00049],[-94.60339,39.00003],[-94.60042,38.99992],[-94.60038,39.00037],[-94.59716,39.0002],[-94.59723,38.99977],[-94.59686,38.99976],[-94.59684,39.00021],[-94.59604,39.00019],[-94.59446,39.00006],[-94.59449,38.99964],[-94.59328,38.99959],[-94.59324,39.00034],[-94.58913,39.00016],[-94.58915,38.99941],[-94.58678,38.99931],[-94.58667,39.00006],[-94.58448,39.00008],[-94.58444,39.00103],[-94.5839,39.001],[-94.58383,39.0019],[-94.5821,39.00184],[-94.58204,39.00274],[-94.58275,39.00276],[-94.58272,39.00363],[-94.58291,39.0042],[-94.5834,39.00405],[-94.58349,39.00424],[-94.5843,39.00401],[-94.58427,39.00462],[-94.58376,39.00463],[-94.58362,39.00479],[-94.58358,39.00763],[-94.58412,39.00764],[-94.584,39.01008],[-94.5838,39.01367],[-94.5832,39.01363],[-94.58307,39.01614],[-94.58338,39.01615],[-94.58334,39.0169],[-94.58304,39.01689],[-94.58288,39.01999],[-94.5835,39.02],[-94.58349,39.02027],[-94.58346,39.0207],[-94.58285,39.02068],[-94.58256,39.02628],[-94.58279,39.02687],[-94.58311,39.02689],[-94.58307,39.02751],[-94.58478,39.02756],[-94.58441,39.0292],[-94.58678,39.02763],[-94.60757,39.02834],[-94.60787,39.00109]]]}},{"type":"Feature","properties":{"ZIP":"64114"},"geometry":{"type":"MultiPolygon","coordinates":[[[[-94.58948,38.9124],[-94.58915,38.91175],[-94.58864,38.91152],[-94.58872,38.91228],[-94.58899,38.9123],[-94.58883,38.91432],[-94.58938,38.91436],[-94.58948,38.9124]]],[[[-94.60844,38.98003],[-94.6081,38.9637],[-94.60815,38.94302],[-94.60796,38.93611],[-94.60799,38.91292],[-94.60442,38.91302],[-94.60211,38.91342],[-94.60071,38.91385],[-94.60009,38.91274],[-94.59898,38.91301],[-94.59885,38.91279],[-94.59851,38.91288],[-94.59771,38.91265],[-94.59661,38.91259],[-94.59649,38.91224],[-94.5958,38.91237],[-94.59534,38.91247],[-94.5955,38.91291],[-94.59355,38.91287],[-94.59346,38.91422],[-94.59175,38.91419],[-94.59128,38.91442],[-94.59103,38.91484],[-94.58938,38.91436],[-94.58931,38.91524],[-94.58878,38.91521],[-94.58843,38.91771],[-94.58883,38.91799],[-94.58874,38.91819],[-94.58732,38.91784],[-94.58689,38.91866],[-94.58687,38.91887],[-94.58716,38.91902],[-94.58675,38.91978],[-94.58791,38.9204],[-94.58849,38.92041],[-94.58842,38.92157],[-94.58493,38.92134],[-94.58477,38.92307],[-94.58518,38.9231],[-94.58518,38.92327],[-94.58637,38.92333],[-94.58628,38.92405],[-94.58825,38.92407],[-94.58755,38.93333],[-94.58813,38.9336],[-94.58833,38.93449],[-94.58711,38.93446],[-94.58686,38.93661],[-94.58633,38.93694],[-94.58562,38.9369],[-94.5856,38.93751],[-94.58754,38.93759],[-94.58749,38.93961],[-94.58772,38.94004],[-94.58744,38.93999],[-94.58741,38.94059],[-94.58282,38.94039],[-94.58276,38.94188],[-94.58309,38.94181],[-94.58347,38.94136],[-94.58385,38.9412],[-94.58734,38.94121],[-94.58701,38.94625],[-94.58711,38.94801],[-94.58683,38.94846],[-94.58701,38.94856],[-94.58692,38.95029],[-94.5875,38.95036],[-94.58748,38.95087],[-94.58731,38.95278],[-94.5868,38.95277],[-94.5866,38.95694],[-94.58438,38.95616],[-94.58387,38.95561],[-94.582,38.95552],[-94.58194,38.95685],[-94.58179,38.96006],[-94.58647,38.9602],[-94.58614,38.96653],[-94.58594,38.96653],[-94.58584,38.9684],[-94.58606,38.96841],[-94.5858,38.97383],[-94.58518,38.9738],[-94.58502,38.9773],[-94.58562,38.9775],[-94.58518,38.9869],[-94.5846,38.98687],[-94.58444,38.99013],[-94.58425,38.99012],[-94.58418,38.99149],[-94.58495,38.99153],[-94.58448,39.00008],[-94.58667,39.00006],[-94.58678,38.99931],[-94.58915,38.99941],[-94.58913,39.00016],[-94.59324,39.00034],[-94.59328,38.99959],[-94.59449,38.99964],[-94.59446,39.00006],[-94.59604,39.00019],[-94.59684,39.00021],[-94.59686,38.99976],[-94.59723,38.99977],[-94.59716,39.0002],[-94.60038,39.00037],[-94.60042,38.99992],[-94.60339,39.00003],[-94.60336,39.00049],[-94.60787,39.00069],[-94.608,38.98762],[-94.60844,38.98003]]]]}},{"type":"Feature","properties":{"ZIP":"64116"},"geometry":{"type":"Polygon","coordinates":[[[-94.60852,39.11624],[-94.60736,39.11344],[-94.6039,39.11091],[-94.59866,39.10983],[-94.59776,39.10976],[-94.59573,39.11],[-94.59225,39.11117],[-94.58893,39.1129],[-94.57992,39.11673],[-94.57996,39.11685],[-94.57883,39.11747],[-94.56578,39.12326],[-94.56377,39.1237],[-94.55832,39.12576],[-94.55495,39.12743],[-94.54957,39.13089],[-94.54613,39.1343],[-94.53923,39.1427],[-94.53406,39.14591],[-94.5352,39.14855],[-94.53616,39.15027],[-94.54012,39.1482],[-94.54174,39.14762],[-94.54353,39.14729],[-94.54867,39.14681],[-94.54803,39.15198],[-94.54816,39.15355],[-94.54844,39.15366],[-94.54855,39.15408],[-94.54904,39.15475],[-94.54931,39.15565],[-94.54928,39.15969],[-94.54815,39.15966],[-94.54814,39.15921],[-94.54672,39.15917],[-94.54675,39.15988],[-94.54715,39.16002],[-94.54776,39.16089],[-94.54775,39.16195],[-94.54857,39.16325],[-94.54953,39.16432],[-94.54932,39.16417],[-94.54778,39.16446],[-94.54912,39.16599],[-94.54907,39.16973],[-94.54926,39.16987],[-94.54905,39.17064],[-94.54896,39.17977],[-94.55128,39.17981],[-94.55121,39.18089],[-94.55902,39.18103],[-94.55953,39.1794],[-94.55959,39.17852],[-94.55941,39.17735],[-94.55879,39.17548],[-94.55923,39.17469],[-94.55981,39.17427],[-94.56193,39.1764],[-94.56319,39.17721],[-94.56515,39.17815],[-94.56744,39.17882],[-94.56742,39.17991],[-94.56881,39.17942],[-94.56969,39.17942],[-94.56969,39.18113],[-94.57672,39.18118],[-94.57674,39.1796],[-94.5822,39.17964],[-94.58375,39.17989],[-94.58559,39.18047],[-94.58663,39.18033],[-94.59305,39.18339],[-94.59379,39.18156],[-94.59549,39.18266],[-94.59626,39.1829],[-94.59712,39.18295],[-94.59727,39.18221],[-94.59962,39.18107],[-94.6014,39.18059],[-94.60154,39.16744],[-94.59867,39.16626],[-94.59896,39.16532],[-94.60156,39.16611],[-94.60173,39.1596],[-94.59385,39.15683],[-94.59066,39.15477],[-94.58866,39.15116],[-94.58839,39.14887],[-94.58872,39.14502],[-94.5894,39.14054],[-94.5899,39.13898],[-94.59108,39.13684],[-94.60512,39.12326],[-94.60694,39.12097],[-94.6077,39.11969],[-94.60826,39.1183],[-94.60852,39.11624]]]}},{"type":"Feature","properties":{"ZIP":"64117"},"geometry":{"type":"Polygon","coordinates":[[[-94.54943,39.16423],[-94.54857,39.16325],[-94.54775,39.16195],[-94.54779,39.16101],[-94.54747,39.16038],[-94.54698,39.15987],[-94.54675,39.15988],[-94.54672,39.15917],[-94.54814,39.15921],[-94.54815,39.15966],[-94.54928,39.15969],[-94.54931,39.15565],[-94.54904,39.15475],[-94.54855,39.15408],[-94.54844,39.15366],[-94.54816,39.15355],[-94.54803,39.15198],[-94.54867,39.14681],[-94.54353,39.14729],[-94.54174,39.14762],[-94.54012,39.1482],[-94.53616,39.15027],[-94.5352,39.14855],[-94.53406,39.14591],[-94.5299,39.14733],[-94.52346,39.14877],[-94.51268,39.15045],[-94.50641,39.15091],[-94.49903,39.1506],[-94.4982,39.15042],[-94.49774,39.15819],[-94.49525,39.16341],[-94.49311,39.16855],[-94.49283,39.18058],[-94.49736,39.18068],[-94.50031,39.18038],[-94.50381,39.18037],[-94.51095,39.18072],[-94.51606,39.18057],[-94.52603,39.18076],[-94.52127,39.18366],[-94.52126,39.18409],[-94.52447,39.18198],[-94.52687,39.18095],[-94.52869,39.18036],[-94.53039,39.18031],[-94.53071,39.18017],[-94.53103,39.1798],[-94.53125,39.17857],[-94.53174,39.17855],[-94.53195,39.17874],[-94.5319,39.18266],[-94.53448,39.18242],[-94.53447,39.18134],[-94.53522,39.18116],[-94.53753,39.18016],[-94.53889,39.1792],[-94.53922,39.17964],[-94.54035,39.17943],[-94.54063,39.18115],[-94.54139,39.1812],[-94.54137,39.1809],[-94.54882,39.18088],[-94.54895,39.18083],[-94.54905,39.17064],[-94.54926,39.16987],[-94.54907,39.16973],[-94.54912,39.16599],[-94.54778,39.16446],[-94.54943,39.16423]]]}},{"type":"Feature","properties":{"ZIP":"64118"},"geometry":{"type":"Polygon","coordinates":[[[-94.6044,39.21019],[-94.60103,39.21009],[-94.60111,39.19585],[-94.60398,39.19587],[-94.60408,39.19572],[-94.60411,39.19303],[-94.60117,39.19301],[-94.60129,39.18727],[-94.59955,39.18639],[-94.60015,39.18411],[-94.60001,39.18317],[-94.60065,39.18282],[-94.60123,39.18187],[-94.60146,39.18176],[-94.60146,39.18014],[-94.6014,39.18059],[-94.59962,39.18107],[-94.59727,39.18221],[-94.59712,39.18295],[-94.59626,39.1829],[-94.59549,39.18266],[-94.59379,39.18156],[-94.59305,39.18339],[-94.58663,39.18033],[-94.58559,39.18047],[-94.58375,39.17989],[-94.5822,39.17964],[-94.57674,39.1796],[-94.57672,39.18118],[-94.56969,39.18113],[-94.56969,39.17942],[-94.56881,39.17942],[-94.56742,39.17991],[-94.56744,39.17882],[-94.56515,39.17815],[-94.56319,39.17721],[-94.56193,39.1764],[-94.55981,39.17427],[-94.55923,39.17469],[-94.55879,39.17548],[-94.55941,39.17735],[-94.55959,39.17852],[-94.55953,39.1794],[-94.55902,39.18103],[-94.55121,39.18089],[-94.55128,39.17981],[-94.54896,39.17977],[-94.54895,39.18083],[-94.54954,39.18085],[-94.54999,39.18319],[-94.54945,39.18376],[-94.5497,39.18419],[-94.54888,39.18424],[-94.54852,39.20545],[-94.54912,39.20554],[-94.54908,39.20672],[-94.5485,39.20668],[-94.54854,39.21882],[-94.54826,39.22671],[-94.54857,39.22688],[-94.54851,39.22812],[-94.54841,39.22846],[-94.54817,39.22861],[-94.54844,39.22913],[-94.54825,39.22913],[-94.54818,39.23141],[-94.54832,39.23384],[-94.54758,39.23381],[-94.54743,39.23456],[-94.54774,39.23496],[-94.54873,39.23485],[-94.54875,39.23536],[-94.54906,39.23563],[-94.54912,39.23602],[-94.54949,39.23604],[-94.54957,39.23629],[-94.54819,39.23687],[-94.54818,39.23961],[-94.54877,39.24038],[-94.54958,39.24043],[-94.55008,39.24074],[-94.55032,39.24114],[-94.55168,39.24135],[-94.55196,39.24156],[-94.55235,39.24241],[-94.55237,39.24305],[-94.55229,39.2433],[-94.55194,39.24349],[-94.55194,39.24382],[-94.55232,39.24405],[-94.55314,39.24651],[-94.55389,39.24607],[-94.55392,39.24561],[-94.55495,39.24567],[-94.55529,39.24601],[-94.55539,39.2469],[-94.5541,39.24745],[-94.55394,39.248],[-94.55923,39.24741],[-94.56144,39.2466],[-94.56257,39.24635],[-94.56735,39.24632],[-94.56735,39.24566],[-94.57257,39.24557],[-94.57254,39.24636],[-94.58049,39.24633],[-94.58051,39.24461],[-94.58511,39.24453],[-94.58516,39.24282],[-94.58899,39.24277],[-94.58917,39.24059],[-94.58945,39.24058],[-94.58973,39.24635],[-94.60098,39.24637],[-94.60108,39.24527],[-94.60137,39.2444],[-94.60095,39.24256],[-94.60089,39.23723],[-94.60369,39.23711],[-94.60377,39.23653],[-94.60373,39.23335],[-94.60097,39.23336],[-94.60106,39.21748],[-94.60171,39.21748],[-94.60231,39.21592],[-94.60353,39.21564],[-94.60376,39.21524],[-94.60397,39.21098],[-94.6044,39.21019]]]}},{"type":"Feature","properties":{"ZIP":"64119"},"geometry":{"type":"Polygon","coordinates":[[[-94.55539,39.2469],[-94.55529,39.24601],[-94.55495,39.24567],[-94.55447,39.24555],[-94.55392,39.24561],[-94.55389,39.24607],[-94.55314,39.24651],[-94.55232,39.24405],[-94.55194,39.24382],[-94.55194,39.24349],[-94.55229,39.2433],[-94.55237,39.24305],[-94.55235,39.24241],[-94.55196,39.24156],[-94.55168,39.24135],[-94.55032,39.24114],[-94.55008,39.24074],[-94.54958,39.24043],[-94.54877,39.24038],[-94.54818,39.23961],[-94.54819,39.23687],[-94.54957,39.23629],[-94.54949,39.23604],[-94.54912,39.23602],[-94.54906,39.23563],[-94.54875,39.23536],[-94.54873,39.23485],[-94.54774,39.23496],[-94.54743,39.23456],[-94.54758,39.23381],[-94.54832,39.23384],[-94.54818,39.23141],[-94.54825,39.22913],[-94.54844,39.22913],[-94.54817,39.22861],[-94.54841,39.22846],[-94.54851,39.22812],[-94.54857,39.22688],[-94.54826,39.22671],[-94.54854,39.21882],[-94.5485,39.20668],[-94.54908,39.20672],[-94.54912,39.20554],[-94.54852,39.20545],[-94.54875,39.18939],[-94.54888,39.18424],[-94.5497,39.18419],[-94.54945,39.18376],[-94.54999,39.18319],[-94.54954,39.18085],[-94.54137,39.1809],[-94.54139,39.1812],[-94.54063,39.18115],[-94.54035,39.17943],[-94.53922,39.17964],[-94.53889,39.1792],[-94.53753,39.18016],[-94.53522,39.18116],[-94.53447,39.18134],[-94.53448,39.18242],[-94.5319,39.18266],[-94.53195,39.17874],[-94.53174,39.17855],[-94.53125,39.17857],[-94.53103,39.1798],[-94.53071,39.18017],[-94.53039,39.18031],[-94.52869,39.18036],[-94.52687,39.18095],[-94.52447,39.18198],[-94.52126,39.18409],[-94.52127,39.18366],[-94.52603,39.18076],[-94.51606,39.18057],[-94.51095,39.18072],[-94.50381,39.18037],[-94.50031,39.18038],[-94.49697,39.18068],[-94.47531,39.18042],[-94.47519,39.19484],[-94.48458,39.19497],[-94.48432,39.1985],[-94.49259,39.19855],[-94.49248,39.20422],[-94.49227,39.20498],[-94.49087,39.20741],[-94.49061,39.209],[-94.49084,39.2101],[-94.49117,39.21074],[-94.49312,39.21277],[-94.49295,39.2284],[-94.49411,39.22843],[-94.49542,39.22879],[-94.49294,39.23287],[-94.49303,39.24429],[-94.51158,39.24317],[-94.51265,39.24437],[-94.51336,39.24479],[-94.51367,39.24545],[-94.53449,39.24578],[-94.53455,39.24461],[-94.53935,39.24625],[-94.53939,39.24599],[-94.54761,39.24894],[-94.54977,39.2482],[-94.55169,39.24822],[-94.55394,39.248],[-94.5541,39.24745],[-94.55539,39.2469]]]}},{"type":"Feature","properties":{"ZIP":"64120"},"geometry":{"type":"Polygon","coordinates":[[[-94.57902,39.11737],[-94.5782,39.11329],[-94.57795,39.11321],[-94.57313,39.11349],[-94.56746,39.11414],[-94.55146,39.11761],[-94.53843,39.11965],[-94.53109,39.12006],[-94.51821,39.12006],[-94.50938,39.11981],[-94.50777,39.1194],[-94.50823,39.11984],[-94.51079,39.12043],[-94.51062,39.1208],[-94.50947,39.12063],[-94.50991,39.12092],[-94.50789,39.12064],[-94.50588,39.12003],[-94.49904,39.11659],[-94.49626,39.11577],[-94.49227,39.11795],[-94.48875,39.11891],[-94.48147,39.11921],[-94.47734,39.11857],[-94.47539,39.11865],[-94.47313,39.11954],[-94.47063,39.1203],[-94.46845,39.12127],[-94.4676,39.12205],[-94.46755,39.12478],[-94.4679,39.12495],[-94.4682,39.12544],[-94.46825,39.12599],[-94.46866,39.12675],[-94.46932,39.12884],[-94.46933,39.1307],[-94.47633,39.137],[-94.48023,39.1414],[-94.48462,39.1455],[-94.48977,39.14831],[-94.49541,39.15039],[-94.4982,39.15042],[-94.49903,39.1506],[-94.50641,39.15091],[-94.51268,39.15045],[-94.52346,39.14877],[-94.5299,39.14733],[-94.53421,39.14586],[-94.53923,39.1427],[-94.54613,39.1343],[-94.54957,39.13089],[-94.55495,39.12743],[-94.55832,39.12576],[-94.56377,39.1237],[-94.56571,39.12329],[-94.57902,39.11737]]]}},{"type":"Feature","properties":{"ZIP":"64123"},"geometry":{"type":"Polygon","coordinates":[[[-94.54815,39.11818],[-94.54803,39.11735],[-94.54818,39.11091],[-94.54668,39.11092],[-94.54663,39.11157],[-94.54435,39.1115],[-94.54439,39.11061],[-94.54375,39.11059],[-94.54373,39.11107],[-94.54258,39.11103],[-94.54257,39.11132],[-94.5424,39.11144],[-94.5416,39.11141],[-94.54162,39.11096],[-94.54048,39.11092],[-94.54047,39.11113],[-94.54023,39.11112],[-94.54026,39.11048],[-94.53884,39.11043],[-94.5388,39.11133],[-94.53838,39.11132],[-94.5384,39.11089],[-94.53738,39.11085],[-94.53735,39.11128],[-94.52347,39.11072],[-94.52336,39.11261],[-94.51869,39.11247],[-94.51881,39.11063],[-94.51841,39.11062],[-94.51843,39.1103],[-94.51827,39.1103],[-94.51835,39.10883],[-94.51891,39.10884],[-94.51891,39.10834],[-94.51838,39.10833],[-94.51844,39.10737],[-94.51898,39.10738],[-94.51901,39.10706],[-94.51902,39.10683],[-94.51847,39.10681],[-94.51852,39.10597],[-94.51907,39.10599],[-94.51911,39.10521],[-94.51302,39.10498],[-94.50582,39.10859],[-94.49984,39.1102],[-94.50025,39.1109],[-94.50028,39.11175],[-94.50019,39.11237],[-94.49973,39.1134],[-94.49902,39.11436],[-94.49673,39.11586],[-94.49904,39.11659],[-94.50588,39.12003],[-94.50789,39.12064],[-94.50991,39.12092],[-94.50947,39.12063],[-94.51062,39.1208],[-94.51079,39.12043],[-94.50823,39.11984],[-94.50777,39.1194],[-94.50938,39.11981],[-94.51821,39.12006],[-94.53109,39.12006],[-94.53843,39.11965],[-94.54815,39.11818]]]}},{"type":"Feature","properties":{"ZIP":"64124"},"geometry":{"type":"Polygon","coordinates":[[[-94.56067,39.11307],[-94.56045,39.11255],[-94.55895,39.11116],[-94.55861,39.11014],[-94.5586,39.10919],[-94.55844,39.10919],[-94.55851,39.10824],[-94.55996,39.10831],[-94.56036,39.10481],[-94.55813,39.10475],[-94.55825,39.1027],[-94.54906,39.10242],[-94.54909,39.10197],[-94.54688,39.10185],[-94.54427,39.10179],[-94.54424,39.10225],[-94.54367,39.10223],[-94.54369,39.10177],[-94.54285,39.10174],[-94.5428,39.10219],[-94.54233,39.10217],[-94.54236,39.10162],[-94.54101,39.10154],[-94.541,39.10172],[-94.54013,39.10178],[-94.54014,39.10151],[-94.53981,39.10145],[-94.53808,39.10144],[-94.53807,39.10162],[-94.53445,39.10154],[-94.53444,39.102],[-94.53168,39.1019],[-94.53171,39.10148],[-94.53128,39.10171],[-94.53119,39.10144],[-94.53082,39.10139],[-94.52862,39.10135],[-94.52861,39.10153],[-94.52814,39.10152],[-94.52815,39.1012],[-94.52656,39.10114],[-94.52654,39.10134],[-94.52598,39.10138],[-94.52604,39.09893],[-94.52109,39.10021],[-94.51968,39.10077],[-94.519,39.1011],[-94.51898,39.10146],[-94.51844,39.10144],[-94.51302,39.10498],[-94.51911,39.10521],[-94.51907,39.10599],[-94.51852,39.10597],[-94.51847,39.10681],[-94.51902,39.10683],[-94.51901,39.10706],[-94.51898,39.10738],[-94.51844,39.10737],[-94.51838,39.10833],[-94.51891,39.10834],[-94.51891,39.10884],[-94.51835,39.10883],[-94.51827,39.1103],[-94.51843,39.1103],[-94.51841,39.11062],[-94.51881,39.11063],[-94.51869,39.11247],[-94.52336,39.11261],[-94.52347,39.11072],[-94.53735,39.11128],[-94.53738,39.11085],[-94.5384,39.11089],[-94.53838,39.11132],[-94.5388,39.11133],[-94.53884,39.11043],[-94.54026,39.11048],[-94.54023,39.11112],[-94.54047,39.11113],[-94.54048,39.11092],[-94.54162,39.11096],[-94.5416,39.11141],[-94.5424,39.11144],[-94.54257,39.11132],[-94.54258,39.11103],[-94.54373,39.11107],[-94.54375,39.11059],[-94.54439,39.11061],[-94.54435,39.1115],[-94.54663,39.11157],[-94.54668,39.11092],[-94.54818,39.11091],[-94.54815,39.11357],[-94.54941,39.11357],[-94.54878,39.11489],[-94.54891,39.11523],[-94.54964,39.11586],[-94.54894,39.11666],[-94.54889,39.11705],[-94.54911,39.1172],[-94.55127,39.1168],[-94.55635,39.11546],[-94.55751,39.11453],[-94.55936,39.11389],[-94.56067,39.11307]]]}},{"type":"Feature","properties":{"ZIP":"64125"},"geometry":{"type":"Polygon","coordinates":[[[-94.51842,39.10145],[-94.51587,39.10088],[-94.51518,39.10096],[-94.51446,39.10129],[-94.51443,39.10081],[-94.5116,39.10074],[-94.51158,39.10119],[-94.51139,39.10118],[-94.51141,39.10075],[-94.50744,39.10061],[-94.50743,39.10086],[-94.5071,39.10085],[-94.50704,39.10073],[-94.50516,39.10066],[-94.50517,39.10037],[-94.50471,39.10035],[-94.50453,39.10102],[-94.49397,39.10057],[-94.49387,39.10236],[-94.49284,39.10258],[-94.49209,39.10254],[-94.49062,39.10188],[-94.48999,39.1011],[-94.48971,39.10041],[-94.4899,39.10039],[-94.48935,39.10037],[-94.48886,39.09895],[-94.48882,39.0981],[-94.48933,39.09719],[-94.49011,39.0965],[-94.48788,39.09586],[-94.48756,39.09288],[-94.48695,39.09281],[-94.48673,39.09965],[-94.47694,39.09932],[-94.47637,39.10004],[-94.47627,39.10089],[-94.47638,39.10157],[-94.47761,39.10382],[-94.47886,39.10488],[-94.47915,39.10529],[-94.47921,39.10571],[-94.48002,39.10578],[-94.47986,39.10654],[-94.4791,39.1065],[-94.47897,39.10786],[-94.47972,39.1077],[-94.47965,39.10849],[-94.4815,39.10804],[-94.48136,39.11125],[-94.4858,39.1113],[-94.48586,39.11339],[-94.48635,39.11497],[-94.48764,39.11693],[-94.48942,39.1187],[-94.49227,39.11795],[-94.49626,39.11577],[-94.49673,39.11586],[-94.49902,39.11436],[-94.49962,39.11359],[-94.50019,39.11237],[-94.50025,39.1109],[-94.49984,39.1102],[-94.50582,39.10859],[-94.50759,39.10778],[-94.51403,39.10441],[-94.51842,39.10145]]]}},{"type":"Feature","properties":{"ZIP":"64126"},"geometry":{"type":"Polygon","coordinates":[[[-94.51742,39.08682],[-94.51619,39.08678],[-94.51625,39.08588],[-94.51527,39.08584],[-94.51529,39.0855],[-94.51515,39.0855],[-94.51529,39.08312],[-94.49947,39.08284],[-94.49247,39.08251],[-94.49073,39.0822],[-94.48744,39.08127],[-94.48489,39.08096],[-94.47876,39.08165],[-94.47018,39.08131],[-94.47015,39.08201],[-94.47121,39.08211],[-94.47153,39.08406],[-94.47212,39.08502],[-94.47449,39.08663],[-94.47643,39.08882],[-94.47792,39.08935],[-94.47825,39.08964],[-94.47837,39.09067],[-94.47757,39.092],[-94.47738,39.09273],[-94.47753,39.09324],[-94.47843,39.09406],[-94.4787,39.09451],[-94.47885,39.09723],[-94.47866,39.09795],[-94.47781,39.0993],[-94.48673,39.09965],[-94.48687,39.0931],[-94.48695,39.09281],[-94.48756,39.09288],[-94.48788,39.09586],[-94.49011,39.0965],[-94.48933,39.09719],[-94.48882,39.0981],[-94.48886,39.09895],[-94.48935,39.10037],[-94.4899,39.10039],[-94.48971,39.10041],[-94.48999,39.1011],[-94.49062,39.10188],[-94.49209,39.10254],[-94.49284,39.10258],[-94.49387,39.10236],[-94.49397,39.10057],[-94.50453,39.10102],[-94.50471,39.10035],[-94.50517,39.10037],[-94.50516,39.10066],[-94.50704,39.10073],[-94.5071,39.10085],[-94.50743,39.10086],[-94.50744,39.10061],[-94.51141,39.10075],[-94.51139,39.10118],[-94.51158,39.10119],[-94.5116,39.10074],[-94.51443,39.10081],[-94.51456,39.0976],[-94.51571,39.09763],[-94.51589,39.09406],[-94.51475,39.09403],[-94.51477,39.09334],[-94.51536,39.09336],[-94.51545,39.09035],[-94.51494,39.09033],[-94.51496,39.09009],[-94.51566,39.08987],[-94.51736,39.08999],[-94.51742,39.08682]]]}},{"type":"Feature","properties":{"ZIP":"64127"},"geometry":{"type":"Polygon","coordinates":[[[-94.56161,39.07921],[-94.56171,39.0774],[-94.54836,39.07694],[-94.54825,39.07642],[-94.54395,39.07625],[-94.54394,39.07653],[-94.54329,39.0765],[-94.54327,39.07677],[-94.54099,39.0767],[-94.54101,39.07636],[-94.54046,39.07631],[-94.53985,39.07633],[-94.53984,39.07666],[-94.53634,39.07656],[-94.53535,39.07521],[-94.53524,39.07652],[-94.53467,39.0765],[-94.53471,39.07581],[-94.53458,39.07581],[-94.53455,39.07612],[-94.53412,39.07611],[-94.5341,39.07648],[-94.53327,39.07645],[-94.53328,39.07603],[-94.53104,39.07597],[-94.53105,39.07575],[-94.53049,39.07573],[-94.53048,39.07595],[-94.52833,39.07598],[-94.52831,39.0763],[-94.51962,39.07604],[-94.51964,39.07568],[-94.51823,39.07564],[-94.51821,39.076],[-94.51678,39.07594],[-94.51673,39.07776],[-94.51616,39.07775],[-94.51607,39.07964],[-94.5172,39.07967],[-94.5172,39.08001],[-94.51662,39.07998],[-94.51657,39.08101],[-94.51542,39.081],[-94.51515,39.0855],[-94.51529,39.0855],[-94.51527,39.08584],[-94.51625,39.08588],[-94.51619,39.08678],[-94.51742,39.08682],[-94.51736,39.08999],[-94.51566,39.08987],[-94.51496,39.09009],[-94.51494,39.09033],[-94.51545,39.09035],[-94.51536,39.09336],[-94.51477,39.09334],[-94.51475,39.09403],[-94.51589,39.09406],[-94.51571,39.09763],[-94.51456,39.0976],[-94.51442,39.10128],[-94.51518,39.10096],[-94.51587,39.10088],[-94.51898,39.10146],[-94.519,39.1011],[-94.52051,39.10041],[-94.52604,39.09893],[-94.52598,39.10138],[-94.52654,39.10134],[-94.52656,39.10114],[-94.52815,39.1012],[-94.52814,39.10152],[-94.52861,39.10153],[-94.52862,39.10135],[-94.53082,39.10139],[-94.53119,39.10144],[-94.53128,39.10171],[-94.53171,39.10148],[-94.53168,39.1019],[-94.53444,39.102],[-94.53445,39.10154],[-94.53807,39.10162],[-94.53808,39.10144],[-94.53981,39.10145],[-94.54014,39.10151],[-94.54013,39.10178],[-94.541,39.10172],[-94.54101,39.10154],[-94.54236,39.10162],[-94.54233,39.10217],[-94.5428,39.10219],[-94.54285,39.10174],[-94.54369,39.10177],[-94.54367,39.10223],[-94.54424,39.10225],[-94.54427,39.10179],[-94.54768,39.10188],[-94.54909,39.10197],[-94.54906,39.10242],[-94.55825,39.1027],[-94.56045,39.10289],[-94.56059,39.10036],[-94.55944,39.10032],[-94.5596,39.09914],[-94.56065,39.09911],[-94.56084,39.09498],[-94.56047,39.09497],[-94.56049,39.09438],[-94.56087,39.0944],[-94.56095,39.09274],[-94.56024,39.09272],[-94.56035,39.09111],[-94.56103,39.09114],[-94.56116,39.08837],[-94.55654,39.08871],[-94.55657,39.0882],[-94.5574,39.08821],[-94.55872,39.08784],[-94.55879,39.08622],[-94.55862,39.08606],[-94.55782,39.08603],[-94.55782,39.08569],[-94.56128,39.08582],[-94.56161,39.07921]]]}},{"type":"Feature","properties":{"ZIP":"64128"},"geometry":{"type":"Polygon","coordinates":[[[-94.55464,39.05654],[-94.55471,39.05548],[-94.55128,39.05536],[-94.5513,39.05504],[-94.55016,39.055],[-94.55015,39.05531],[-94.53978,39.05497],[-94.5398,39.05457],[-94.53509,39.05442],[-94.53507,39.05476],[-94.53493,39.05476],[-94.53495,39.05441],[-94.53402,39.05438],[-94.534,39.05479],[-94.53345,39.05478],[-94.53345,39.05437],[-94.53011,39.05431],[-94.53012,39.0541],[-94.52942,39.05408],[-94.52941,39.05432],[-94.52844,39.05497],[-94.52806,39.05505],[-94.52821,39.05547],[-94.52758,39.05563],[-94.52603,39.05518],[-94.52493,39.05507],[-94.52493,39.0547],[-94.52394,39.05464],[-94.52397,39.05442],[-94.52131,39.05403],[-94.52125,39.05443],[-94.51986,39.05434],[-94.51939,39.05405],[-94.51952,39.05366],[-94.51817,39.05341],[-94.51676,39.05346],[-94.51668,39.05709],[-94.51739,39.05711],[-94.51734,39.0579],[-94.51652,39.05788],[-94.51645,39.05974],[-94.52004,39.05996],[-94.51996,39.06159],[-94.51906,39.06143],[-94.51894,39.0627],[-94.51773,39.0627],[-94.51653,39.06293],[-94.5156,39.06137],[-94.51264,39.05872],[-94.51214,39.05845],[-94.51182,39.05926],[-94.5119,39.05989],[-94.51308,39.06242],[-94.51318,39.06309],[-94.51298,39.06444],[-94.51244,39.06499],[-94.51762,39.06524],[-94.51846,39.0667],[-94.52021,39.06878],[-94.5182,39.06826],[-94.51602,39.06812],[-94.51566,39.07592],[-94.51821,39.076],[-94.51823,39.07564],[-94.51964,39.07568],[-94.51962,39.07604],[-94.52831,39.0763],[-94.52833,39.07598],[-94.53048,39.07595],[-94.53049,39.07573],[-94.53105,39.07575],[-94.53104,39.07597],[-94.53328,39.07603],[-94.53327,39.07645],[-94.5341,39.07648],[-94.53412,39.07611],[-94.53455,39.07612],[-94.53458,39.07581],[-94.53471,39.07581],[-94.53467,39.0765],[-94.53524,39.07652],[-94.53535,39.07521],[-94.53634,39.07656],[-94.53984,39.07666],[-94.53985,39.07633],[-94.54046,39.07631],[-94.54101,39.07636],[-94.54099,39.0767],[-94.54327,39.07677],[-94.54329,39.0765],[-94.54394,39.07653],[-94.54395,39.07625],[-94.54825,39.07642],[-94.54836,39.07694],[-94.55248,39.07709],[-94.55257,39.07528],[-94.55372,39.07534],[-94.55373,39.07512],[-94.55316,39.0751],[-94.55323,39.0736],[-94.55335,39.07191],[-94.5539,39.07193],[-94.55401,39.0699],[-94.55407,39.06809],[-94.55293,39.06805],[-94.55301,39.06623],[-94.55362,39.06626],[-94.55371,39.06446],[-94.55311,39.06444],[-94.5532,39.06263],[-94.55437,39.06267],[-94.55445,39.06086],[-94.5539,39.06084],[-94.55398,39.05935],[-94.55447,39.05936],[-94.55449,39.05909],[-94.55396,39.05907],[-94.55403,39.05787],[-94.55346,39.05785],[-94.55349,39.05731],[-94.55408,39.05732],[-94.5541,39.05652],[-94.55464,39.05654]]]}},{"type":"Feature","properties":{"ZIP":"64129"},"geometry":{"type":"Polygon","coordinates":[[[-94.52117,39.04222],[-94.52082,39.03908],[-94.5209,39.03809],[-94.52029,39.0381],[-94.52008,39.03749],[-94.51987,39.03819],[-94.51852,39.03473],[-94.51785,39.03468],[-94.51808,39.02508],[-94.51829,39.02432],[-94.51773,39.02431],[-94.5179,39.01512],[-94.51633,39.01527],[-94.51477,39.01507],[-94.5093,39.01286],[-94.50722,39.01231],[-94.50586,39.01234],[-94.50364,39.01335],[-94.50214,39.01345],[-94.49991,39.0129],[-94.49933,39.01253],[-94.49839,39.01157],[-94.49778,39.01332],[-94.49793,39.01489],[-94.49869,39.01639],[-94.50025,39.01806],[-94.50072,39.0188],[-94.50113,39.02019],[-94.50109,39.02157],[-94.49865,39.01898],[-94.48911,39.0098],[-94.48276,39.00966],[-94.48255,39.01381],[-94.48169,39.01377],[-94.48169,39.01453],[-94.48253,39.01456],[-94.48218,39.02385],[-94.484,39.02394],[-94.48409,39.02516],[-94.48364,39.02513],[-94.48359,39.02613],[-94.48214,39.02605],[-94.48209,39.028],[-94.48118,39.02798],[-94.48101,39.02976],[-94.48068,39.03066],[-94.47871,39.0338],[-94.47684,39.03577],[-94.47635,39.03681],[-94.48013,39.04016],[-94.48099,39.0407],[-94.48201,39.04096],[-94.48181,39.04161],[-94.48078,39.04258],[-94.48057,39.04389],[-94.48035,39.04437],[-94.47903,39.04536],[-94.47878,39.04536],[-94.47791,39.04639],[-94.47784,39.04715],[-94.47838,39.04777],[-94.47798,39.04807],[-94.47733,39.04791],[-94.47733,39.04847],[-94.4768,39.04928],[-94.47667,39.04989],[-94.47686,39.05073],[-94.47764,39.05172],[-94.47723,39.05191],[-94.47679,39.05178],[-94.47652,39.05147],[-94.47624,39.0505],[-94.47601,39.05035],[-94.47545,39.05036],[-94.47436,39.05189],[-94.47589,39.0526],[-94.47538,39.05334],[-94.47528,39.05449],[-94.47436,39.05434],[-94.47426,39.05608],[-94.4741,39.05615],[-94.47399,39.05915],[-94.47261,39.05914],[-94.47498,39.06065],[-94.47473,39.06415],[-94.47471,39.06708],[-94.46897,39.06679],[-94.46846,39.06843],[-94.46847,39.06886],[-94.46992,39.0706],[-94.47068,39.07215],[-94.47081,39.07272],[-94.47076,39.07381],[-94.47045,39.07359],[-94.47018,39.08131],[-94.47876,39.08165],[-94.48489,39.08096],[-94.48744,39.08127],[-94.49073,39.0822],[-94.49247,39.08251],[-94.49947,39.08284],[-94.51529,39.08312],[-94.51542,39.081],[-94.51657,39.08101],[-94.51662,39.07998],[-94.5172,39.08001],[-94.5172,39.07967],[-94.51607,39.07964],[-94.51616,39.07775],[-94.51673,39.07776],[-94.51678,39.07594],[-94.51566,39.07592],[-94.51602,39.06812],[-94.5182,39.06826],[-94.52021,39.06878],[-94.51846,39.0667],[-94.51762,39.06524],[-94.51244,39.06499],[-94.51298,39.06444],[-94.51318,39.06309],[-94.51308,39.06242],[-94.5119,39.05989],[-94.51182,39.05926],[-94.51214,39.05845],[-94.51264,39.05872],[-94.5156,39.06137],[-94.51653,39.06293],[-94.51773,39.0627],[-94.51894,39.0627],[-94.51906,39.06143],[-94.51996,39.06159],[-94.52004,39.05996],[-94.51657,39.05981],[-94.51643,39.05968],[-94.51652,39.05788],[-94.51734,39.0579],[-94.51739,39.05711],[-94.51668,39.05709],[-94.51672,39.0564],[-94.51661,39.05638],[-94.51694,39.04968],[-94.51736,39.04547],[-94.51751,39.04542],[-94.51736,39.04545],[-94.51743,39.04453],[-94.51915,39.04454],[-94.52004,39.04416],[-94.52077,39.0435],[-94.52117,39.04222]]]}},{"type":"Feature","properties":{"ZIP":"64130"},"geometry":{"type":"Polygon","coordinates":[[[-94.56549,39.01731],[-94.56499,39.01629],[-94.56448,39.01652],[-94.56338,39.01496],[-94.56479,39.01454],[-94.56482,39.01203],[-94.56312,39.01196],[-94.56325,39.00991],[-94.56315,39.0099],[-94.56313,39.0101],[-94.56101,39.01002],[-94.56088,39.01097],[-94.55927,39.01101],[-94.55918,39.01262],[-94.5537,39.01238],[-94.55381,39.01195],[-94.55361,39.01193],[-94.55153,39.01184],[-94.55151,39.01229],[-94.54208,39.01191],[-94.5408,39.01163],[-94.53697,39.01147],[-94.53455,39.01206],[-94.53197,39.01227],[-94.52797,39.01354],[-94.5179,39.01512],[-94.51773,39.02431],[-94.51829,39.02432],[-94.51808,39.02508],[-94.51785,39.03468],[-94.51852,39.03473],[-94.51987,39.03819],[-94.52008,39.03749],[-94.52029,39.0381],[-94.5209,39.03809],[-94.52082,39.03908],[-94.52117,39.04222],[-94.52077,39.0435],[-94.52004,39.04416],[-94.51915,39.04454],[-94.51743,39.04453],[-94.51736,39.04545],[-94.51751,39.04542],[-94.51736,39.04547],[-94.51694,39.04968],[-94.51676,39.05346],[-94.51817,39.05341],[-94.51952,39.05366],[-94.51939,39.05405],[-94.51986,39.05434],[-94.52125,39.05443],[-94.52131,39.05403],[-94.52397,39.05442],[-94.52394,39.05464],[-94.52493,39.0547],[-94.52493,39.05507],[-94.52603,39.05518],[-94.52758,39.05563],[-94.52821,39.05547],[-94.52806,39.05505],[-94.52844,39.05497],[-94.52941,39.05432],[-94.52942,39.05408],[-94.53012,39.0541],[-94.53011,39.05431],[-94.53345,39.05437],[-94.53345,39.05478],[-94.534,39.05479],[-94.53402,39.05438],[-94.53495,39.05441],[-94.53493,39.05476],[-94.53507,39.05476],[-94.53509,39.05442],[-94.53741,39.05449],[-94.5398,39.05457],[-94.53978,39.05497],[-94.55015,39.05531],[-94.55016,39.055],[-94.5513,39.05504],[-94.55128,39.05536],[-94.55588,39.05551],[-94.5559,39.05517],[-94.55706,39.05521],[-94.55704,39.05555],[-94.56146,39.0557],[-94.5619,39.04851],[-94.56242,39.04853],[-94.56245,39.04771],[-94.56169,39.0449],[-94.56346,39.04495],[-94.56355,39.0434],[-94.56253,39.04361],[-94.56108,39.0433],[-94.56028,39.04103],[-94.56368,39.0412],[-94.56387,39.03773],[-94.56327,39.0377],[-94.56347,39.03421],[-94.56381,39.03422],[-94.56381,39.03406],[-94.56348,39.03404],[-94.56358,39.0323],[-94.56419,39.03237],[-94.56421,39.03183],[-94.56383,39.03182],[-94.56364,39.03146],[-94.5642,39.02191],[-94.56437,39.02191],[-94.5644,39.02135],[-94.56424,39.02135],[-94.56434,39.01961],[-94.56473,39.01962],[-94.56475,39.01913],[-94.56489,39.01914],[-94.56478,39.01875],[-94.5648,39.01837],[-94.56493,39.01838],[-94.56491,39.01763],[-94.56524,39.0176],[-94.56549,39.01731]]]}},{"type":"Feature","properties":{"ZIP":"64131"},"geometry":{"type":"Polygon","coordinates":[[[-94.58931,38.91524],[-94.58938,38.91436],[-94.58883,38.91432],[-94.58899,38.9123],[-94.58872,38.91228],[-94.58864,38.91152],[-94.5844,38.9113],[-94.5843,38.91278],[-94.58354,38.91274],[-94.58358,38.91227],[-94.58345,38.91204],[-94.58241,38.91157],[-94.58207,38.91207],[-94.58081,38.91161],[-94.58038,38.91091],[-94.57975,38.91114],[-94.57923,38.91021],[-94.578,38.91059],[-94.57645,38.91273],[-94.5752,38.91272],[-94.57502,38.91256],[-94.57518,38.91016],[-94.57502,38.90987],[-94.5731,38.90986],[-94.572,38.90958],[-94.57078,38.90996],[-94.5697,38.9098],[-94.56926,38.90997],[-94.5687,38.91086],[-94.56773,38.91084],[-94.56619,38.91053],[-94.5608,38.91047],[-94.56048,38.91758],[-94.56072,38.9176],[-94.56023,38.92492],[-94.56041,38.92513],[-94.56015,38.9288],[-94.56425,38.92892],[-94.56391,38.92954],[-94.56306,38.93031],[-94.56281,38.93079],[-94.56247,38.93412],[-94.56086,38.93683],[-94.56056,38.93814],[-94.56052,38.93955],[-94.56085,38.94079],[-94.56133,38.94156],[-94.56223,38.94247],[-94.56381,38.9433],[-94.56399,38.94358],[-94.56401,38.94406],[-94.56371,38.94471],[-94.56319,38.94524],[-94.55836,38.94878],[-94.55699,38.95065],[-94.55671,38.95209],[-94.55719,38.95333],[-94.55798,38.95632],[-94.56139,38.95814],[-94.56217,38.95833],[-94.56337,38.95817],[-94.56342,38.96092],[-94.56429,38.9641],[-94.56406,38.96495],[-94.56332,38.96603],[-94.56568,38.96685],[-94.56568,38.96758],[-94.566,38.96811],[-94.56656,38.96848],[-94.56838,38.96923],[-94.56765,38.96969],[-94.56766,38.96942],[-94.56752,38.96938],[-94.56591,38.96931],[-94.56579,38.97181],[-94.56666,38.97185],[-94.5667,38.9738],[-94.56735,38.97382],[-94.56731,38.97453],[-94.56684,38.97451],[-94.56675,38.97488],[-94.56673,38.97527],[-94.56727,38.97529],[-94.56725,38.97572],[-94.56672,38.9757],[-94.56666,38.97809],[-94.56704,38.97811],[-94.56702,38.97845],[-94.56664,38.97844],[-94.56662,38.97888],[-94.56578,38.97884],[-94.56576,38.97925],[-94.5666,38.97929],[-94.56636,38.98363],[-94.56567,38.9836],[-94.56565,38.9839],[-94.56646,38.98393],[-94.56616,38.99013],[-94.5657,38.99012],[-94.56562,38.99114],[-94.56648,38.99118],[-94.56619,38.99705],[-94.56582,38.99705],[-94.56545,38.99794],[-94.56615,38.99797],[-94.56561,39.00476],[-94.56576,39.00566],[-94.5657,39.00657],[-94.56706,39.00662],[-94.56708,39.00739],[-94.56781,39.00784],[-94.56787,39.00818],[-94.56711,39.00818],[-94.56765,39.00917],[-94.56794,39.01087],[-94.56735,39.00946],[-94.56663,39.00872],[-94.56504,39.00785],[-94.56502,39.0081],[-94.56446,39.00808],[-94.56432,39.01105],[-94.56318,39.011],[-94.56312,39.01196],[-94.56482,39.01203],[-94.56478,39.01285],[-94.57689,39.01335],[-94.57695,39.01214],[-94.57936,39.01226],[-94.57935,39.0125],[-94.57977,39.01251],[-94.57979,39.01224],[-94.5808,39.01228],[-94.5808,39.0127],[-94.58203,39.01234],[-94.58387,39.01242],[-94.58412,39.00764],[-94.58358,39.00763],[-94.58362,39.00479],[-94.58376,39.00463],[-94.58427,39.00462],[-94.5843,39.00401],[-94.58349,39.00424],[-94.5834,39.00405],[-94.58291,39.0042],[-94.58272,39.00363],[-94.58275,39.00276],[-94.58204,39.00274],[-94.5821,39.00184],[-94.58383,39.0019],[-94.5839,39.001],[-94.58444,39.00103],[-94.58495,38.99153],[-94.58418,38.99149],[-94.58425,38.99012],[-94.58444,38.99013],[-94.5846,38.98687],[-94.58518,38.9869],[-94.58562,38.9775],[-94.58502,38.9773],[-94.58518,38.9738],[-94.5858,38.97383],[-94.58606,38.96841],[-94.58584,38.9684],[-94.58594,38.96653],[-94.58614,38.96653],[-94.58647,38.9602],[-94.58179,38.96006],[-94.582,38.95552],[-94.58387,38.95561],[-94.58438,38.95616],[-94.5866,38.95694],[-94.5868,38.95277],[-94.58731,38.95278],[-94.5875,38.95036],[-94.58692,38.95029],[-94.58701,38.94856],[-94.58683,38.94846],[-94.58711,38.94801],[-94.58701,38.94625],[-94.58734,38.94121],[-94.58385,38.9412],[-94.58347,38.94136],[-94.58309,38.94181],[-94.58276,38.94188],[-94.58282,38.94039],[-94.58741,38.94059],[-94.58744,38.93999],[-94.58772,38.94004],[-94.58749,38.93961],[-94.58754,38.93759],[-94.5856,38.93751],[-94.58562,38.9369],[-94.58633,38.93694],[-94.58686,38.93661],[-94.58711,38.93446],[-94.58833,38.93449],[-94.58813,38.9336],[-94.58755,38.93333],[-94.58825,38.92407],[-94.58628,38.92405],[-94.58637,38.92333],[-94.58518,38.92327],[-94.58518,38.9231],[-94.58477,38.92301],[-94.58493,38.92134],[-94.58842,38.92157],[-94.58849,38.92041],[-94.58791,38.9204],[-94.58675,38.91978],[-94.58716,38.91902],[-94.58687,38.91887],[-94.58689,38.91866],[-94.58732,38.91784],[-94.58874,38.91819],[-94.58883,38.91799],[-94.58843,38.91771],[-94.58878,38.91521],[-94.58931,38.91524]]]}},{"type":"Feature","properties":{"ZIP":"64132"},"geometry":{"type":"Polygon","coordinates":[[[-94.56837,38.9693],[-94.56809,38.96901],[-94.56656,38.96848],[-94.566,38.96811],[-94.56568,38.96758],[-94.56568,38.96685],[-94.56332,38.96603],[-94.56406,38.96495],[-94.56429,38.9641],[-94.56342,38.96092],[-94.56337,38.95817],[-94.56217,38.95833],[-94.56139,38.95814],[-94.55798,38.95632],[-94.55734,38.95401],[-94.55409,38.95381],[-94.55117,38.95418],[-94.54956,38.95423],[-94.52974,38.95323],[-94.51995,38.96741],[-94.52112,38.96746],[-94.52086,38.97361],[-94.52262,38.97317],[-94.52307,38.97408],[-94.52288,38.97484],[-94.52081,38.97478],[-94.5206,38.97859],[-94.52024,38.97973],[-94.52046,38.98024],[-94.52112,38.98093],[-94.52158,38.98248],[-94.52152,38.98279],[-94.52035,38.98453],[-94.52032,38.98565],[-94.51292,38.98531],[-94.51095,38.98453],[-94.50908,38.98408],[-94.50766,38.98313],[-94.50542,38.98239],[-94.5038,38.98382],[-94.50297,38.98488],[-94.50235,38.98601],[-94.50196,38.98726],[-94.50185,38.98919],[-94.50247,38.99304],[-94.50234,38.99547],[-94.50396,38.9956],[-94.50619,38.9951],[-94.50719,38.99709],[-94.51522,39.00837],[-94.51569,39.00927],[-94.51595,39.0103],[-94.51578,39.01525],[-94.51861,39.01503],[-94.52797,39.01354],[-94.53197,39.01227],[-94.53455,39.01206],[-94.53697,39.01147],[-94.5408,39.01163],[-94.54208,39.01191],[-94.55151,39.01229],[-94.55153,39.01184],[-94.55361,39.01193],[-94.55381,39.01195],[-94.5537,39.01238],[-94.55918,39.01262],[-94.55927,39.01101],[-94.56088,39.01097],[-94.56101,39.01002],[-94.56313,39.0101],[-94.56325,39.00991],[-94.56318,39.011],[-94.56432,39.01105],[-94.56446,39.00808],[-94.56502,39.0081],[-94.56504,39.00785],[-94.56611,39.00837],[-94.56706,39.0091],[-94.56758,39.00985],[-94.56794,39.01087],[-94.56765,39.00917],[-94.56711,39.00818],[-94.56787,39.00818],[-94.56781,39.00784],[-94.56708,39.00739],[-94.56706,39.00662],[-94.5657,39.00657],[-94.56576,39.00566],[-94.56561,39.00476],[-94.56615,38.99797],[-94.56545,38.99794],[-94.56582,38.99705],[-94.56619,38.99705],[-94.56648,38.99118],[-94.56562,38.99114],[-94.5657,38.99012],[-94.56616,38.99013],[-94.56646,38.98393],[-94.56565,38.9839],[-94.56567,38.9836],[-94.56636,38.98363],[-94.5666,38.97929],[-94.56576,38.97925],[-94.56578,38.97884],[-94.56662,38.97888],[-94.56664,38.97844],[-94.56702,38.97845],[-94.56704,38.97811],[-94.56666,38.97809],[-94.56672,38.9757],[-94.56725,38.97572],[-94.56727,38.97529],[-94.56673,38.97527],[-94.56675,38.97488],[-94.56684,38.97451],[-94.56731,38.97453],[-94.56735,38.97382],[-94.5667,38.9738],[-94.56666,38.97185],[-94.56579,38.97181],[-94.56591,38.96931],[-94.56752,38.96938],[-94.56766,38.96942],[-94.56765,38.96969],[-94.5679,38.96943],[-94.56837,38.9693]]]}},{"type":"Feature","properties":{"ZIP":"64133"},"geometry":{"type":"Polygon","coordinates":[[[-94.51597,39.01067],[-94.51581,39.00961],[-94.51522,39.00837],[-94.50719,38.99709],[-94.50619,38.9951],[-94.50396,38.9956],[-94.50234,38.99547],[-94.50247,38.99304],[-94.50182,38.98851],[-94.48766,38.98809],[-94.4876,38.98897],[-94.48382,38.98882],[-94.48384,38.98844],[-94.4786,38.98819],[-94.47787,38.98893],[-94.47689,38.9895],[-94.47615,38.98844],[-94.47618,38.9876],[-94.46491,38.987],[-94.46446,38.98645],[-94.46444,38.98699],[-94.44587,38.98616],[-94.44583,38.98715],[-94.44527,38.98712],[-94.44526,38.9867],[-94.44034,38.98661],[-94.44034,38.98585],[-94.43898,38.98568],[-94.42251,38.98498],[-94.42184,38.98411],[-94.422,38.9826],[-94.41878,38.98394],[-94.41794,38.9846],[-94.41746,38.98527],[-94.4172,38.98635],[-94.4176,38.98807],[-94.41742,38.99107],[-94.41269,38.99069],[-94.41184,38.99994],[-94.41186,39.00911],[-94.41205,39.01074],[-94.41398,39.01915],[-94.41642,39.01926],[-94.41608,39.02607],[-94.41567,39.0269],[-94.4141,39.02825],[-94.41385,39.02903],[-94.41409,39.02986],[-94.41564,39.03234],[-94.41579,39.03315],[-94.41569,39.03505],[-94.42503,39.0352],[-94.42538,39.02631],[-94.43769,39.02678],[-94.43741,39.03451],[-94.4371,39.03466],[-94.43669,39.03594],[-94.43593,39.03589],[-94.43566,39.03981],[-94.43353,39.03974],[-94.43332,39.04169],[-94.43644,39.04375],[-94.44269,39.04674],[-94.44759,39.04875],[-94.44855,39.04898],[-94.45669,39.05279],[-94.46319,39.0553],[-94.46347,39.05511],[-94.46589,39.05522],[-94.46586,39.05638],[-94.46818,39.05731],[-94.46816,39.05803],[-94.47011,39.05811],[-94.47261,39.05914],[-94.47399,39.05915],[-94.4741,39.05615],[-94.47426,39.05608],[-94.47436,39.05434],[-94.47528,39.05449],[-94.47538,39.05334],[-94.47589,39.0526],[-94.47436,39.05189],[-94.47545,39.05036],[-94.47601,39.05035],[-94.47624,39.0505],[-94.47652,39.05147],[-94.47679,39.05178],[-94.47723,39.05191],[-94.47764,39.05172],[-94.47686,39.05073],[-94.47667,39.04989],[-94.4768,39.04928],[-94.47733,39.04847],[-94.47733,39.04791],[-94.47798,39.04807],[-94.47838,39.04777],[-94.47784,39.04715],[-94.47791,39.04639],[-94.47878,39.04536],[-94.47903,39.04536],[-94.48035,39.04437],[-94.48057,39.04389],[-94.48078,39.04258],[-94.48181,39.04161],[-94.48201,39.04096],[-94.48099,39.0407],[-94.48013,39.04016],[-94.47635,39.03681],[-94.47684,39.03577],[-94.47871,39.0338],[-94.48068,39.03066],[-94.48101,39.02976],[-94.48118,39.02798],[-94.48209,39.028],[-94.48214,39.02605],[-94.48359,39.02613],[-94.48364,39.02513],[-94.48409,39.02516],[-94.484,39.02394],[-94.48218,39.02385],[-94.48253,39.01456],[-94.48169,39.01453],[-94.48169,39.01377],[-94.48255,39.01381],[-94.48276,39.00966],[-94.48911,39.0098],[-94.49865,39.01898],[-94.50109,39.02157],[-94.50113,39.02019],[-94.50072,39.0188],[-94.50025,39.01806],[-94.49869,39.01639],[-94.49793,39.01489],[-94.49778,39.01332],[-94.49839,39.01157],[-94.49933,39.01253],[-94.49991,39.0129],[-94.50238,39.01349],[-94.50364,39.01335],[-94.50586,39.01234],[-94.5068,39.01226],[-94.50793,39.01243],[-94.51427,39.01491],[-94.51578,39.01525],[-94.51597,39.01067]]]}},{"type":"Feature","properties":{"ZIP":"64134"},"geometry":{"type":"Polygon","coordinates":[[[-94.53147,38.93888],[-94.53165,38.93882],[-94.52912,38.93682],[-94.52765,38.9347],[-94.52715,38.93486],[-94.52489,38.93479],[-94.52463,38.93335],[-94.52698,38.93362],[-94.52631,38.93255],[-94.52706,38.93261],[-94.52615,38.93227],[-94.52576,38.93136],[-94.52386,38.93129],[-94.52389,38.93061],[-94.52353,38.93059],[-94.52354,38.93032],[-94.52332,38.93031],[-94.52336,38.92964],[-94.52356,38.92979],[-94.52358,38.92952],[-94.52492,38.92951],[-94.5249,38.92898],[-94.52425,38.9289],[-94.52424,38.92854],[-94.52467,38.92856],[-94.52465,38.92756],[-94.52298,38.92749],[-94.52305,38.9249],[-94.52361,38.92509],[-94.52518,38.92511],[-94.52591,38.925],[-94.52788,38.92423],[-94.52801,38.91965],[-94.52783,38.91824],[-94.52738,38.91709],[-94.52417,38.91101],[-94.52378,38.9089],[-94.5058,38.90779],[-94.48857,38.90721],[-94.48889,38.9018],[-94.48405,38.90685],[-94.48357,38.90665],[-94.48249,38.9067],[-94.48221,38.90779],[-94.48016,38.90745],[-94.47887,38.9069],[-94.47781,38.90624],[-94.47143,38.90487],[-94.47045,38.90556],[-94.47004,38.90556],[-94.46927,38.90442],[-94.46875,38.91328],[-94.45812,38.91293],[-94.45804,38.91343],[-94.45072,38.91314],[-94.45084,38.91492],[-94.44971,38.92811],[-94.44878,38.92806],[-94.44858,38.93004],[-94.44788,38.94257],[-94.43962,38.94217],[-94.43908,38.94894],[-94.44041,38.94943],[-94.44291,38.94967],[-94.44266,38.9534],[-94.4422,38.95483],[-94.45122,38.95513],[-94.45135,38.95233],[-94.45742,38.95264],[-94.45753,38.95076],[-94.46069,38.95087],[-94.46051,38.9535],[-94.46134,38.95382],[-94.46154,38.95317],[-94.46346,38.95325],[-94.46353,38.95158],[-94.46604,38.9517],[-94.46609,38.95063],[-94.48921,38.95162],[-94.48928,38.95202],[-94.49038,38.95232],[-94.4918,38.95351],[-94.49397,38.95356],[-94.49405,38.95176],[-94.51954,38.95286],[-94.51946,38.9547],[-94.52062,38.9541],[-94.52058,38.95465],[-94.52168,38.95468],[-94.52178,38.95294],[-94.52188,38.95294],[-94.52221,38.94572],[-94.52232,38.94573],[-94.5223,38.94392],[-94.52302,38.94395],[-94.52315,38.94373],[-94.52291,38.94373],[-94.52322,38.94321],[-94.52296,38.94314],[-94.52315,38.93937],[-94.52334,38.93914],[-94.52337,38.9385],[-94.53147,38.93888]]]}},{"type":"Feature","properties":{"ZIP":"64136"},"geometry":{"type":"Polygon","coordinates":[[[-94.4177,38.98487],[-94.41781,38.98475],[-94.4133,38.98437],[-94.40782,38.98424],[-94.40778,38.98961],[-94.40709,38.98963],[-94.40585,38.99087],[-94.40335,38.99136],[-94.40045,38.99136],[-94.39831,38.99404],[-94.3971,38.99477],[-94.3895,38.99449],[-94.38942,38.99793],[-94.38872,39.00116],[-94.38862,39.00265],[-94.38867,39.00371],[-94.38903,39.00518],[-94.38825,39.0068],[-94.38666,39.01531],[-94.38688,39.01638],[-94.3885,39.01875],[-94.38889,39.01998],[-94.38858,39.02183],[-94.38828,39.02638],[-94.3875,39.02635],[-94.3871,39.03437],[-94.38804,39.03442],[-94.388,39.0353],[-94.41453,39.03649],[-94.41468,39.03501],[-94.41569,39.03505],[-94.41579,39.03315],[-94.41564,39.03234],[-94.41409,39.02986],[-94.41385,39.02903],[-94.4141,39.02825],[-94.41567,39.0269],[-94.41608,39.02607],[-94.41642,39.01926],[-94.41398,39.01915],[-94.41193,39.01004],[-94.41184,38.99994],[-94.41269,38.99069],[-94.41742,38.99107],[-94.4176,38.98807],[-94.4172,38.98635],[-94.41733,38.98556],[-94.4177,38.98487]]]}},{"type":"Feature","properties":{"ZIP":"64137"},"geometry":{"type":"Polygon","coordinates":[[[-94.56422,38.92905],[-94.56425,38.92892],[-94.56015,38.9288],[-94.56041,38.92513],[-94.56023,38.92492],[-94.56072,38.9176],[-94.56048,38.91758],[-94.56083,38.91009],[-94.54306,38.90924],[-94.54298,38.90973],[-94.5383,38.90952],[-94.53817,38.91003],[-94.52821,38.90959],[-94.52825,38.90908],[-94.52426,38.90891],[-94.52433,38.90939],[-94.52387,38.90937],[-94.52417,38.91101],[-94.52738,38.91709],[-94.52783,38.91824],[-94.52801,38.91965],[-94.52788,38.92423],[-94.52591,38.925],[-94.52518,38.92511],[-94.52361,38.92509],[-94.52305,38.9249],[-94.52298,38.92749],[-94.52465,38.92756],[-94.52467,38.92856],[-94.52424,38.92854],[-94.52425,38.9289],[-94.5249,38.92898],[-94.52492,38.92951],[-94.52358,38.92952],[-94.52356,38.92979],[-94.52336,38.92964],[-94.52332,38.93031],[-94.52354,38.93032],[-94.52353,38.93059],[-94.52389,38.93061],[-94.52386,38.93129],[-94.52576,38.93136],[-94.52615,38.93227],[-94.52706,38.93261],[-94.52631,38.93255],[-94.52698,38.93362],[-94.52463,38.93335],[-94.52489,38.93479],[-94.52715,38.93486],[-94.52765,38.9347],[-94.52912,38.93682],[-94.53165,38.93882],[-94.52337,38.9385],[-94.52334,38.93914],[-94.52315,38.93937],[-94.52296,38.94314],[-94.52322,38.94321],[-94.52291,38.94373],[-94.52315,38.94373],[-94.52302,38.94395],[-94.5223,38.94392],[-94.52232,38.94573],[-94.52221,38.94572],[-94.52188,38.95294],[-94.54956,38.95423],[-94.55117,38.95418],[-94.55409,38.95381],[-94.55734,38.95401],[-94.55674,38.9523],[-94.5567,38.95174],[-94.55699,38.95065],[-94.55743,38.9499],[-94.55886,38.94832],[-94.56345,38.94501],[-94.56401,38.94406],[-94.56399,38.94358],[-94.56381,38.9433],[-94.56194,38.94225],[-94.56115,38.94131],[-94.56065,38.94022],[-94.5605,38.9387],[-94.561,38.93646],[-94.56217,38.93481],[-94.56247,38.93412],[-94.56289,38.93056],[-94.56422,38.92905]]]}},{"type":"Feature","properties":{"ZIP":"64138"},"geometry":{"type":"Polygon","coordinates":[[[-94.52974,38.95323],[-94.52178,38.95294],[-94.52168,38.95468],[-94.52058,38.95465],[-94.52062,38.9541],[-94.51954,38.95471],[-94.51954,38.95286],[-94.49405,38.95176],[-94.49397,38.95356],[-94.4918,38.95351],[-94.49038,38.95232],[-94.48928,38.95202],[-94.48921,38.95162],[-94.46609,38.95063],[-94.46604,38.9517],[-94.46353,38.95158],[-94.46346,38.95325],[-94.46154,38.95317],[-94.46134,38.95382],[-94.46051,38.9535],[-94.46069,38.95087],[-94.45753,38.95076],[-94.45742,38.95264],[-94.45135,38.95233],[-94.45122,38.95513],[-94.4422,38.95483],[-94.44266,38.9534],[-94.44291,38.94967],[-94.44041,38.94943],[-94.43908,38.94894],[-94.43962,38.94217],[-94.42379,38.94141],[-94.42234,38.94251],[-94.42202,38.94307],[-94.42544,38.94406],[-94.42634,38.94391],[-94.42625,38.94528],[-94.42201,38.94463],[-94.42164,38.94914],[-94.42599,38.9485],[-94.42585,38.95021],[-94.42601,38.95185],[-94.42692,38.95426],[-94.42857,38.95663],[-94.42844,38.95809],[-94.427,38.95976],[-94.42697,38.96096],[-94.42715,38.96179],[-94.42676,38.96228],[-94.42664,38.96287],[-94.42584,38.96328],[-94.42669,38.96413],[-94.42505,38.96418],[-94.42518,38.96511],[-94.42542,38.96545],[-94.42467,38.96646],[-94.42609,38.96714],[-94.42621,38.96757],[-94.42606,38.96782],[-94.42563,38.96798],[-94.42471,38.96801],[-94.42445,38.96844],[-94.42451,38.96939],[-94.42506,38.97],[-94.42509,38.97025],[-94.41824,38.97023],[-94.41768,38.98474],[-94.41896,38.98384],[-94.422,38.9826],[-94.42184,38.98411],[-94.42251,38.98498],[-94.43898,38.98568],[-94.44034,38.98585],[-94.44034,38.98661],[-94.44526,38.9867],[-94.44527,38.98712],[-94.44583,38.98715],[-94.44587,38.98616],[-94.46444,38.98699],[-94.46446,38.98645],[-94.46491,38.987],[-94.47618,38.9876],[-94.47615,38.98844],[-94.47689,38.9895],[-94.47787,38.98893],[-94.4786,38.98819],[-94.48384,38.98844],[-94.48382,38.98882],[-94.4876,38.98897],[-94.48766,38.98809],[-94.50182,38.98851],[-94.50196,38.98726],[-94.50255,38.98556],[-94.5038,38.98382],[-94.50542,38.98239],[-94.50766,38.98313],[-94.50908,38.98408],[-94.51095,38.98453],[-94.51292,38.98531],[-94.52032,38.98565],[-94.52035,38.98453],[-94.52152,38.98279],[-94.52158,38.98248],[-94.52112,38.98093],[-94.52046,38.98024],[-94.52024,38.97973],[-94.5206,38.97859],[-94.52081,38.97478],[-94.52288,38.97484],[-94.52307,38.97408],[-94.52262,38.97317],[-94.52086,38.97361],[-94.52112,38.96746],[-94.51995,38.96741],[-94.52974,38.95323]]]}},{"type":"Feature","properties":{"ZIP":"64139"},"geometry":{"type":"Polygon","coordinates":[[[-94.42844,38.95809],[-94.42857,38.95663],[-94.42692,38.95426],[-94.42601,38.95185],[-94.42585,38.95021],[-94.42599,38.9485],[-94.42164,38.94914],[-94.42201,38.94463],[-94.42625,38.94528],[-94.42634,38.94391],[-94.42544,38.94406],[-94.42202,38.94307],[-94.42234,38.94251],[-94.42379,38.94141],[-94.40838,38.94066],[-94.40914,38.94424],[-94.40743,38.94431],[-94.40963,38.94755],[-94.40973,38.95075],[-94.40926,38.9587],[-94.40099,38.95855],[-94.40129,38.96034],[-94.40195,38.96225],[-94.40012,38.96223],[-94.40015,38.96129],[-94.39562,38.96121],[-94.39566,38.95815],[-94.3861,38.95814],[-94.38557,38.96878],[-94.38848,38.96886],[-94.38859,38.97029],[-94.38995,38.97248],[-94.3902,38.97313],[-94.39026,38.97404],[-94.39,38.97627],[-94.38942,38.97623],[-94.38844,38.98148],[-94.38843,38.9834],[-94.3892,38.98346],[-94.3892,38.98877],[-94.3895,38.99449],[-94.3971,38.99477],[-94.39831,38.99404],[-94.40045,38.99136],[-94.40335,38.99136],[-94.40585,38.99087],[-94.40709,38.98963],[-94.40778,38.98961],[-94.40782,38.98424],[-94.4133,38.98437],[-94.41768,38.98474],[-94.41824,38.97023],[-94.42509,38.97025],[-94.42506,38.97],[-94.42451,38.96939],[-94.42445,38.96844],[-94.42471,38.96801],[-94.42563,38.96798],[-94.42606,38.96782],[-94.42621,38.96757],[-94.42609,38.96714],[-94.42467,38.96646],[-94.42542,38.96545],[-94.42518,38.96511],[-94.42505,38.96418],[-94.42669,38.96413],[-94.42584,38.96328],[-94.42664,38.96287],[-94.42676,38.96228],[-94.42715,38.96179],[-94.42697,38.96096],[-94.427,38.95976],[-94.42844,38.95809]]]}},{"type":"Feature","properties":{"ZIP":"64145"},"geometry":{"type":"MultiPolygon","coordinates":[[[[-94.57536,38.89454],[-94.57252,38.89324],[-94.57108,38.89333],[-94.56981,38.89417],[-94.56932,38.89433],[-94.5692,38.89627],[-94.57203,38.89635],[-94.57327,38.89614],[-94.57448,38.89548],[-94.57536,38.89454]]],[[[-94.60804,38.85498],[-94.60793,38.8531],[-94.60803,38.84721],[-94.58557,38.8462],[-94.5855,38.84902],[-94.58603,38.8526],[-94.58609,38.85445],[-94.58527,38.86526],[-94.58545,38.86601],[-94.58581,38.86663],[-94.58728,38.8682],[-94.58758,38.8693],[-94.58685,38.87582],[-94.58513,38.87575],[-94.58509,38.8763],[-94.58639,38.87637],[-94.58639,38.87708],[-94.5868,38.87707],[-94.58685,38.87875],[-94.58626,38.88593],[-94.58455,38.88838],[-94.58362,38.89071],[-94.5832,38.89246],[-94.58265,38.89691],[-94.58548,38.89689],[-94.5844,38.9113],[-94.58864,38.91152],[-94.58904,38.91167],[-94.58948,38.91233],[-94.58938,38.91436],[-94.59103,38.91484],[-94.59128,38.91442],[-94.59175,38.91419],[-94.59346,38.91422],[-94.59355,38.91287],[-94.5955,38.91291],[-94.59534,38.91247],[-94.59649,38.91224],[-94.59661,38.91259],[-94.59771,38.91265],[-94.59851,38.91288],[-94.59885,38.91279],[-94.59898,38.91301],[-94.60009,38.91274],[-94.60071,38.91385],[-94.60211,38.91342],[-94.60442,38.91302],[-94.60799,38.91292],[-94.60804,38.85498]]]]}},{"type":"Feature","properties":{"ZIP":"64146"},"geometry":{"type":"Polygon","coordinates":[[[-94.58758,38.8693],[-94.58728,38.8682],[-94.58581,38.86663],[-94.58545,38.86601],[-94.58527,38.86526],[-94.58609,38.85445],[-94.58603,38.8526],[-94.5855,38.84902],[-94.58557,38.8462],[-94.56492,38.84522],[-94.56457,38.84997],[-94.56473,38.85016],[-94.56549,38.85027],[-94.56567,38.85045],[-94.56444,38.86689],[-94.56083,38.86672],[-94.56048,38.86687],[-94.56384,38.86693],[-94.56307,38.8747],[-94.5608,38.91047],[-94.56619,38.91053],[-94.56773,38.91084],[-94.5687,38.91086],[-94.56926,38.90997],[-94.5697,38.9098],[-94.57078,38.90996],[-94.572,38.90958],[-94.5731,38.90986],[-94.57502,38.90987],[-94.57518,38.91016],[-94.57502,38.91256],[-94.5752,38.91272],[-94.57645,38.91273],[-94.578,38.91059],[-94.57923,38.91021],[-94.57975,38.91114],[-94.58038,38.91091],[-94.58081,38.91161],[-94.58207,38.91207],[-94.58241,38.91157],[-94.58351,38.9121],[-94.58354,38.91274],[-94.5843,38.91278],[-94.58548,38.89689],[-94.58265,38.89691],[-94.5832,38.89246],[-94.58362,38.89071],[-94.58455,38.88838],[-94.58626,38.88593],[-94.58685,38.87875],[-94.5868,38.87707],[-94.58639,38.87708],[-94.58639,38.87637],[-94.58509,38.8763],[-94.58513,38.87575],[-94.58685,38.87582],[-94.58758,38.8693]],[[-94.57497,38.89435],[-94.57536,38.89454],[-94.57477,38.89525],[-94.57327,38.89614],[-94.57203,38.89635],[-94.5692,38.89627],[-94.56932,38.89433],[-94.56981,38.89417],[-94.57108,38.89333],[-94.57252,38.89324],[-94.57432,38.89417],[-94.57497,38.89435]]]}},{"type":"Feature","properties":{"ZIP":"64147"},"geometry":{"type":"Polygon","coordinates":[[[-94.56567,38.85045],[-94.56549,38.85027],[-94.56473,38.85016],[-94.56457,38.84997],[-94.56492,38.84522],[-94.56262,38.84498],[-94.55773,38.84491],[-94.55421,38.84462],[-94.55496,38.84136],[-94.5524,38.84151],[-94.55195,38.83898],[-94.55191,38.83776],[-94.55159,38.83746],[-94.55141,38.83619],[-94.55095,38.83552],[-94.55115,38.83495],[-94.55072,38.83443],[-94.54939,38.83468],[-94.5492,38.83418],[-94.54351,38.83571],[-94.5432,38.84193],[-94.54353,38.84337],[-94.54348,38.84408],[-94.53783,38.84403],[-94.52956,38.84365],[-94.52877,38.85412],[-94.52717,38.86267],[-94.52692,38.8653],[-94.55735,38.86677],[-94.56048,38.86687],[-94.56083,38.86672],[-94.56444,38.86689],[-94.56567,38.85045]]]}},{"type":"Feature","properties":{"ZIP":"64149"},"geometry":{"type":"Polygon","coordinates":[[[-94.4943,38.88634],[-94.49434,38.88578],[-94.49144,38.88578],[-94.49137,38.88563],[-94.48972,38.88555],[-94.49026,38.8735],[-94.49213,38.84171],[-94.43117,38.83961],[-94.42965,38.86875],[-94.43499,38.86885],[-94.43498,38.86935],[-94.44378,38.86967],[-94.4438,38.86912],[-94.46272,38.86981],[-94.46255,38.8735],[-94.4711,38.87382],[-94.46958,38.89926],[-94.46439,38.89907],[-94.46476,38.89936],[-94.46542,38.89944],[-94.46514,38.89986],[-94.46666,38.90108],[-94.46736,38.90057],[-94.468,38.90038],[-94.46826,38.89974],[-94.46857,38.89982],[-94.46887,38.90018],[-94.46837,38.90077],[-94.46762,38.90114],[-94.46743,38.90182],[-94.46812,38.90256],[-94.46882,38.90256],[-94.46852,38.90286],[-94.46916,38.90431],[-94.46994,38.9055],[-94.47045,38.90556],[-94.47143,38.90487],[-94.47781,38.90624],[-94.47887,38.9069],[-94.48016,38.90745],[-94.48221,38.90779],[-94.48249,38.9067],[-94.48357,38.90665],[-94.48405,38.90685],[-94.4902,38.90043],[-94.49348,38.89532],[-94.49377,38.89445],[-94.4943,38.88634]]]}},{"type":"Feature","properties":{"ZIP":"64150"},"geometry":{"type":"Polygon","coordinates":[[[-94.66116,39.16389],[-94.6614,39.16274],[-94.65921,39.15784],[-94.65579,39.15568],[-94.65065,39.15409],[-94.63978,39.1537],[-94.63555,39.15408],[-94.62393,39.15661],[-94.61548,39.16014],[-94.61107,39.16088],[-94.60866,39.16104],[-94.60646,39.16082],[-94.60173,39.1596],[-94.60156,39.16611],[-94.59896,39.16532],[-94.59867,39.16626],[-94.60154,39.16744],[-94.60146,39.18176],[-94.60531,39.18054],[-94.6057,39.18307],[-94.60581,39.18295],[-94.60868,39.183],[-94.60877,39.18367],[-94.60863,39.18384],[-94.60801,39.1838],[-94.60765,39.1846],[-94.60701,39.18491],[-94.60706,39.18563],[-94.60736,39.18583],[-94.60797,39.18543],[-94.60826,39.1856],[-94.60879,39.18561],[-94.60942,39.18652],[-94.60973,39.1875],[-94.60972,39.18854],[-94.61265,39.18866],[-94.61315,39.18895],[-94.61315,39.1887],[-94.6135,39.1887],[-94.61412,39.18998],[-94.61566,39.19116],[-94.61578,39.19054],[-94.61614,39.18997],[-94.618,39.18873],[-94.63168,39.18884],[-94.63177,39.18493],[-94.63221,39.18413],[-94.63308,39.18385],[-94.63305,39.18362],[-94.63411,39.18328],[-94.63368,39.18208],[-94.63369,39.18167],[-94.64103,39.18167],[-94.64106,39.17928],[-94.64195,39.17929],[-94.64196,39.17883],[-94.64289,39.17884],[-94.64289,39.17997],[-94.64475,39.17998],[-94.64483,39.18173],[-94.64557,39.18154],[-94.64658,39.18025],[-94.64732,39.18044],[-94.64738,39.18072],[-94.64923,39.18073],[-94.64948,39.1805],[-94.64891,39.179],[-94.64916,39.179],[-94.64912,39.1787],[-94.64954,39.17802],[-94.65306,39.17896],[-94.65633,39.17934],[-94.65814,39.17987],[-94.65875,39.17611],[-94.65938,39.17704],[-94.65937,39.1744],[-94.65916,39.17412],[-94.65931,39.17006],[-94.66032,39.16805],[-94.66116,39.16389]]]}},{"type":"Feature","properties":{"ZIP":"64151"},"geometry":{"type":"Polygon","coordinates":[[[-94.66416,39.21063],[-94.65918,39.21049],[-94.65945,39.18033],[-94.65689,39.17946],[-94.65306,39.17896],[-94.64954,39.17802],[-94.64912,39.1787],[-94.64916,39.179],[-94.64891,39.179],[-94.64948,39.1805],[-94.64923,39.18073],[-94.64738,39.18072],[-94.64732,39.18044],[-94.64658,39.18025],[-94.64557,39.18154],[-94.64483,39.18173],[-94.64475,39.17998],[-94.64289,39.17997],[-94.64289,39.17884],[-94.64196,39.17883],[-94.64195,39.17929],[-94.64106,39.17928],[-94.64103,39.18167],[-94.63369,39.18167],[-94.63368,39.18208],[-94.63411,39.18328],[-94.63305,39.18362],[-94.63308,39.18385],[-94.63221,39.18413],[-94.63177,39.18493],[-94.63168,39.18884],[-94.618,39.18873],[-94.61614,39.18997],[-94.61578,39.19054],[-94.61566,39.19116],[-94.61412,39.18998],[-94.6135,39.1887],[-94.61315,39.1887],[-94.61315,39.18895],[-94.61265,39.18866],[-94.60972,39.18854],[-94.60973,39.1875],[-94.60942,39.18652],[-94.60879,39.18561],[-94.60826,39.1856],[-94.60797,39.18543],[-94.60736,39.18583],[-94.60706,39.18563],[-94.60701,39.18491],[-94.60765,39.1846],[-94.60801,39.1838],[-94.60863,39.18384],[-94.60877,39.18367],[-94.60868,39.183],[-94.60581,39.18295],[-94.6057,39.18307],[-94.60531,39.18054],[-94.60133,39.1818],[-94.60075,39.18272],[-94.60001,39.18317],[-94.60015,39.18411],[-94.59955,39.18639],[-94.60129,39.18727],[-94.60117,39.19301],[-94.60411,39.19303],[-94.60398,39.19587],[-94.60111,39.19585],[-94.60103,39.21009],[-94.60453,39.21011],[-94.60397,39.21098],[-94.60376,39.21524],[-94.60353,39.21564],[-94.60231,39.21592],[-94.60171,39.21748],[-94.60106,39.21748],[-94.60097,39.23336],[-94.60373,39.23335],[-94.60377,39.23653],[-94.60369,39.23711],[-94.60089,39.23723],[-94.60095,39.24256],[-94.60137,39.2444],[-94.60108,39.24527],[-94.60098,39.24637],[-94.6058,39.24625],[-94.64298,39.24668],[-94.643,39.24614],[-94.64379,39.24612],[-94.64416,39.24591],[-94.64481,39.24594],[-94.6447,39.24672],[-94.64714,39.24675],[-94.64715,39.24619],[-94.64681,39.24555],[-94.64678,39.24515],[-94.64691,39.24472],[-94.64735,39.24425],[-94.64792,39.24461],[-94.64793,39.2448],[-94.64949,39.24487],[-94.64949,39.24515],[-94.64886,39.24515],[-94.64877,39.24598],[-94.65027,39.24591],[-94.65028,39.24612],[-94.65133,39.24607],[-94.65133,39.2468],[-94.65248,39.24683],[-94.65246,39.24616],[-94.6527,39.24615],[-94.65282,39.24515],[-94.65363,39.24514],[-94.65361,39.24591],[-94.65469,39.24592],[-94.65514,39.24624],[-94.65501,39.24678],[-94.6585,39.24685],[-94.65856,39.23969],[-94.65885,39.23967],[-94.65886,39.23462],[-94.65847,39.23308],[-94.65888,39.2327],[-94.65896,39.22678],[-94.65923,39.226],[-94.65984,39.22516],[-94.65902,39.22425],[-94.65888,39.22366],[-94.65918,39.22364],[-94.65928,39.214],[-94.66012,39.21421],[-94.66165,39.21419],[-94.66164,39.21229],[-94.66305,39.21229],[-94.66304,39.21092],[-94.66415,39.21102],[-94.66416,39.21063]]]}},{"type":"Feature","properties":{"ZIP":"64152"},"geometry":{"type":"Polygon","coordinates":[[[-94.80332,39.2438],[-94.80121,39.23794],[-94.80157,39.2379],[-94.79872,39.23027],[-94.79739,39.23021],[-94.79488,39.2259],[-94.79366,39.22731],[-94.79353,39.22518],[-94.79342,39.22523],[-94.79326,39.22501],[-94.79343,39.22493],[-94.79212,39.22272],[-94.79197,39.22278],[-94.7916,39.22218],[-94.79146,39.22223],[-94.79072,39.22089],[-94.78916,39.21966],[-94.78914,39.22339],[-94.78393,39.22341],[-94.7838,39.22306],[-94.78411,39.22027],[-94.78616,39.21837],[-94.78633,39.21799],[-94.78608,39.21752],[-94.78651,39.21719],[-94.78664,39.21652],[-94.78744,39.21574],[-94.78591,39.21367],[-94.78042,39.20815],[-94.77418,39.20261],[-94.76984,39.19941],[-94.76801,39.19764],[-94.76605,39.19654],[-94.76981,39.19189],[-94.7712,39.19162],[-94.77025,39.18982],[-94.76709,39.18484],[-94.76286,39.17999],[-94.7528,39.17349],[-94.75165,39.173],[-94.74078,39.16998],[-94.73574,39.16919],[-94.72364,39.169],[-94.71414,39.1704],[-94.70685,39.17374],[-94.70552,39.1738],[-94.69633,39.17896],[-94.69161,39.18196],[-94.68879,39.18323],[-94.68727,39.18367],[-94.68498,39.18396],[-94.68034,39.1843],[-94.67824,39.18417],[-94.6739,39.18355],[-94.66911,39.1822],[-94.66667,39.18116],[-94.66528,39.18038],[-94.66158,39.17736],[-94.65937,39.1744],[-94.65938,39.17704],[-94.65875,39.17611],[-94.65814,39.17987],[-94.65945,39.18033],[-94.65918,39.21049],[-94.66416,39.21054],[-94.66415,39.21102],[-94.66304,39.21092],[-94.66305,39.21229],[-94.66164,39.21229],[-94.66165,39.21419],[-94.66012,39.21421],[-94.65928,39.214],[-94.65918,39.22364],[-94.65888,39.22366],[-94.65902,39.22425],[-94.65984,39.22516],[-94.65923,39.226],[-94.65896,39.22678],[-94.65888,39.2327],[-94.65847,39.23308],[-94.65886,39.23462],[-94.65885,39.23967],[-94.65856,39.23969],[-94.6585,39.24685],[-94.66143,39.2469],[-94.66177,39.24609],[-94.66144,39.24549],[-94.66193,39.24494],[-94.66208,39.24419],[-94.66335,39.2442],[-94.66386,39.24448],[-94.66397,39.2469],[-94.69184,39.24708],[-94.69183,39.24646],[-94.69329,39.24647],[-94.69329,39.24664],[-94.7011,39.24662],[-94.70109,39.24262],[-94.70426,39.24262],[-94.70428,39.24302],[-94.70867,39.24303],[-94.70867,39.24711],[-94.71494,39.24713],[-94.71493,39.24303],[-94.73331,39.24313],[-94.73327,39.24479],[-94.73304,39.2461],[-94.73365,39.24768],[-94.7414,39.24531],[-94.74447,39.245],[-94.75911,39.2455],[-94.75971,39.24583],[-94.76101,39.24712],[-94.76838,39.24713],[-94.76966,39.24745],[-94.77147,39.24846],[-94.77287,39.24879],[-94.77971,39.2488],[-94.77974,39.24512],[-94.79949,39.24515],[-94.80194,39.24438],[-94.8019,39.24427],[-94.80241,39.24396],[-94.80332,39.2438]]]}},{"type":"Feature","properties":{"ZIP":"64153"},"geometry":{"type":"Polygon","coordinates":[[[-94.83738,39.26288],[-94.83786,39.26241],[-94.83459,39.25957],[-94.832,39.25698],[-94.82905,39.25297],[-94.82748,39.24989],[-94.82618,39.24485],[-94.81031,39.24496],[-94.80991,39.24518],[-94.80427,39.24514],[-94.80157,39.2379],[-94.80121,39.23794],[-94.80332,39.2438],[-94.80241,39.24396],[-94.8019,39.24427],[-94.80194,39.24438],[-94.79949,39.24515],[-94.77974,39.24512],[-94.77971,39.2488],[-94.77287,39.24879],[-94.77147,39.24846],[-94.76966,39.24745],[-94.76838,39.24713],[-94.76101,39.24712],[-94.75971,39.24583],[-94.75911,39.2455],[-94.74447,39.245],[-94.7414,39.24531],[-94.73365,39.24768],[-94.73304,39.2461],[-94.73327,39.24479],[-94.73331,39.24313],[-94.71493,39.24303],[-94.71494,39.24713],[-94.70867,39.24711],[-94.70867,39.24303],[-94.70428,39.24302],[-94.70426,39.24262],[-94.70109,39.24262],[-94.7011,39.24662],[-94.69329,39.24664],[-94.69329,39.24647],[-94.69183,39.24646],[-94.69184,39.24708],[-94.66397,39.2469],[-94.66386,39.24448],[-94.66335,39.2442],[-94.66208,39.24419],[-94.66193,39.24494],[-94.66144,39.24549],[-94.66177,39.24609],[-94.66143,39.2469],[-94.6585,39.24685],[-94.65848,39.25546],[-94.65895,39.25765],[-94.66006,39.26023],[-94.66516,39.26739],[-94.65996,39.26741],[-94.65452,39.27245],[-94.6549,39.2729],[-94.65475,39.27353],[-94.65558,39.27321],[-94.65995,39.27277],[-94.65984,39.27562],[-94.65988,39.27605],[-94.66013,39.27649],[-94.65985,39.27717],[-94.65924,39.27796],[-94.65914,39.27909],[-94.6594,39.28181],[-94.65963,39.28183],[-94.65921,39.28277],[-94.65933,39.28302],[-94.65874,39.28353],[-94.65885,39.28383],[-94.65866,39.28398],[-94.65862,39.29473],[-94.65817,39.29491],[-94.65821,39.29515],[-94.65805,39.29539],[-94.65651,39.29605],[-94.65717,39.2974],[-94.65686,39.29778],[-94.65738,39.29812],[-94.65742,39.29842],[-94.65695,39.29871],[-94.65685,39.2998],[-94.6564,39.29988],[-94.6562,39.30029],[-94.65569,39.30064],[-94.65564,39.30116],[-94.6561,39.30148],[-94.65611,39.30169],[-94.65541,39.30192],[-94.6552,39.30215],[-94.65487,39.30353],[-94.65433,39.30396],[-94.65333,39.30417],[-94.65273,39.30462],[-94.65139,39.30473],[-94.65156,39.30528],[-94.65132,39.3054],[-94.65052,39.30516],[-94.64976,39.30581],[-94.64896,39.30611],[-94.64894,39.3073],[-94.66565,39.3073],[-94.66721,39.3076],[-94.66862,39.30818],[-94.67234,39.31083],[-94.68788,39.31108],[-94.68957,39.31386],[-94.69,39.31394],[-94.69144,39.31563],[-94.69394,39.31812],[-94.69629,39.32039],[-94.69766,39.32141],[-94.72867,39.33762],[-94.73296,39.33895],[-94.73297,39.33768],[-94.73369,39.33794],[-94.73534,39.33898],[-94.73818,39.33969],[-94.74751,39.33962],[-94.75019,39.33908],[-94.75204,39.33919],[-94.75741,39.31331],[-94.75711,39.3106],[-94.75485,39.31061],[-94.7548,39.31032],[-94.75224,39.31036],[-94.75225,39.31061],[-94.73303,39.31074],[-94.73306,39.3009],[-94.73985,39.30079],[-94.73995,39.29619],[-94.7513,39.2961],[-94.76435,39.29622],[-94.76533,39.29347],[-94.76629,39.28988],[-94.76648,39.28834],[-94.76643,39.28637],[-94.76575,39.28337],[-94.76227,39.27424],[-94.7795,39.27415],[-94.77955,39.26713],[-94.79811,39.2671],[-94.7979,39.27305],[-94.79802,39.27442],[-94.79795,39.28149],[-94.79802,39.28188],[-94.7985,39.28248],[-94.79856,39.28318],[-94.79844,39.28358],[-94.79784,39.28431],[-94.79851,39.28475],[-94.79911,39.2849],[-94.79938,39.28535],[-94.79998,39.28572],[-94.80045,39.28547],[-94.80088,39.28586],[-94.80191,39.28607],[-94.80179,39.28629],[-94.8026,39.28647],[-94.80286,39.28682],[-94.80325,39.28674],[-94.80334,39.28698],[-94.80411,39.28698],[-94.80535,39.28795],[-94.8056,39.28777],[-94.80634,39.28796],[-94.80725,39.28792],[-94.80778,39.28765],[-94.80964,39.28831],[-94.80994,39.28824],[-94.81011,39.28819],[-94.80978,39.28751],[-94.80987,39.28683],[-94.81043,39.28644],[-94.81228,39.28585],[-94.81355,39.28597],[-94.81472,39.28708],[-94.81524,39.28867],[-94.81606,39.28946],[-94.81798,39.29077],[-94.8196,39.29091],[-94.82083,39.28909],[-94.82157,39.28739],[-94.82181,39.28605],[-94.82165,39.28395],[-94.82145,39.28327],[-94.82069,39.28182],[-94.81969,39.28052],[-94.81888,39.2796],[-94.81802,39.27909],[-94.81703,39.27828],[-94.81725,39.27828],[-94.81618,39.27749],[-94.81583,39.27692],[-94.81583,39.27637],[-94.81612,39.27588],[-94.81807,39.27467],[-94.81966,39.27445],[-94.82134,39.27451],[-94.82442,39.27537],[-94.82582,39.27522],[-94.82642,39.27474],[-94.82723,39.27358],[-94.82728,39.27326],[-94.82792,39.27271],[-94.83551,39.26949],[-94.83702,39.26858],[-94.8376,39.26764],[-94.83774,39.26686],[-94.8373,39.26355],[-94.83738,39.26288]]]}},{"type":"Feature","properties":{"ZIP":"64154"},"geometry":{"type":"Polygon","coordinates":[[[-94.66509,39.26739],[-94.66031,39.26068],[-94.65895,39.25765],[-94.65842,39.25478],[-94.6585,39.24685],[-94.65501,39.24678],[-94.65514,39.24624],[-94.65469,39.24592],[-94.65361,39.24591],[-94.65363,39.24514],[-94.65282,39.24515],[-94.6527,39.24615],[-94.65246,39.24616],[-94.65248,39.24683],[-94.65133,39.2468],[-94.65133,39.24607],[-94.65028,39.24612],[-94.65027,39.24591],[-94.64877,39.24598],[-94.64886,39.24515],[-94.64949,39.24515],[-94.64949,39.24487],[-94.64793,39.2448],[-94.64792,39.24461],[-94.64735,39.24425],[-94.64691,39.24472],[-94.64678,39.24515],[-94.64681,39.24555],[-94.64715,39.24619],[-94.64714,39.24675],[-94.6447,39.24672],[-94.64481,39.24594],[-94.64416,39.24591],[-94.64379,39.24612],[-94.643,39.24614],[-94.64298,39.24668],[-94.6058,39.24625],[-94.60098,39.24637],[-94.60077,39.26035],[-94.60098,39.26026],[-94.6015,39.26085],[-94.60259,39.2615],[-94.60329,39.26242],[-94.60343,39.26299],[-94.60342,39.26694],[-94.6032,39.26751],[-94.60295,39.26756],[-94.60294,39.2677],[-94.60068,39.26771],[-94.60039,39.28217],[-94.60035,39.29458],[-94.60062,39.3074],[-94.60409,39.30722],[-94.6394,39.30765],[-94.64893,39.30764],[-94.64896,39.30611],[-94.64976,39.30581],[-94.65052,39.30516],[-94.65132,39.3054],[-94.65156,39.30528],[-94.65139,39.30473],[-94.65273,39.30462],[-94.65333,39.30417],[-94.65433,39.30396],[-94.65487,39.30353],[-94.6552,39.30215],[-94.65541,39.30192],[-94.65611,39.30169],[-94.6561,39.30148],[-94.65564,39.30116],[-94.65569,39.30064],[-94.6562,39.30029],[-94.6564,39.29988],[-94.65685,39.2998],[-94.65695,39.29871],[-94.65742,39.29842],[-94.65738,39.29812],[-94.65686,39.29778],[-94.65717,39.2974],[-94.65651,39.29605],[-94.65805,39.29539],[-94.65821,39.29515],[-94.65817,39.29491],[-94.65862,39.29473],[-94.65866,39.28398],[-94.65885,39.28383],[-94.65874,39.28353],[-94.65933,39.28302],[-94.65921,39.28277],[-94.65963,39.28183],[-94.6594,39.28181],[-94.65914,39.27909],[-94.65924,39.27796],[-94.65985,39.27717],[-94.66013,39.27649],[-94.65988,39.27605],[-94.65984,39.27562],[-94.65995,39.27277],[-94.65558,39.27321],[-94.65475,39.27353],[-94.6549,39.2729],[-94.65452,39.27245],[-94.65996,39.26741],[-94.66509,39.26739]]]}},{"type":"Feature","properties":{"ZIP":"64155"},"geometry":{"type":"Polygon","coordinates":[[[-94.60342,39.26584],[-94.60343,39.26299],[-94.60322,39.26226],[-94.60259,39.2615],[-94.6015,39.26085],[-94.60098,39.26026],[-94.60077,39.26035],[-94.60098,39.24637],[-94.58973,39.24635],[-94.58945,39.24058],[-94.58917,39.24059],[-94.58899,39.24277],[-94.58516,39.24282],[-94.58511,39.24453],[-94.58051,39.24461],[-94.58049,39.24633],[-94.57254,39.24636],[-94.57257,39.24557],[-94.56735,39.24566],[-94.56735,39.24632],[-94.56257,39.24635],[-94.56144,39.2466],[-94.55923,39.24741],[-94.55187,39.24821],[-94.54977,39.2482],[-94.54761,39.24894],[-94.54798,39.24914],[-94.54806,39.2497],[-94.54795,39.25649],[-94.54869,39.25677],[-94.54875,39.26007],[-94.5489,39.26024],[-94.55224,39.26032],[-94.55248,39.2604],[-94.55262,39.2607],[-94.55242,39.2747],[-94.53462,39.27456],[-94.53271,39.27546],[-94.53035,39.27622],[-94.5323,39.27893],[-94.53218,39.27921],[-94.53234,39.28073],[-94.53312,39.281],[-94.53364,39.28188],[-94.53418,39.28188],[-94.53436,39.28203],[-94.53468,39.28328],[-94.5357,39.28479],[-94.53556,39.28532],[-94.53589,39.28543],[-94.53635,39.28617],[-94.53635,39.28667],[-94.53603,39.28702],[-94.5363,39.28784],[-94.5345,39.28859],[-94.53031,39.28918],[-94.52622,39.2906],[-94.52323,39.29106],[-94.52281,39.2907],[-94.52243,39.28971],[-94.52213,39.28942],[-94.52003,39.28855],[-94.51931,39.28804],[-94.51892,39.28754],[-94.51745,39.28669],[-94.5169,39.28745],[-94.51651,39.28771],[-94.51634,39.28926],[-94.51598,39.28934],[-94.51589,39.28967],[-94.51602,39.29015],[-94.51632,39.29028],[-94.51627,39.29066],[-94.51657,39.29093],[-94.51658,39.29124],[-94.51651,39.29158],[-94.51586,39.29202],[-94.51562,39.29238],[-94.51547,39.29319],[-94.51574,39.29402],[-94.51555,39.29439],[-94.5157,39.29478],[-94.51536,39.29494],[-94.51512,39.29536],[-94.51035,39.29547],[-94.51035,39.2961],[-94.51063,39.29706],[-94.51101,39.29772],[-94.51207,39.29884],[-94.51238,39.29953],[-94.51231,39.30326],[-94.55679,39.30358],[-94.55671,39.31142],[-94.57074,39.3116],[-94.57349,39.31147],[-94.60062,39.3074],[-94.60035,39.29458],[-94.60039,39.28217],[-94.60068,39.26771],[-94.60294,39.2677],[-94.60295,39.26756],[-94.60317,39.26756],[-94.6034,39.26707],[-94.60342,39.26584]]]}},{"type":"Feature","properties":{"ZIP":"64156"},"geometry":{"type":"Polygon","coordinates":[[[-94.55672,39.31043],[-94.55679,39.30358],[-94.51231,39.30326],[-94.51234,39.29935],[-94.51207,39.29884],[-94.51081,39.29742],[-94.51035,39.2961],[-94.51035,39.29547],[-94.51512,39.29536],[-94.51536,39.29494],[-94.5157,39.29478],[-94.51555,39.29439],[-94.51574,39.29402],[-94.51547,39.29319],[-94.51562,39.29238],[-94.51586,39.29202],[-94.51651,39.29158],[-94.51658,39.29124],[-94.51657,39.29093],[-94.51627,39.29066],[-94.51632,39.29028],[-94.51602,39.29015],[-94.51589,39.28967],[-94.51598,39.28934],[-94.51634,39.28926],[-94.51651,39.28771],[-94.5169,39.28745],[-94.51745,39.28669],[-94.51892,39.28754],[-94.51931,39.28804],[-94.52003,39.28855],[-94.52213,39.28942],[-94.52243,39.28971],[-94.52281,39.2907],[-94.52323,39.29106],[-94.52622,39.2906],[-94.53031,39.28918],[-94.5345,39.28859],[-94.5363,39.28784],[-94.53603,39.28702],[-94.53635,39.28667],[-94.53635,39.28617],[-94.53589,39.28543],[-94.53556,39.28532],[-94.5357,39.28479],[-94.53468,39.28328],[-94.53436,39.28203],[-94.53418,39.28188],[-94.53364,39.28188],[-94.53312,39.281],[-94.53234,39.28073],[-94.53218,39.27921],[-94.5323,39.27893],[-94.53035,39.27622],[-94.53271,39.27546],[-94.53462,39.27456],[-94.55242,39.2747],[-94.55262,39.2607],[-94.55248,39.2604],[-94.55224,39.26032],[-94.5489,39.26024],[-94.54875,39.26007],[-94.54869,39.25677],[-94.54795,39.25649],[-94.54798,39.24914],[-94.54326,39.24729],[-94.53939,39.24599],[-94.53935,39.24625],[-94.53455,39.24461],[-94.53449,39.24578],[-94.51367,39.24545],[-94.51336,39.24479],[-94.51265,39.24437],[-94.51158,39.24317],[-94.49911,39.24392],[-94.49914,39.24543],[-94.49839,39.24545],[-94.49766,39.24661],[-94.49689,39.24614],[-94.49639,39.24664],[-94.49633,39.24699],[-94.49661,39.2474],[-94.49666,39.24793],[-94.49715,39.2488],[-94.49715,39.25015],[-94.49747,39.2508],[-94.49735,39.25242],[-94.4981,39.25338],[-94.49859,39.25453],[-94.49864,39.25503],[-94.49844,39.25561],[-94.49958,39.25643],[-94.50127,39.2596],[-94.50194,39.25968],[-94.50233,39.25998],[-94.50299,39.26195],[-94.50255,39.26217],[-94.50255,39.26255],[-94.50236,39.2627],[-94.50172,39.26273],[-94.50081,39.26249],[-94.50168,39.26397],[-94.50253,39.26493],[-94.50152,39.26696],[-94.49329,39.26698],[-94.49297,39.26686],[-94.49297,39.26722],[-94.49263,39.26743],[-94.49253,39.26813],[-94.49169,39.26946],[-94.49154,39.27005],[-94.4916,39.27074],[-94.49261,39.27247],[-94.4926,39.27323],[-94.49233,39.27422],[-94.49227,39.27572],[-94.49119,39.27794],[-94.49113,39.27871],[-94.49329,39.28436],[-94.4933,39.28581],[-94.49234,39.28766],[-94.49219,39.28852],[-94.49256,39.28852],[-94.49207,39.29778],[-94.49272,39.29993],[-94.49244,39.30057],[-94.49201,39.30097],[-94.49183,39.30085],[-94.49182,39.30117],[-94.49149,39.30167],[-94.49152,39.3021],[-94.49181,39.3025],[-94.49176,39.31004],[-94.49204,39.31004],[-94.49204,39.30983],[-94.50231,39.31001],[-94.50355,39.30919],[-94.50433,39.30961],[-94.50605,39.31013],[-94.51456,39.31036],[-94.51598,39.31077],[-94.51759,39.31096],[-94.55671,39.31142],[-94.55672,39.31043]]]}},{"type":"Feature","properties":{"ZIP":"64157"},"geometry":{"type":"Polygon","coordinates":[[[-94.50299,39.26195],[-94.50233,39.25998],[-94.50194,39.25968],[-94.50127,39.2596],[-94.49958,39.25643],[-94.49844,39.25561],[-94.49864,39.25503],[-94.49859,39.25453],[-94.4981,39.25338],[-94.49735,39.25242],[-94.49747,39.2508],[-94.49715,39.25015],[-94.49715,39.2488],[-94.49666,39.24793],[-94.49661,39.2474],[-94.49633,39.24699],[-94.49639,39.24664],[-94.49689,39.24614],[-94.49766,39.24661],[-94.49839,39.24545],[-94.49914,39.24543],[-94.49911,39.24392],[-94.47725,39.24513],[-94.46531,39.24492],[-94.46533,39.24361],[-94.46263,39.24356],[-94.46179,39.24335],[-94.46178,39.2446],[-94.45724,39.24471],[-94.45683,39.24604],[-94.45621,39.24609],[-94.45605,39.24771],[-94.45582,39.26651],[-94.45309,39.26664],[-94.45247,39.26696],[-94.45191,39.26769],[-94.44807,39.26615],[-94.44678,39.26689],[-94.44672,39.27035],[-94.44627,39.27035],[-94.44628,39.27371],[-94.44571,39.27371],[-94.44543,39.281],[-94.43723,39.28094],[-94.43701,39.28794],[-94.43632,39.28792],[-94.43623,39.2954],[-94.44483,39.29541],[-94.44482,39.30307],[-94.46409,39.30329],[-94.46403,39.30913],[-94.46433,39.30913],[-94.46433,39.30984],[-94.47249,39.30991],[-94.4735,39.30975],[-94.47359,39.30346],[-94.48212,39.30342],[-94.48221,39.30982],[-94.49176,39.31004],[-94.49181,39.3025],[-94.49152,39.3021],[-94.49149,39.30167],[-94.49182,39.30117],[-94.49183,39.30085],[-94.49201,39.30097],[-94.49244,39.30057],[-94.49272,39.29993],[-94.49207,39.29778],[-94.49256,39.28852],[-94.49219,39.28852],[-94.49234,39.28766],[-94.4933,39.28581],[-94.49329,39.28436],[-94.49113,39.27871],[-94.49119,39.27794],[-94.49227,39.27572],[-94.49233,39.27422],[-94.4926,39.27323],[-94.49261,39.27247],[-94.4916,39.27074],[-94.49154,39.27005],[-94.49169,39.26946],[-94.49253,39.26813],[-94.49263,39.26743],[-94.49297,39.26722],[-94.49297,39.26686],[-94.49329,39.26698],[-94.50152,39.26696],[-94.50253,39.26493],[-94.50168,39.26397],[-94.50081,39.26249],[-94.50172,39.26273],[-94.50236,39.2627],[-94.50255,39.26255],[-94.50255,39.26217],[-94.50299,39.26195]]]}},{"type":"Feature","properties":{"ZIP":"64158"},"geometry":{"type":"Polygon","coordinates":[[[-94.49542,39.22879],[-94.49411,39.22843],[-94.49295,39.2284],[-94.49299,39.22354],[-94.4714,39.22346],[-94.47031,39.22478],[-94.46031,39.23925],[-94.45724,39.24471],[-94.46178,39.2446],[-94.46179,39.24335],[-94.46263,39.24356],[-94.46533,39.24361],[-94.46531,39.24492],[-94.47911,39.24509],[-94.49303,39.24429],[-94.49294,39.23287],[-94.49542,39.22879]]]}},{"type":"Feature","properties":{"ZIP":"64161"},"geometry":{"type":"Polygon","coordinates":[[[-94.49816,39.15129],[-94.4982,39.15042],[-94.49541,39.15039],[-94.48977,39.14831],[-94.48462,39.1455],[-94.48023,39.1414],[-94.47633,39.137],[-94.46933,39.1307],[-94.46932,39.12884],[-94.46866,39.12675],[-94.46825,39.12599],[-94.4682,39.12544],[-94.4679,39.12495],[-94.46735,39.1247],[-94.46723,39.1243],[-94.46159,39.12037],[-94.45543,39.1231],[-94.44852,39.12695],[-94.44064,39.13078],[-94.43158,39.13737],[-94.43037,39.13802],[-94.42577,39.14181],[-94.42349,39.14407],[-94.42109,39.14747],[-94.41796,39.15114],[-94.41273,39.15594],[-94.41172,39.15707],[-94.40898,39.15934],[-94.40559,39.16259],[-94.40424,39.16369],[-94.40233,39.16476],[-94.40123,39.1679],[-94.39993,39.1748],[-94.40262,39.1812],[-94.40903,39.1921],[-94.40863,39.1936],[-94.4121,39.19422],[-94.41343,39.19423],[-94.4182,39.19359],[-94.41921,39.19307],[-94.41949,39.19266],[-94.41962,39.19077],[-94.41992,39.19048],[-94.42073,39.19034],[-94.42232,39.19071],[-94.42307,39.19159],[-94.42305,39.19223],[-94.42351,39.19294],[-94.42443,39.1931],[-94.4261,39.19288],[-94.42691,39.19336],[-94.42711,39.19363],[-94.42855,39.1939],[-94.42916,39.19457],[-94.43148,39.19464],[-94.43458,39.19384],[-94.43526,39.1935],[-94.43611,39.19267],[-94.43661,39.19148],[-94.43719,39.19105],[-94.43807,39.19055],[-94.44159,39.1892],[-94.44208,39.18882],[-94.44296,39.18871],[-94.44385,39.18679],[-94.44514,39.18603],[-94.44624,39.18511],[-94.44658,39.18258],[-94.44717,39.18163],[-94.44719,39.17963],[-94.44703,39.17939],[-94.4473,39.17888],[-94.44765,39.17615],[-94.44785,39.17581],[-94.4484,39.17575],[-94.4489,39.17595],[-94.44975,39.17765],[-94.45225,39.17934],[-94.45225,39.17919],[-94.45615,39.18105],[-94.457,39.18127],[-94.457,39.1816],[-94.45828,39.18202],[-94.45857,39.18304],[-94.45913,39.1836],[-94.46006,39.18418],[-94.46051,39.18477],[-94.46093,39.18563],[-94.46083,39.18676],[-94.4626,39.18743],[-94.46292,39.18835],[-94.46337,39.18893],[-94.46403,39.18901],[-94.46488,39.18885],[-94.46871,39.19121],[-94.46967,39.19136],[-94.47015,39.19176],[-94.47014,39.19248],[-94.46971,39.19284],[-94.46909,39.19382],[-94.46894,39.19433],[-94.46904,39.19482],[-94.47519,39.19484],[-94.47531,39.18042],[-94.49283,39.18058],[-94.49311,39.16855],[-94.49525,39.16341],[-94.49771,39.1583],[-94.49787,39.15746],[-94.49816,39.15129]]]}},{"type":"Feature","properties":{"ZIP":"64163"},"geometry":{"type":"Polygon","coordinates":[[[-94.73297,39.3408],[-94.73296,39.33895],[-94.72974,39.33805],[-94.72837,39.33748],[-94.69766,39.32141],[-94.69629,39.32039],[-94.69394,39.31812],[-94.69144,39.31563],[-94.69,39.31394],[-94.68957,39.31386],[-94.68788,39.31108],[-94.67234,39.31083],[-94.66862,39.30818],[-94.66721,39.3076],[-94.66565,39.3073],[-94.64894,39.3073],[-94.64886,39.31104],[-94.66107,39.311],[-94.66104,39.3125],[-94.66403,39.31249],[-94.66403,39.31842],[-94.66633,39.3184],[-94.66633,39.32111],[-94.66663,39.32264],[-94.66736,39.32422],[-94.66853,39.32562],[-94.66758,39.32561],[-94.66735,39.34002],[-94.65596,39.34013],[-94.65598,39.34121],[-94.65367,39.3412],[-94.65367,39.34103],[-94.65294,39.34103],[-94.6529,39.34352],[-94.64862,39.3435],[-94.64848,39.35088],[-94.65323,39.35082],[-94.65321,39.35435],[-94.65774,39.35432],[-94.65788,39.36091],[-94.65867,39.3605],[-94.6591,39.35932],[-94.65975,39.35927],[-94.65984,39.35859],[-94.66072,39.3582],[-94.66069,39.35797],[-94.66028,39.3576],[-94.66028,39.35733],[-94.66112,39.35649],[-94.66124,39.35608],[-94.66099,39.35563],[-94.6613,39.35518],[-94.66139,39.35458],[-94.66169,39.35444],[-94.66197,39.354],[-94.66198,39.35475],[-94.66761,39.35476],[-94.66749,39.35431],[-94.6668,39.35401],[-94.66833,39.35371],[-94.6691,39.35305],[-94.67001,39.35264],[-94.67237,39.35289],[-94.67509,39.35446],[-94.67876,39.35439],[-94.67867,39.35482],[-94.68757,39.35485],[-94.68965,39.35439],[-94.71912,39.35424],[-94.72432,39.35337],[-94.72647,39.35326],[-94.72849,39.3534],[-94.73165,39.35408],[-94.73287,39.35419],[-94.73297,39.3408]]]}},{"type":"Feature","properties":{"ZIP":"64164"},"geometry":{"type":"Polygon","coordinates":[[[-94.66853,39.32562],[-94.66736,39.32422],[-94.66663,39.32264],[-94.66633,39.32111],[-94.66633,39.3184],[-94.66403,39.31842],[-94.66403,39.31249],[-94.66104,39.3125],[-94.66107,39.311],[-94.64886,39.31104],[-94.64893,39.30764],[-94.6394,39.30765],[-94.60409,39.30722],[-94.60062,39.3074],[-94.6009,39.32561],[-94.60072,39.35437],[-94.62078,39.3544],[-94.62086,39.34945],[-94.62988,39.34942],[-94.62983,39.3544],[-94.63893,39.35442],[-94.6426,39.35411],[-94.64517,39.35438],[-94.65321,39.35435],[-94.65323,39.35082],[-94.64848,39.35088],[-94.64862,39.3435],[-94.6529,39.34352],[-94.65294,39.34103],[-94.65367,39.34103],[-94.65367,39.3412],[-94.65598,39.34121],[-94.65596,39.34013],[-94.66735,39.34002],[-94.66758,39.32561],[-94.66853,39.32562]]]}},{"type":"Feature","properties":{"ZIP":"64165"},"geometry":{"type":"Polygon","coordinates":[[[-94.6009,39.32561],[-94.60062,39.3074],[-94.57257,39.31154],[-94.54291,39.31127],[-94.5429,39.31839],[-94.54738,39.31841],[-94.54738,39.31863],[-94.55586,39.31862],[-94.55585,39.32229],[-94.56061,39.32228],[-94.56058,39.33314],[-94.60076,39.3333],[-94.6009,39.32561]]]}},{"type":"Feature","properties":{"ZIP":"64166"},"geometry":{"type":"Polygon","coordinates":[[[-94.56062,39.33093],[-94.56061,39.32228],[-94.55585,39.32229],[-94.55586,39.31862],[-94.54738,39.31863],[-94.54738,39.31841],[-94.5429,39.31839],[-94.54291,39.31127],[-94.51759,39.31096],[-94.51598,39.31077],[-94.51456,39.31036],[-94.50605,39.31013],[-94.50433,39.30961],[-94.50355,39.30919],[-94.50231,39.31001],[-94.49204,39.30983],[-94.49204,39.31004],[-94.49176,39.31004],[-94.49187,39.33197],[-94.52859,39.3322],[-94.53681,39.33213],[-94.54333,39.33269],[-94.56057,39.33264],[-94.56062,39.33093]]]}},{"type":"Feature","properties":{"ZIP":"64167"},"geometry":{"type":"Polygon","coordinates":[[[-94.4919,39.32348],[-94.49172,39.32017],[-94.49176,39.31004],[-94.48221,39.30982],[-94.48212,39.30342],[-94.47359,39.30346],[-94.4735,39.30975],[-94.47334,39.30976],[-94.47326,39.31295],[-94.47296,39.31329],[-94.47252,39.31347],[-94.47137,39.31343],[-94.47159,39.31465],[-94.47235,39.31539],[-94.47332,39.31705],[-94.47329,39.33333],[-94.47394,39.33323],[-94.4758,39.33238],[-94.48222,39.33243],[-94.48244,39.33235],[-94.48275,39.33192],[-94.48693,39.33198],[-94.48756,39.33242],[-94.49186,39.33244],[-94.4919,39.32348]]]}},{"type":"Feature","properties":{"ZIP":"64401"},"geometry":{"type":"Polygon","coordinates":[[[-94.7882,39.61789],[-94.78821,39.61744],[-94.74116,39.61709],[-94.74114,39.60462],[-94.7365,39.60453],[-94.73645,39.59816],[-94.7357,39.59769],[-94.73192,39.59613],[-94.73174,39.59597],[-94.73172,39.59539],[-94.73174,39.59372],[-94.73508,39.59369],[-94.73499,39.59328],[-94.73445,39.59274],[-94.73451,39.59206],[-94.73403,39.59175],[-94.73378,39.59132],[-94.73393,39.59061],[-94.73442,39.59034],[-94.73413,39.5896],[-94.73467,39.58952],[-94.73482,39.58935],[-94.73467,39.58897],[-94.7341,39.58875],[-94.73417,39.58809],[-94.7347,39.58757],[-94.73423,39.58657],[-94.74124,39.58642],[-94.74125,39.58488],[-94.74093,39.58451],[-94.73984,39.58384],[-94.73962,39.58352],[-94.73822,39.57939],[-94.73746,39.57929],[-94.73669,39.57956],[-94.73586,39.58016],[-94.73587,39.58069],[-94.73533,39.58056],[-94.73523,39.58091],[-94.73497,39.58087],[-94.73469,39.58057],[-94.73488,39.58018],[-94.73422,39.58014],[-94.73409,39.57989],[-94.73353,39.57968],[-94.73314,39.57926],[-94.73244,39.57907],[-94.73251,39.5785],[-94.7324,39.57834],[-94.73074,39.57801],[-94.73015,39.57806],[-94.72685,39.57571],[-94.72657,39.57517],[-94.72531,39.57524],[-94.72476,39.57487],[-94.72395,39.57489],[-94.72237,39.57523],[-94.72235,39.57905],[-94.71197,39.57905],[-94.69444,39.57942],[-94.69439,39.58676],[-94.68407,39.58691],[-94.68231,39.58866],[-94.68128,39.59],[-94.68062,39.59149],[-94.68041,39.59265],[-94.68032,39.60149],[-94.66456,39.60149],[-94.66449,39.60093],[-94.66475,39.60068],[-94.66465,39.60025],[-94.66403,39.60007],[-94.66391,39.59984],[-94.66449,39.5991],[-94.66426,39.59859],[-94.66437,39.59846],[-94.6648,39.59863],[-94.66509,39.59838],[-94.66558,39.59844],[-94.66576,39.59827],[-94.66572,39.59797],[-94.66537,39.59773],[-94.6649,39.59775],[-94.66436,39.59707],[-94.66335,39.59651],[-94.66314,39.59579],[-94.66286,39.59553],[-94.66265,39.59561],[-94.66254,39.59616],[-94.66197,39.59605],[-94.66177,39.59571],[-94.66134,39.59622],[-94.66115,39.59624],[-94.66101,39.59584],[-94.6607,39.59561],[-94.66098,39.59527],[-94.66081,39.59501],[-94.66108,39.59489],[-94.66145,39.59504],[-94.66187,39.5942],[-94.6617,39.594],[-94.66102,39.59376],[-94.66101,39.59343],[-94.66127,39.59316],[-94.66118,39.59294],[-94.66091,39.5927],[-94.66026,39.59272],[-94.66016,39.59214],[-94.66033,39.59186],[-94.65953,39.59146],[-94.65936,39.59108],[-94.65818,39.59106],[-94.65815,39.59079],[-94.65786,39.59056],[-94.6579,39.5898],[-94.65701,39.58996],[-94.65589,39.59084],[-94.65556,39.59132],[-94.65577,39.59156],[-94.65673,39.59198],[-94.65685,39.59226],[-94.65672,39.59315],[-94.65622,39.59431],[-94.65594,39.59449],[-94.65575,39.5949],[-94.65486,39.59537],[-94.65494,39.59615],[-94.65427,39.59749],[-94.65391,39.59747],[-94.65327,39.59692],[-94.65323,39.59655],[-94.65365,39.59585],[-94.65314,39.59519],[-94.65285,39.59509],[-94.65211,39.59565],[-94.65217,39.59656],[-94.65067,39.59761],[-94.6501,39.59858],[-94.64911,39.59925],[-94.64907,39.60027],[-94.64993,39.60118],[-94.65009,39.60156],[-94.64772,39.60168],[-94.64625,39.60248],[-94.64582,39.60243],[-94.64426,39.60176],[-94.63818,39.60191],[-94.63814,39.60646],[-94.63786,39.6067],[-94.63636,39.607],[-94.63399,39.60956],[-94.63372,39.6102],[-94.63344,39.61204],[-94.63335,39.6138],[-94.63335,39.61684],[-94.65637,39.61683],[-94.65635,39.61712],[-94.65662,39.61738],[-94.65648,39.61774],[-94.65682,39.61811],[-94.65631,39.61837],[-94.6564,39.61932],[-94.65665,39.61968],[-94.65671,39.62018],[-94.65717,39.62047],[-94.65655,39.62088],[-94.65662,39.62233],[-94.65637,39.62271],[-94.65668,39.62302],[-94.65674,39.62351],[-94.65746,39.62422],[-94.65775,39.625],[-94.65862,39.62605],[-94.66083,39.62664],[-94.66121,39.62661],[-94.66174,39.627],[-94.66202,39.62686],[-94.66265,39.62704],[-94.66352,39.62663],[-94.66409,39.62684],[-94.66512,39.62688],[-94.66572,39.62735],[-94.66613,39.62743],[-94.66639,39.62777],[-94.66715,39.62775],[-94.66732,39.62798],[-94.66723,39.62817],[-94.66803,39.62847],[-94.66794,39.63684],[-94.66757,39.63901],[-94.66723,39.64593],[-94.66649,39.65101],[-94.66555,39.65327],[-94.66544,39.65923],[-94.6645,39.66148],[-94.66437,39.66216],[-94.66434,39.66758],[-94.66634,39.66845],[-94.666,39.66887],[-94.66571,39.66894],[-94.6654,39.66953],[-94.66447,39.67007],[-94.66345,39.67125],[-94.66317,39.67121],[-94.66313,39.67163],[-94.66277,39.6716],[-94.66238,39.67195],[-94.66232,39.67222],[-94.66155,39.672],[-94.66082,39.6726],[-94.66048,39.67258],[-94.6604,39.67284],[-94.66066,39.67308],[-94.66013,39.6731],[-94.66024,39.67335],[-94.6601,39.67353],[-94.65878,39.6741],[-94.65848,39.67439],[-94.65865,39.67506],[-94.65772,39.67593],[-94.65786,39.67623],[-94.65732,39.6769],[-94.65732,39.67717],[-94.6576,39.67737],[-94.65732,39.67748],[-94.6573,39.67764],[-94.65768,39.67787],[-94.65717,39.67789],[-94.65638,39.6788],[-94.65669,39.67914],[-94.6565,39.67945],[-94.65661,39.67969],[-94.65644,39.68],[-94.65653,39.68015],[-94.65636,39.68027],[-94.65652,39.68057],[-94.65636,39.68082],[-94.65652,39.68095],[-94.65637,39.68115],[-94.65633,39.68171],[-94.6554,39.68188],[-94.6554,39.68201],[-94.67508,39.6819],[-94.69066,39.68201],[-94.69326,39.68334],[-94.69328,39.67884],[-94.69337,39.67851],[-94.69369,39.6782],[-94.69437,39.67857],[-94.69439,39.67877],[-94.69482,39.67888],[-94.6948,39.67935],[-94.69513,39.6797],[-94.69542,39.67949],[-94.69587,39.68003],[-94.69612,39.67973],[-94.69638,39.67977],[-94.69654,39.68019],[-94.69679,39.6801],[-94.69695,39.67977],[-94.69734,39.68014],[-94.69816,39.68018],[-94.69824,39.6799],[-94.69871,39.67994],[-94.69931,39.6797],[-94.69967,39.6798],[-94.69988,39.6795],[-94.70049,39.67966],[-94.70087,39.67942],[-94.70109,39.67952],[-94.70137,39.67941],[-94.70151,39.67948],[-94.70152,39.6798],[-94.70231,39.67969],[-94.70278,39.67988],[-94.70306,39.67974],[-94.70412,39.68019],[-94.705,39.68007],[-94.70536,39.68068],[-94.70586,39.68016],[-94.70635,39.6808],[-94.70679,39.68069],[-94.70717,39.6809],[-94.70603,39.68303],[-94.70513,39.68427],[-94.7041,39.6852],[-94.70345,39.68611],[-94.70292,39.68809],[-94.7034,39.68835],[-94.70416,39.68585],[-94.70597,39.68395],[-94.70758,39.68103],[-94.70858,39.67959],[-94.70934,39.67882],[-94.71043,39.67862],[-94.71248,39.67881],[-94.71444,39.67867],[-94.71504,39.67849],[-94.71607,39.67763],[-94.71664,39.67629],[-94.7165,39.67439],[-94.71762,39.67318],[-94.71808,39.6722],[-94.71841,39.67139],[-94.71823,39.67033],[-94.72062,39.6654],[-94.72074,39.6666],[-94.72101,39.6675],[-94.722,39.66795],[-94.72368,39.6681],[-94.72424,39.6685],[-94.72475,39.66923],[-94.72331,39.67117],[-94.72312,39.67288],[-94.72342,39.67429],[-94.72331,39.67444],[-94.72458,39.67484],[-94.72659,39.67485],[-94.73025,39.67578],[-94.73019,39.67852],[-94.73481,39.67858],[-94.73476,39.68096],[-94.73725,39.68106],[-94.73803,39.6807],[-94.73845,39.68016],[-94.73938,39.67984],[-94.7394,39.67866],[-94.74497,39.67872],[-94.75089,39.67998],[-94.75077,39.68048],[-94.7537,39.68051],[-94.75368,39.68157],[-94.75529,39.68156],[-94.75538,39.68244],[-94.76778,39.68272],[-94.76782,39.66173],[-94.76929,39.66116],[-94.77027,39.6616],[-94.77082,39.66109],[-94.77187,39.66168],[-94.77296,39.66037],[-94.77357,39.6602],[-94.77382,39.66037],[-94.77392,39.66067],[-94.77377,39.6609],[-94.77324,39.66115],[-94.77328,39.66126],[-94.77423,39.66172],[-94.77519,39.66184],[-94.77533,39.66239],[-94.77551,39.66255],[-94.77626,39.66254],[-94.77742,39.66117],[-94.7778,39.66126],[-94.77858,39.66218],[-94.77899,39.66221],[-94.78046,39.66041],[-94.78125,39.6604],[-94.78189,39.66016],[-94.78202,39.65959],[-94.78236,39.65937],[-94.78264,39.65939],[-94.78285,39.65979],[-94.78315,39.65987],[-94.78422,39.65849],[-94.78478,39.65846],[-94.78535,39.6578],[-94.78784,39.65776],[-94.7877,39.6419],[-94.7882,39.61789]]]}},{"type":"Feature","properties":{"ZIP":"64429"},"geometry":{"type":"Polygon","coordinates":[[[-94.33839,39.80528],[-94.33841,39.80512],[-94.32703,39.80502],[-94.32641,39.80436],[-94.32662,39.80423],[-94.32659,39.80396],[-94.32594,39.80327],[-94.32593,39.80278],[-94.32572,39.80258],[-94.32526,39.8025],[-94.32539,39.8021],[-94.32531,39.80165],[-94.32452,39.80106],[-94.32448,39.80056],[-94.32368,39.80022],[-94.32325,39.79938],[-94.32328,39.79902],[-94.323,39.79875],[-94.32272,39.79877],[-94.3228,39.79832],[-94.32241,39.79798],[-94.3223,39.79737],[-94.32256,39.79723],[-94.32233,39.79677],[-94.32238,39.79628],[-94.32216,39.79572],[-94.32163,39.79526],[-94.3217,39.79479],[-94.32138,39.79457],[-94.32164,39.79329],[-94.32226,39.7937],[-94.32281,39.79375],[-94.32314,39.79338],[-94.32401,39.79305],[-94.32354,39.79277],[-94.32382,39.79224],[-94.32383,39.79187],[-94.32363,39.79164],[-94.32369,39.79129],[-94.32426,39.7909],[-94.32444,39.79039],[-94.33836,39.79047],[-94.33831,39.77607],[-94.33788,39.75459],[-94.33556,39.75434],[-94.33266,39.75434],[-94.33141,39.75394],[-94.33131,39.75299],[-94.33102,39.75253],[-94.3304,39.75215],[-94.32993,39.75154],[-94.32845,39.75082],[-94.32576,39.75017],[-94.32619,39.74956],[-94.32536,39.74904],[-94.32496,39.74916],[-94.3248,39.749],[-94.32426,39.74903],[-94.32399,39.74875],[-94.32422,39.74861],[-94.32415,39.74847],[-94.32301,39.74828],[-94.32296,39.74809],[-94.32277,39.74808],[-94.32293,39.74785],[-94.32334,39.74791],[-94.32328,39.74773],[-94.32297,39.74767],[-94.32321,39.74719],[-94.32182,39.74727],[-94.32166,39.74621],[-94.31887,39.74514],[-94.31888,39.74462],[-94.31797,39.74414],[-94.31672,39.74215],[-94.31675,39.7414],[-94.31734,39.74135],[-94.31731,39.74105],[-94.31706,39.74085],[-94.31718,39.74036],[-94.31672,39.73989],[-94.3167,39.73947],[-94.31694,39.73911],[-94.31937,39.73864],[-94.32034,39.73793],[-94.32077,39.73781],[-94.32119,39.73795],[-94.32174,39.73881],[-94.32259,39.73915],[-94.323,39.73912],[-94.32336,39.7388],[-94.323,39.73807],[-94.32332,39.73786],[-94.32402,39.73793],[-94.32438,39.7375],[-94.32365,39.73707],[-94.32419,39.7369],[-94.32404,39.73655],[-94.32426,39.73629],[-94.32401,39.73598],[-94.3242,39.73572],[-94.32457,39.73546],[-94.32505,39.73583],[-94.3259,39.73571],[-94.32594,39.73511],[-94.32554,39.73453],[-94.32552,39.73408],[-94.32522,39.73399],[-94.32473,39.7345],[-94.32429,39.73454],[-94.32419,39.73429],[-94.3243,39.73382],[-94.32379,39.73353],[-94.32313,39.7329],[-94.32307,39.73266],[-94.33744,39.73262],[-94.33685,39.689],[-94.327,39.68899],[-94.32741,39.68858],[-94.3274,39.65964],[-94.32028,39.65952],[-94.31707,39.65884],[-94.29918,39.6589],[-94.29913,39.66252],[-94.29513,39.66251],[-94.29512,39.6662],[-94.28501,39.6661],[-94.28501,39.66517],[-94.28107,39.66514],[-94.28107,39.66295],[-94.28037,39.66295],[-94.28041,39.65871],[-94.26609,39.65859],[-94.2661,39.65501],[-94.26153,39.65496],[-94.26117,39.65011],[-94.26169,39.64405],[-94.23828,39.64381],[-94.23863,39.62176],[-94.22985,39.62097],[-94.2299,39.61843],[-94.22875,39.61668],[-94.22896,39.61466],[-94.22867,39.61448],[-94.22561,39.61436],[-94.2255,39.61085],[-94.21316,39.61074],[-94.2068,39.61053],[-94.20701,39.59959],[-94.20641,39.59943],[-94.20251,39.59932],[-94.20244,39.6047],[-94.20166,39.60534],[-94.20033,39.60574],[-94.19972,39.60566],[-94.1982,39.60584],[-94.19759,39.60608],[-94.19678,39.60597],[-94.19614,39.60649],[-94.19621,39.6068],[-94.19581,39.60713],[-94.19524,39.60715],[-94.19513,39.60738],[-94.19438,39.60753],[-94.19396,39.60793],[-94.19314,39.60825],[-94.19307,39.6085],[-94.1928,39.60856],[-94.19279,39.60878],[-94.19247,39.60914],[-94.192,39.60938],[-94.19206,39.60959],[-94.19178,39.61003],[-94.1918,39.6105],[-94.19094,39.61101],[-94.19079,39.61156],[-94.19039,39.6118],[-94.19047,39.61208],[-94.19003,39.61257],[-94.18913,39.61261],[-94.1885,39.61303],[-94.18972,39.61413],[-94.17077,39.61392],[-94.17107,39.61445],[-94.17093,39.61453],[-94.171,39.61474],[-94.17079,39.61481],[-94.17108,39.61516],[-94.17059,39.61558],[-94.17094,39.61565],[-94.17099,39.61587],[-94.17123,39.61591],[-94.17137,39.61612],[-94.17118,39.61622],[-94.17118,39.61648],[-94.17096,39.61646],[-94.17046,39.61709],[-94.16991,39.61714],[-94.16981,39.61749],[-94.17018,39.61801],[-94.16956,39.61822],[-94.16889,39.61883],[-94.1692,39.61967],[-94.16894,39.61991],[-94.16887,39.62052],[-94.16728,39.62082],[-94.16695,39.6211],[-94.16679,39.62163],[-94.16654,39.62175],[-94.16572,39.62166],[-94.1656,39.62201],[-94.16585,39.6225],[-94.16559,39.62296],[-94.16461,39.62321],[-94.16357,39.62414],[-94.16274,39.62455],[-94.16249,39.62454],[-94.16231,39.62419],[-94.16214,39.62418],[-94.16122,39.62453],[-94.16103,39.62489],[-94.16127,39.62528],[-94.16112,39.62554],[-94.1604,39.62541],[-94.16,39.62552],[-94.15981,39.62485],[-94.15958,39.62478],[-94.15822,39.62599],[-94.15675,39.62637],[-94.1562,39.62632],[-94.15587,39.62666],[-94.15468,39.62716],[-94.15444,39.62762],[-94.15376,39.62763],[-94.15369,39.62794],[-94.15402,39.62804],[-94.1541,39.62822],[-94.15338,39.62887],[-94.15365,39.62928],[-94.15358,39.62945],[-94.15287,39.62999],[-94.1505,39.62993],[-94.14998,39.63008],[-94.15007,39.63072],[-94.14926,39.63147],[-94.14947,39.63209],[-94.14933,39.63303],[-94.14827,39.63347],[-94.14732,39.63356],[-94.14705,39.63381],[-94.14663,39.63504],[-94.14689,39.63716],[-94.14678,39.63798],[-94.14662,39.63825],[-94.14624,39.63825],[-94.14617,39.63845],[-94.14642,39.63872],[-94.14754,39.63877],[-94.14804,39.63898],[-94.14842,39.63938],[-94.14914,39.63919],[-94.14975,39.63949],[-94.14966,39.64348],[-94.14918,39.6497],[-94.14908,39.66431],[-94.13159,39.66398],[-94.13151,39.67118],[-94.12318,39.67107],[-94.12172,39.67129],[-94.09443,39.6703],[-94.09335,39.67065],[-94.0932,39.682],[-94.09599,39.68256],[-94.09642,39.68251],[-94.09714,39.6821],[-94.09753,39.68208],[-94.09789,39.68258],[-94.0982,39.68349],[-94.09808,39.68373],[-94.0975,39.68409],[-94.09744,39.68456],[-94.09797,39.68477],[-94.09988,39.68465],[-94.10156,39.68549],[-94.10198,39.68615],[-94.10207,39.68684],[-94.10187,39.68766],[-94.10212,39.68791],[-94.10282,39.68794],[-94.10307,39.68774],[-94.10336,39.68707],[-94.10422,39.68687],[-94.10475,39.68705],[-94.1055,39.6877],[-94.10707,39.68779],[-94.10727,39.68743],[-94.10712,39.68693],[-94.106,39.68602],[-94.10592,39.68569],[-94.10631,39.68545],[-94.10742,39.68528],[-94.1078,39.68507],[-94.1079,39.68467],[-94.10743,39.68405],[-94.1073,39.68305],[-94.10759,39.68271],[-94.10882,39.68239],[-94.10911,39.68252],[-94.10922,39.68311],[-94.10956,39.68333],[-94.1102,39.68337],[-94.11044,39.68299],[-94.11079,39.68282],[-94.11171,39.68314],[-94.11363,39.6854],[-94.11406,39.68653],[-94.11462,39.68707],[-94.11547,39.68753],[-94.11717,39.68791],[-94.11764,39.68823],[-94.11861,39.68797],[-94.11934,39.68865],[-94.11989,39.68877],[-94.12103,39.6883],[-94.12247,39.68829],[-94.12305,39.68857],[-94.12315,39.6889],[-94.1227,39.68986],[-94.12369,39.69119],[-94.12409,39.69222],[-94.12419,39.69441],[-94.12661,39.69429],[-94.12738,39.69492],[-94.12731,39.69522],[-94.12745,39.69552],[-94.1273,39.69571],[-94.12768,39.6958],[-94.12761,39.69617],[-94.12728,39.6963],[-94.12705,39.69667],[-94.12708,39.69702],[-94.12733,39.69723],[-94.12721,39.69787],[-94.12738,39.69851],[-94.12685,39.69906],[-94.127,39.69953],[-94.13042,39.69965],[-94.1301,39.70042],[-94.13003,39.7011],[-94.12999,39.71294],[-94.13035,39.71351],[-94.13089,39.71387],[-94.13283,39.71411],[-94.13373,39.71439],[-94.13425,39.71479],[-94.13462,39.7155],[-94.13453,39.72246],[-94.13361,39.72196],[-94.13337,39.72201],[-94.13266,39.72153],[-94.13195,39.72159],[-94.13142,39.72115],[-94.13041,39.72116],[-94.13014,39.72139],[-94.12981,39.72136],[-94.12972,39.7217],[-94.12946,39.72178],[-94.12943,39.72205],[-94.12903,39.72194],[-94.1289,39.72158],[-94.12867,39.72169],[-94.12823,39.72161],[-94.12822,39.72131],[-94.12786,39.72126],[-94.12769,39.72146],[-94.12729,39.72117],[-94.12695,39.72141],[-94.1267,39.72116],[-94.12599,39.72098],[-94.12519,39.72113],[-94.12487,39.72139],[-94.12337,39.72114],[-94.12202,39.72146],[-94.12172,39.72137],[-94.12163,39.72107],[-94.12116,39.72118],[-94.12136,39.72164],[-94.12191,39.72192],[-94.12184,39.72215],[-94.12157,39.72229],[-94.12189,39.72273],[-94.12171,39.72299],[-94.1207,39.72317],[-94.12164,39.72412],[-94.12076,39.72435],[-94.12069,39.72452],[-94.12098,39.72494],[-94.12134,39.72467],[-94.12179,39.72492],[-94.12207,39.72547],[-94.12167,39.72747],[-94.12113,39.72826],[-94.12129,39.72923],[-94.12176,39.73005],[-94.12114,39.73156],[-94.12131,39.73231],[-94.12168,39.73261],[-94.122,39.73321],[-94.12189,39.73403],[-94.12221,39.73497],[-94.12214,39.7359],[-94.12153,39.73669],[-94.12193,39.73704],[-94.12218,39.73817],[-94.12278,39.73889],[-94.12385,39.7398],[-94.12567,39.74065],[-94.12681,39.742],[-94.12736,39.74239],[-94.12753,39.74288],[-94.12966,39.74296],[-94.12968,39.7574],[-94.14211,39.75798],[-94.14228,39.75965],[-94.14189,39.76003],[-94.14133,39.76111],[-94.142,39.76153],[-94.14272,39.76163],[-94.1427,39.76196],[-94.14238,39.76212],[-94.14255,39.76224],[-94.14248,39.76259],[-94.14284,39.76267],[-94.14282,39.76284],[-94.14317,39.76306],[-94.1431,39.76334],[-94.14332,39.76348],[-94.14318,39.76346],[-94.14319,39.76371],[-94.14302,39.76368],[-94.14288,39.76391],[-94.14155,39.7636],[-94.14125,39.76366],[-94.1407,39.76424],[-94.13993,39.76421],[-94.13982,39.76448],[-94.13938,39.76446],[-94.13967,39.76467],[-94.13966,39.76482],[-94.13818,39.76578],[-94.13731,39.7659],[-94.13711,39.7662],[-94.13659,39.76633],[-94.13672,39.76658],[-94.13638,39.76692],[-94.13634,39.76719],[-94.13589,39.76751],[-94.13564,39.7681],[-94.13532,39.76813],[-94.13517,39.7683],[-94.13522,39.76908],[-94.13459,39.76963],[-94.135,39.7701],[-94.13481,39.77097],[-94.13524,39.77217],[-94.13518,39.77279],[-94.13479,39.77311],[-94.13457,39.77353],[-94.13466,39.77405],[-94.13097,39.77394],[-94.12968,39.77498],[-94.12966,39.78684],[-94.13048,39.78686],[-94.13042,39.80134],[-94.12168,39.80113],[-94.1216,39.80219],[-94.1211,39.80237],[-94.12097,39.82281],[-94.13354,39.82312],[-94.13367,39.8227],[-94.13443,39.82241],[-94.1341,39.8218],[-94.1337,39.82199],[-94.13352,39.82175],[-94.13391,39.82149],[-94.13469,39.82155],[-94.13478,39.82132],[-94.13454,39.82052],[-94.13533,39.81995],[-94.13543,39.81964],[-94.13572,39.8196],[-94.13584,39.81935],[-94.1362,39.81922],[-94.13616,39.81883],[-94.13643,39.81864],[-94.13669,39.81798],[-94.13736,39.81801],[-94.13723,39.81757],[-94.13741,39.81711],[-94.13845,39.81671],[-94.13833,39.81602],[-94.14902,39.81624],[-94.14902,39.81651],[-94.15264,39.81663],[-94.15422,39.81641],[-94.16785,39.81684],[-94.16785,39.8054],[-94.16887,39.80556],[-94.16965,39.80586],[-94.1694,39.8062],[-94.16989,39.80662],[-94.16986,39.80697],[-94.17007,39.80698],[-94.17054,39.80656],[-94.17193,39.80647],[-94.17207,39.8069],[-94.17236,39.80705],[-94.17339,39.80693],[-94.1743,39.80707],[-94.1748,39.80765],[-94.17519,39.80762],[-94.17543,39.8079],[-94.17594,39.80775],[-94.17574,39.80737],[-94.17621,39.80714],[-94.17652,39.80755],[-94.17656,39.80811],[-94.17638,39.80836],[-94.17671,39.80873],[-94.17719,39.80876],[-94.1773,39.8086],[-94.1777,39.80859],[-94.17873,39.80894],[-94.17911,39.80862],[-94.17984,39.809],[-94.18005,39.80954],[-94.18065,39.80945],[-94.18068,39.80968],[-94.18112,39.80988],[-94.18156,39.81046],[-94.18236,39.81078],[-94.18259,39.81074],[-94.1838,39.81143],[-94.18399,39.81167],[-94.1844,39.81356],[-94.18483,39.81407],[-94.18517,39.81416],[-94.185,39.81441],[-94.18566,39.81448],[-94.18565,39.81464],[-94.18535,39.81475],[-94.18511,39.81547],[-94.18512,39.81608],[-94.18483,39.8167],[-94.18482,39.81739],[-94.18638,39.81744],[-94.18639,39.8144],[-94.1866,39.81437],[-94.18703,39.81528],[-94.18725,39.81523],[-94.18739,39.81538],[-94.1876,39.81527],[-94.18808,39.81565],[-94.18787,39.81598],[-94.1882,39.81615],[-94.18784,39.81636],[-94.18795,39.81647],[-94.18855,39.81646],[-94.1888,39.81669],[-94.18919,39.81661],[-94.18968,39.8171],[-94.19005,39.8169],[-94.19021,39.81701],[-94.19076,39.81667],[-94.19167,39.8167],[-94.19213,39.81644],[-94.19322,39.81695],[-94.19905,39.80384],[-94.19953,39.80355],[-94.20072,39.80366],[-94.20123,39.80396],[-94.20314,39.80437],[-94.20305,39.80465],[-94.20421,39.8052],[-94.20456,39.80554],[-94.20477,39.8053],[-94.20502,39.80549],[-94.20003,39.81313],[-94.19609,39.82582],[-94.19556,39.82678],[-94.19194,39.83194],[-94.20558,39.83253],[-94.20557,39.86149],[-94.20845,39.86156],[-94.21006,39.86215],[-94.2103,39.86251],[-94.2103,39.86502],[-94.22451,39.86512],[-94.2245,39.87501],[-94.22436,39.876],[-94.24268,39.87623],[-94.24319,39.87596],[-94.24313,39.87324],[-94.24344,39.8729],[-94.25257,39.87292],[-94.25765,39.87177],[-94.26179,39.87143],[-94.26192,39.85362],[-94.26284,39.85247],[-94.26304,39.8519],[-94.28051,39.85202],[-94.28051,39.85185],[-94.28938,39.85208],[-94.28934,39.8486],[-94.29958,39.8487],[-94.29775,39.84838],[-94.29648,39.84789],[-94.29614,39.84801],[-94.29577,39.84777],[-94.29551,39.84779],[-94.29509,39.84749],[-94.2952,39.84722],[-94.29486,39.84707],[-94.29461,39.8464],[-94.29443,39.84657],[-94.29382,39.84667],[-94.29361,39.84649],[-94.29373,39.84614],[-94.29306,39.84607],[-94.29287,39.84624],[-94.29264,39.84601],[-94.29267,39.84571],[-94.29248,39.84559],[-94.29144,39.84596],[-94.29127,39.84554],[-94.29067,39.84533],[-94.29026,39.84497],[-94.29041,39.84483],[-94.29031,39.8446],[-94.29043,39.84444],[-94.29089,39.84474],[-94.29158,39.8449],[-94.29245,39.84431],[-94.2925,39.84397],[-94.29383,39.84299],[-94.294,39.84233],[-94.29457,39.84152],[-94.29472,39.84089],[-94.29533,39.84027],[-94.29607,39.84006],[-94.29638,39.83942],[-94.29724,39.83901],[-94.29821,39.8395],[-94.29876,39.83938],[-94.29906,39.83964],[-94.29953,39.83961],[-94.2995,39.83398],[-94.31951,39.83404],[-94.31948,39.81946],[-94.33835,39.81974],[-94.33839,39.80528]]]}},{"type":"Feature","properties":{"ZIP":"64439"},"geometry":{"type":"Polygon","coordinates":[[[-94.87244,39.53235],[-94.87242,39.52666],[-94.87191,39.52661],[-94.8721,39.52617],[-94.87205,39.52583],[-94.87167,39.52575],[-94.8718,39.52535],[-94.87152,39.52523],[-94.87146,39.525],[-94.87059,39.52484],[-94.87034,39.52421],[-94.87001,39.52447],[-94.86971,39.52439],[-94.86952,39.52373],[-94.86984,39.52293],[-94.86972,39.52267],[-94.86901,39.52251],[-94.86881,39.52232],[-94.86873,39.52187],[-94.86807,39.52181],[-94.86754,39.52077],[-94.86693,39.52083],[-94.86682,39.52044],[-94.8664,39.52052],[-94.86644,39.51974],[-94.86594,39.51966],[-94.86596,39.51952],[-94.85572,39.5194],[-94.85569,39.51888],[-94.85515,39.51752],[-94.85539,39.51706],[-94.85534,39.51671],[-94.85511,39.51656],[-94.85435,39.51685],[-94.8541,39.51729],[-94.85359,39.51755],[-94.85321,39.51733],[-94.85241,39.51754],[-94.85175,39.51831],[-94.85025,39.51849],[-94.84866,39.51942],[-94.84669,39.51941],[-94.84574,39.51902],[-94.84526,39.5195],[-94.82642,39.5199],[-94.82636,39.51271],[-94.81713,39.5128],[-94.81719,39.49826],[-94.80859,39.49834],[-94.80153,39.49742],[-94.80033,39.49978],[-94.79998,39.49982],[-94.79844,39.49932],[-94.79828,39.49859],[-94.79811,39.49848],[-94.78638,39.49855],[-94.78632,39.49479],[-94.78766,39.47133],[-94.7854,39.47224],[-94.78147,39.47456],[-94.77831,39.4756],[-94.76975,39.47702],[-94.76302,39.47712],[-94.75885,39.47879],[-94.75688,39.47935],[-94.75371,39.47998],[-94.75061,39.48095],[-94.75051,39.48436],[-94.72239,39.48461],[-94.72246,39.47886],[-94.72235,39.4773],[-94.69408,39.47734],[-94.69405,39.47898],[-94.68351,39.46357],[-94.6829,39.46363],[-94.68013,39.46309],[-94.67911,39.46268],[-94.67496,39.4617],[-94.6724,39.46074],[-94.66775,39.46134],[-94.66631,39.46189],[-94.66609,39.4622],[-94.6662,39.46372],[-94.66546,39.46506],[-94.66507,39.46513],[-94.66345,39.46487],[-94.66274,39.46493],[-94.66181,39.46526],[-94.66101,39.46586],[-94.66065,39.46679],[-94.65898,39.46782],[-94.65874,39.46813],[-94.65872,39.46874],[-94.65923,39.46939],[-94.66003,39.46945],[-94.66204,39.46918],[-94.66251,39.46935],[-94.66344,39.47045],[-94.66683,39.47036],[-94.66748,39.4705],[-94.66799,39.471],[-94.66824,39.47225],[-94.66789,39.47309],[-94.66446,39.47654],[-94.66377,39.47806],[-94.66447,39.47922],[-94.66686,39.48],[-94.66714,39.48059],[-94.66703,39.48092],[-94.66629,39.48148],[-94.66559,39.48176],[-94.66393,39.4819],[-94.66238,39.48175],[-94.66177,39.48156],[-94.66121,39.48108],[-94.66058,39.47959],[-94.66,39.47928],[-94.65887,39.47943],[-94.65661,39.48057],[-94.6557,39.48136],[-94.65535,39.482],[-94.655,39.4836],[-94.65486,39.48526],[-94.65524,39.48666],[-94.65599,39.48735],[-94.65872,39.48734],[-94.6597,39.48691],[-94.66014,39.48645],[-94.661,39.48637],[-94.66205,39.48665],[-94.66405,39.48768],[-94.66523,39.48808],[-94.66964,39.48914],[-94.67051,39.48975],[-94.67075,39.49048],[-94.67064,39.49108],[-94.6693,39.49177],[-94.66714,39.49221],[-94.66625,39.49266],[-94.66519,39.49359],[-94.66483,39.49439],[-94.66481,39.49498],[-94.6653,39.49546],[-94.66604,39.49561],[-94.66866,39.49529],[-94.66997,39.49552],[-94.67014,39.49571],[-94.67008,39.49602],[-94.66865,39.49704],[-94.66795,39.4979],[-94.66808,39.49871],[-94.66978,39.49925],[-94.67065,39.50001],[-94.67128,39.50092],[-94.67226,39.50163],[-94.67556,39.50211],[-94.6765,39.50272],[-94.67663,39.50315],[-94.67654,39.5036],[-94.67544,39.50453],[-94.67489,39.50463],[-94.67359,39.50433],[-94.67164,39.50426],[-94.67042,39.50469],[-94.67017,39.5052],[-94.67012,39.50632],[-94.67197,39.50833],[-94.6728,39.50997],[-94.67467,39.51143],[-94.67474,39.51189],[-94.67453,39.51278],[-94.67375,39.51355],[-94.6724,39.51377],[-94.67076,39.51367],[-94.66874,39.51296],[-94.66691,39.51278],[-94.66427,39.5131],[-94.66037,39.51421],[-94.65282,39.51498],[-94.65073,39.51495],[-94.64872,39.51459],[-94.64755,39.51462],[-94.64513,39.5153],[-94.64423,39.51572],[-94.64406,39.51738],[-94.64382,39.51802],[-94.64328,39.51852],[-94.64185,39.51921],[-94.64157,39.51998],[-94.64194,39.52047],[-94.64288,39.52072],[-94.64409,39.5197],[-94.64662,39.51824],[-94.64748,39.51791],[-94.64819,39.51783],[-94.649,39.51807],[-94.64937,39.51915],[-94.64996,39.51981],[-94.65169,39.52061],[-94.65349,39.52082],[-94.65464,39.52124],[-94.65501,39.52167],[-94.6554,39.52272],[-94.65536,39.52321],[-94.65499,39.52402],[-94.65503,39.5248],[-94.65597,39.52627],[-94.65509,39.52826],[-94.65506,39.52892],[-94.65561,39.53022],[-94.65615,39.53084],[-94.6565,39.53101],[-94.65798,39.53084],[-94.6596,39.53119],[-94.66131,39.53235],[-94.66204,39.53308],[-94.66384,39.53364],[-94.66399,39.53395],[-94.66382,39.5346],[-94.66326,39.53497],[-94.6614,39.53561],[-94.65987,39.53681],[-94.65983,39.53713],[-94.66069,39.54024],[-94.66045,39.54058],[-94.65845,39.54167],[-94.65809,39.54213],[-94.65789,39.54276],[-94.6578,39.5436],[-94.65815,39.5448],[-94.65955,39.54731],[-94.66018,39.5479],[-94.66084,39.54804],[-94.66443,39.5477],[-94.66592,39.54674],[-94.66666,39.54647],[-94.6678,39.54635],[-94.67308,39.54649],[-94.67516,39.5464],[-94.676,39.54668],[-94.67661,39.54739],[-94.67673,39.54806],[-94.67637,39.54905],[-94.67626,39.54998],[-94.67636,39.55053],[-94.67675,39.55119],[-94.67749,39.55192],[-94.67823,39.55213],[-94.6788,39.55203],[-94.67986,39.55152],[-94.68082,39.55135],[-94.6823,39.55163],[-94.68357,39.55214],[-94.68461,39.55309],[-94.68542,39.55492],[-94.68584,39.5555],[-94.68646,39.55565],[-94.68733,39.55558],[-94.69025,39.55499],[-94.69177,39.55447],[-94.69465,39.5542],[-94.69501,39.55465],[-94.69512,39.55508],[-94.69532,39.55781],[-94.69608,39.55918],[-94.69648,39.5593],[-94.69875,39.55931],[-94.69966,39.55964],[-94.70129,39.56084],[-94.70265,39.56227],[-94.70608,39.56396],[-94.70703,39.56466],[-94.70731,39.56502],[-94.70781,39.56657],[-94.70915,39.56795],[-94.71092,39.56893],[-94.71308,39.56934],[-94.71457,39.56985],[-94.71477,39.5702],[-94.71475,39.57066],[-94.71441,39.57157],[-94.71455,39.57244],[-94.71538,39.57296],[-94.71619,39.57321],[-94.71806,39.57462],[-94.71808,39.57522],[-94.71791,39.57562],[-94.71687,39.57638],[-94.71624,39.57712],[-94.71577,39.57904],[-94.72235,39.57905],[-94.72237,39.57523],[-94.72395,39.57489],[-94.72476,39.57487],[-94.72531,39.57524],[-94.72657,39.57517],[-94.72685,39.57571],[-94.73015,39.57806],[-94.73074,39.57801],[-94.7324,39.57834],[-94.73251,39.5785],[-94.73244,39.57907],[-94.73314,39.57926],[-94.73353,39.57968],[-94.73409,39.57989],[-94.73422,39.58014],[-94.73488,39.58018],[-94.7347,39.58066],[-94.73519,39.58092],[-94.73533,39.58056],[-94.73587,39.58069],[-94.73586,39.58016],[-94.73669,39.57956],[-94.73746,39.57929],[-94.73822,39.57939],[-94.73882,39.57742],[-94.74033,39.57645],[-94.74119,39.57546],[-94.74122,39.56438],[-94.75197,39.56425],[-94.7526,39.56719],[-94.7533,39.57167],[-94.76943,39.57184],[-94.76951,39.56381],[-94.77977,39.56366],[-94.78046,39.56348],[-94.78128,39.56299],[-94.77764,39.55676],[-94.78023,39.55687],[-94.78059,39.55804],[-94.78063,39.55875],[-94.78093,39.55931],[-94.78122,39.55935],[-94.78166,39.55909],[-94.78197,39.55922],[-94.78224,39.55961],[-94.78227,39.55993],[-94.782,39.56066],[-94.78314,39.5612],[-94.78294,39.56142],[-94.78202,39.56127],[-94.78161,39.56145],[-94.78194,39.56203],[-94.78197,39.56295],[-94.78317,39.5632],[-94.7837,39.56288],[-94.7841,39.56288],[-94.78443,39.56339],[-94.78477,39.56362],[-94.78505,39.56337],[-94.78545,39.56344],[-94.78587,39.56311],[-94.78661,39.56308],[-94.78703,39.56334],[-94.78731,39.56298],[-94.7878,39.56334],[-94.78807,39.56335],[-94.78785,39.55637],[-94.81638,39.55594],[-94.84648,39.55568],[-94.84771,39.55599],[-94.84923,39.55666],[-94.84996,39.55719],[-94.8521,39.55959],[-94.85662,39.56206],[-94.85933,39.56274],[-94.86302,39.56275],[-94.86311,39.54827],[-94.8643,39.54826],[-94.86417,39.54327],[-94.86916,39.54333],[-94.86917,39.53467],[-94.86629,39.53472],[-94.86621,39.53231],[-94.87244,39.53235]]]}},{"type":"Feature","properties":{"ZIP":"64440"},"geometry":{"type":"Polygon","coordinates":[[[-94.97516,39.55842],[-94.97512,39.55718],[-94.96634,39.55591],[-94.96376,39.55588],[-94.96221,39.55559],[-94.95973,39.55583],[-94.93902,39.55565],[-94.93815,39.55603],[-94.93777,39.55669],[-94.93783,39.55319],[-94.93801,39.55261],[-94.93856,39.55228],[-94.93992,39.55214],[-94.94007,39.55194],[-94.94017,39.55065],[-94.94101,39.55027],[-94.94116,39.55066],[-94.94135,39.55072],[-94.94255,39.54967],[-94.94291,39.54976],[-94.94314,39.55017],[-94.94381,39.55011],[-94.94382,39.55046],[-94.94426,39.55092],[-94.94489,39.55074],[-94.94568,39.55094],[-94.94653,39.55067],[-94.94685,39.55015],[-94.94544,39.55002],[-94.94563,39.54911],[-94.94507,39.54843],[-94.94459,39.5483],[-94.94463,39.54814],[-94.94524,39.54783],[-94.94568,39.54715],[-94.94633,39.54679],[-94.94682,39.54685],[-94.94719,39.54737],[-94.94777,39.54699],[-94.94865,39.54728],[-94.94904,39.54714],[-94.94905,39.54673],[-94.94843,39.54615],[-94.94827,39.54559],[-94.94862,39.54512],[-94.94967,39.54441],[-94.94968,39.54425],[-94.94932,39.54397],[-94.94935,39.54375],[-94.95012,39.5437],[-94.94965,39.54323],[-94.94962,39.543],[-94.95049,39.54312],[-94.95069,39.54301],[-94.95019,39.54257],[-94.95021,39.54225],[-94.95164,39.54254],[-94.95196,39.54224],[-94.95182,39.5419],[-94.95118,39.54197],[-94.95131,39.54167],[-94.9511,39.5414],[-94.95111,39.5408],[-94.95062,39.54106],[-94.95014,39.54065],[-94.94979,39.54094],[-94.94958,39.54088],[-94.94957,39.54041],[-94.95024,39.54047],[-94.95037,39.54028],[-94.94986,39.54016],[-94.94988,39.53985],[-94.94973,39.53971],[-94.94925,39.53993],[-94.94901,39.53989],[-94.94918,39.53918],[-94.94852,39.53935],[-94.94835,39.53926],[-94.9483,39.53875],[-94.94808,39.53849],[-94.94718,39.53856],[-94.94699,39.53781],[-94.94706,39.53719],[-94.94664,39.53662],[-94.94671,39.5361],[-94.94604,39.5359],[-94.94613,39.5354],[-94.94557,39.53525],[-94.9454,39.53506],[-94.94597,39.53395],[-94.94527,39.5339],[-94.94473,39.53356],[-94.9441,39.53342],[-94.94389,39.53282],[-94.95662,39.5329],[-94.95653,39.52676],[-94.95627,39.52661],[-94.95641,39.51541],[-94.94729,39.51543],[-94.94699,39.51574],[-94.94686,39.51891],[-94.94643,39.51905],[-94.9426,39.51907],[-94.94167,39.51933],[-94.93974,39.51903],[-94.89674,39.51927],[-94.891,39.51918],[-94.89087,39.53247],[-94.86621,39.53231],[-94.86629,39.53472],[-94.86917,39.53467],[-94.86916,39.54333],[-94.86417,39.54327],[-94.86424,39.54896],[-94.86664,39.54904],[-94.86676,39.55161],[-94.86803,39.55166],[-94.86841,39.56371],[-94.86476,39.56354],[-94.86473,39.57011],[-94.86299,39.57009],[-94.86295,39.57728],[-94.88033,39.57733],[-94.8811,39.57716],[-94.88131,39.57679],[-94.88135,39.57696],[-94.88084,39.61314],[-94.88066,39.61777],[-94.88041,39.61787],[-94.88045,39.624],[-94.8802,39.62807],[-94.88036,39.6329],[-94.88033,39.63963],[-94.888,39.63956],[-94.8894,39.63972],[-94.89161,39.63964],[-94.90584,39.63987],[-94.90612,39.63582],[-94.90738,39.63255],[-94.92043,39.63265],[-94.92117,39.63285],[-94.92264,39.63382],[-94.92366,39.63476],[-94.92412,39.63543],[-94.92561,39.63676],[-94.92945,39.63758],[-94.9354,39.6413],[-94.9385,39.64195],[-94.94057,39.64284],[-94.94222,39.64393],[-94.9469,39.64013],[-94.94904,39.63783],[-94.9494,39.63708],[-94.94935,39.63669],[-94.94913,39.63644],[-94.94694,39.63513],[-94.94552,39.63395],[-94.94484,39.63307],[-94.94479,39.63062],[-94.94419,39.62767],[-94.94423,39.62677],[-94.94369,39.62555],[-94.94392,39.62382],[-94.94384,39.62292],[-94.94272,39.61983],[-94.94383,39.6182],[-94.97425,39.61829],[-94.9744,39.61737],[-94.97426,39.61604],[-94.97437,39.61565],[-94.97483,39.61532],[-94.97497,39.61494],[-94.97513,39.6138],[-94.97507,39.61253],[-94.97486,39.61213],[-94.9738,39.61134],[-94.97319,39.60913],[-94.97194,39.60804],[-94.97151,39.60731],[-94.97144,39.60644],[-94.9715,39.60532],[-94.97178,39.60488],[-94.97475,39.60488],[-94.97505,39.60462],[-94.97507,39.58531],[-94.95653,39.58496],[-94.95643,39.57159],[-94.95649,39.57046],[-94.96546,39.57041],[-94.96578,39.57004],[-94.96575,39.56556],[-94.96586,39.56423],[-94.96603,39.5639],[-94.96824,39.56262],[-94.96967,39.56203],[-94.97134,39.56087],[-94.97201,39.56087],[-94.97396,39.56136],[-94.97491,39.56127],[-94.9751,39.56096],[-94.97516,39.55842]]]}},{"type":"Feature","properties":{"ZIP":"64444"},"geometry":{"type":"Polygon","coordinates":[[[-94.6902,39.43204],[-94.69002,39.43075],[-94.68935,39.42991],[-94.68727,39.42844],[-94.68646,39.42758],[-94.68647,39.42637],[-94.68752,39.42577],[-94.68773,39.42516],[-94.68691,39.42513],[-94.68579,39.42578],[-94.68515,39.42701],[-94.6852,39.42746],[-94.68369,39.42848],[-94.68284,39.42866],[-94.6819,39.42854],[-94.6811,39.4281],[-94.68106,39.4278],[-94.68226,39.42436],[-94.68375,39.42257],[-94.68459,39.42219],[-94.68697,39.42181],[-94.68768,39.42182],[-94.68986,39.42225],[-94.68991,39.417],[-94.67849,39.4168],[-94.67854,39.41374],[-94.67819,39.41235],[-94.67238,39.41222],[-94.67,39.41057],[-94.66844,39.41021],[-94.66791,39.40942],[-94.66677,39.40846],[-94.66653,39.40767],[-94.66629,39.40749],[-94.66065,39.40702],[-94.66019,39.40664],[-94.65926,39.40654],[-94.6585,39.40681],[-94.6579,39.40672],[-94.65747,39.40646],[-94.6566,39.40527],[-94.65594,39.40499],[-94.64341,39.40502],[-94.6433,39.41534],[-94.6435,39.41692],[-94.64416,39.41944],[-94.6294,39.41949],[-94.62934,39.4267],[-94.61091,39.42675],[-94.61094,39.43414],[-94.61076,39.43496],[-94.61087,39.43645],[-94.60847,39.43636],[-94.60737,39.43604],[-94.60877,39.45048],[-94.60662,39.45071],[-94.60648,39.45107],[-94.60574,39.45182],[-94.60467,39.45197],[-94.60453,39.45233],[-94.60426,39.45239],[-94.6038,39.45238],[-94.60299,39.45174],[-94.60194,39.45132],[-94.60074,39.45138],[-94.60082,39.45615],[-94.59788,39.45584],[-94.57384,39.45585],[-94.57387,39.47039],[-94.6108,39.47049],[-94.6094,39.45596],[-94.61224,39.45595],[-94.61228,39.46301],[-94.62771,39.46312],[-94.62792,39.46412],[-94.62829,39.47042],[-94.62649,39.48706],[-94.60877,39.48716],[-94.60893,39.48882],[-94.6066,39.48887],[-94.60658,39.4916],[-94.60641,39.49235],[-94.60117,39.49212],[-94.60125,39.55806],[-94.62869,39.55813],[-94.6277,39.55317],[-94.62818,39.55293],[-94.62888,39.55221],[-94.62967,39.55211],[-94.63042,39.55174],[-94.63088,39.55094],[-94.63224,39.5507],[-94.63249,39.55007],[-94.63279,39.54983],[-94.63392,39.54965],[-94.63445,39.54926],[-94.6352,39.5492],[-94.63535,39.54881],[-94.6356,39.54864],[-94.63674,39.54864],[-94.63727,39.54831],[-94.63786,39.54824],[-94.63824,39.54768],[-94.639,39.54718],[-94.6395,39.54663],[-94.64042,39.54623],[-94.64077,39.54592],[-94.64131,39.54587],[-94.64182,39.54601],[-94.64334,39.54583],[-94.64433,39.54623],[-94.64468,39.54585],[-94.64514,39.54594],[-94.64555,39.54576],[-94.6471,39.54696],[-94.64866,39.5471],[-94.65046,39.54687],[-94.65097,39.54707],[-94.65075,39.54742],[-94.65111,39.5477],[-94.65223,39.54738],[-94.65269,39.54768],[-94.65425,39.54786],[-94.65526,39.54716],[-94.65614,39.54738],[-94.65708,39.54682],[-94.65697,39.54839],[-94.65701,39.55785],[-94.63644,39.55819],[-94.63617,39.55863],[-94.63651,39.55876],[-94.63628,39.5594],[-94.63629,39.56044],[-94.63599,39.56092],[-94.63571,39.56103],[-94.63534,39.56267],[-94.6347,39.56343],[-94.63511,39.56397],[-94.63565,39.56426],[-94.63628,39.56535],[-94.63613,39.56574],[-94.63637,39.56624],[-94.63702,39.56638],[-94.63706,39.56678],[-94.63682,39.56754],[-94.63724,39.56766],[-94.63744,39.56804],[-94.63813,39.56843],[-94.63926,39.56966],[-94.64039,39.56985],[-94.64089,39.57041],[-94.64193,39.57041],[-94.64248,39.57076],[-94.64293,39.5714],[-94.64269,39.57181],[-94.64205,39.5723],[-94.64204,39.57295],[-94.64329,39.57262],[-94.64431,39.57191],[-94.64453,39.57146],[-94.64406,39.57047],[-94.6443,39.57011],[-94.64473,39.56988],[-94.64606,39.56999],[-94.64756,39.56936],[-94.64937,39.56945],[-94.65007,39.56963],[-94.65109,39.5706],[-94.65334,39.57048],[-94.65368,39.57024],[-94.65375,39.56969],[-94.65356,39.5693],[-94.65292,39.56902],[-94.65302,39.56869],[-94.65521,39.56806],[-94.65785,39.56762],[-94.65866,39.56764],[-94.65981,39.56797],[-94.66141,39.56867],[-94.66215,39.56927],[-94.66243,39.57038],[-94.6628,39.57062],[-94.66366,39.5703],[-94.66471,39.56913],[-94.66511,39.56903],[-94.66701,39.56952],[-94.6687,39.57034],[-94.66983,39.57031],[-94.67093,39.56968],[-94.67104,39.56934],[-94.67086,39.56859],[-94.67113,39.56839],[-94.67219,39.56844],[-94.67288,39.56827],[-94.67329,39.56797],[-94.67327,39.56741],[-94.67234,39.56658],[-94.67243,39.56596],[-94.67337,39.56571],[-94.67498,39.56588],[-94.67532,39.5658],[-94.6753,39.56542],[-94.67441,39.56372],[-94.67431,39.56133],[-94.67342,39.56015],[-94.67247,39.55938],[-94.6715,39.55898],[-94.66945,39.55907],[-94.66533,39.5571],[-94.66441,39.55638],[-94.66389,39.55546],[-94.66315,39.55337],[-94.66208,39.5514],[-94.6621,39.55018],[-94.66148,39.54865],[-94.66121,39.54821],[-94.6604,39.54824],[-94.6595,39.54788],[-94.65866,39.54619],[-94.65886,39.54591],[-94.65815,39.5448],[-94.6578,39.5436],[-94.65809,39.54213],[-94.65845,39.54167],[-94.66045,39.54058],[-94.66069,39.54024],[-94.65983,39.53713],[-94.65987,39.53681],[-94.6614,39.53561],[-94.66326,39.53497],[-94.66382,39.5346],[-94.66399,39.53395],[-94.66384,39.53364],[-94.66204,39.53308],[-94.66131,39.53235],[-94.6596,39.53119],[-94.65798,39.53084],[-94.6565,39.53101],[-94.65615,39.53084],[-94.65561,39.53022],[-94.65506,39.52892],[-94.65509,39.52826],[-94.65597,39.52627],[-94.65503,39.5248],[-94.65499,39.52402],[-94.65536,39.52321],[-94.6554,39.52272],[-94.65501,39.52167],[-94.65464,39.52124],[-94.65349,39.52082],[-94.65169,39.52061],[-94.64996,39.51981],[-94.64937,39.51915],[-94.649,39.51807],[-94.64819,39.51783],[-94.64748,39.51791],[-94.64662,39.51824],[-94.64409,39.5197],[-94.64288,39.52072],[-94.64175,39.52033],[-94.64159,39.5201],[-94.6416,39.51966],[-94.64185,39.51921],[-94.64328,39.51852],[-94.64382,39.51802],[-94.64406,39.51738],[-94.64423,39.51572],[-94.64513,39.5153],[-94.64755,39.51462],[-94.64872,39.51459],[-94.65073,39.51495],[-94.65282,39.51498],[-94.66037,39.51421],[-94.66427,39.5131],[-94.66691,39.51278],[-94.66874,39.51296],[-94.67076,39.51367],[-94.6724,39.51377],[-94.67375,39.51355],[-94.67453,39.51278],[-94.67474,39.51189],[-94.67467,39.51143],[-94.6728,39.50997],[-94.67197,39.50833],[-94.67012,39.50632],[-94.67017,39.5052],[-94.67042,39.50469],[-94.67164,39.50426],[-94.67359,39.50433],[-94.67489,39.50463],[-94.67544,39.50453],[-94.67654,39.5036],[-94.67663,39.50315],[-94.6765,39.50272],[-94.67556,39.50211],[-94.67226,39.50163],[-94.67128,39.50092],[-94.67065,39.50001],[-94.66978,39.49925],[-94.66808,39.49871],[-94.66795,39.4979],[-94.66865,39.49704],[-94.67008,39.49602],[-94.67014,39.49571],[-94.66997,39.49552],[-94.66866,39.49529],[-94.66604,39.49561],[-94.6653,39.49546],[-94.66481,39.49498],[-94.66483,39.49439],[-94.66519,39.49359],[-94.66625,39.49266],[-94.66714,39.49221],[-94.6693,39.49177],[-94.67064,39.49108],[-94.67075,39.49048],[-94.67051,39.48975],[-94.66964,39.48914],[-94.66523,39.48808],[-94.66405,39.48768],[-94.66205,39.48665],[-94.661,39.48637],[-94.66014,39.48645],[-94.6597,39.48691],[-94.65872,39.48734],[-94.65599,39.48735],[-94.6554,39.4869],[-94.65498,39.48608],[-94.65486,39.48483],[-94.655,39.4836],[-94.65535,39.482],[-94.65601,39.48102],[-94.65661,39.48057],[-94.65887,39.47943],[-94.66,39.47928],[-94.66058,39.47959],[-94.66121,39.48108],[-94.66177,39.48156],[-94.66238,39.48175],[-94.66393,39.4819],[-94.66559,39.48176],[-94.66629,39.48148],[-94.66713,39.48078],[-94.66686,39.48],[-94.66447,39.47922],[-94.66377,39.47806],[-94.66446,39.47654],[-94.66789,39.47309],[-94.66824,39.47225],[-94.66799,39.471],[-94.66748,39.4705],[-94.66683,39.47036],[-94.66344,39.47045],[-94.66251,39.46935],[-94.66204,39.46918],[-94.65941,39.46944],[-94.65893,39.46913],[-94.65869,39.46852],[-94.65883,39.46797],[-94.66065,39.46679],[-94.66101,39.46586],[-94.66181,39.46526],[-94.66274,39.46493],[-94.66345,39.46487],[-94.66507,39.46513],[-94.66546,39.46506],[-94.6662,39.46372],[-94.66609,39.4622],[-94.66631,39.46189],[-94.66775,39.46134],[-94.6724,39.46074],[-94.67533,39.46181],[-94.67911,39.46268],[-94.68013,39.46309],[-94.6829,39.46363],[-94.68356,39.46356],[-94.68626,39.46245],[-94.68703,39.46253],[-94.68778,39.46295],[-94.68822,39.46296],[-94.68854,39.46272],[-94.68882,39.4621],[-94.68871,39.45912],[-94.68886,39.45743],[-94.68836,39.45566],[-94.68747,39.45452],[-94.6859,39.45363],[-94.68498,39.45339],[-94.68226,39.45344],[-94.68133,39.4528],[-94.68105,39.45204],[-94.68123,39.45111],[-94.68114,39.45008],[-94.68221,39.44798],[-94.68228,39.4472],[-94.68153,39.44656],[-94.67891,39.44551],[-94.67795,39.44441],[-94.67598,39.44308],[-94.67585,39.44238],[-94.67619,39.44175],[-94.67663,39.44139],[-94.67973,39.4411],[-94.68274,39.43961],[-94.6843,39.43913],[-94.68685,39.43861],[-94.68819,39.43792],[-94.68903,39.4367],[-94.68937,39.43556],[-94.68986,39.43458],[-94.6902,39.43204]]]}},{"type":"Feature","properties":{"ZIP":"64448"},"geometry":{"type":"Polygon","coordinates":[[[-94.88132,39.57831],[-94.88131,39.57679],[-94.8811,39.57716],[-94.88033,39.57733],[-94.86295,39.57728],[-94.86299,39.57009],[-94.86473,39.57011],[-94.86476,39.56354],[-94.86841,39.56371],[-94.86803,39.55166],[-94.86676,39.55161],[-94.86664,39.54904],[-94.86424,39.54896],[-94.8643,39.54826],[-94.86311,39.54827],[-94.86302,39.56275],[-94.85933,39.56274],[-94.85662,39.56206],[-94.8521,39.55959],[-94.84996,39.55719],[-94.84923,39.55666],[-94.84771,39.55599],[-94.84648,39.55568],[-94.81638,39.55594],[-94.78785,39.55637],[-94.78807,39.56335],[-94.7878,39.56334],[-94.78731,39.56298],[-94.78703,39.56334],[-94.78661,39.56308],[-94.78587,39.56311],[-94.78545,39.56344],[-94.78505,39.56337],[-94.78477,39.56362],[-94.78443,39.56339],[-94.7841,39.56288],[-94.7837,39.56288],[-94.78317,39.5632],[-94.78197,39.56295],[-94.78194,39.56203],[-94.78161,39.56145],[-94.78202,39.56127],[-94.78294,39.56142],[-94.78314,39.5612],[-94.782,39.56066],[-94.78227,39.55993],[-94.78224,39.55961],[-94.78197,39.55922],[-94.78166,39.55909],[-94.78122,39.55935],[-94.78093,39.55931],[-94.78063,39.55875],[-94.78059,39.55804],[-94.78023,39.55687],[-94.77764,39.55676],[-94.78128,39.56299],[-94.78046,39.56348],[-94.77977,39.56366],[-94.76951,39.56381],[-94.76943,39.57184],[-94.7533,39.57167],[-94.7526,39.56719],[-94.75197,39.56425],[-94.74122,39.56438],[-94.74119,39.57546],[-94.74033,39.57645],[-94.73882,39.57742],[-94.73822,39.57947],[-94.73962,39.58352],[-94.73992,39.5839],[-94.74122,39.5848],[-94.74124,39.58642],[-94.73423,39.58657],[-94.7347,39.58757],[-94.73417,39.58809],[-94.7341,39.58875],[-94.73467,39.58897],[-94.73482,39.58935],[-94.73467,39.58952],[-94.73413,39.5896],[-94.73442,39.59034],[-94.73393,39.59061],[-94.73378,39.59132],[-94.73403,39.59175],[-94.73451,39.59206],[-94.73445,39.59274],[-94.73499,39.59328],[-94.73508,39.59369],[-94.73174,39.59372],[-94.73173,39.5959],[-94.73223,39.59628],[-94.73641,39.59807],[-94.7365,39.60453],[-94.74114,39.60462],[-94.74116,39.61709],[-94.78821,39.61744],[-94.7877,39.6419],[-94.78775,39.65196],[-94.78863,39.65221],[-94.78888,39.65248],[-94.78925,39.65347],[-94.79052,39.65444],[-94.79081,39.65528],[-94.79083,39.65598],[-94.79154,39.65561],[-94.79228,39.65465],[-94.79317,39.65403],[-94.79312,39.65368],[-94.79331,39.65334],[-94.79291,39.65318],[-94.79292,39.65277],[-94.7935,39.65252],[-94.79342,39.65204],[-94.79369,39.65191],[-94.79363,39.65151],[-94.79417,39.65133],[-94.79414,39.65067],[-94.79458,39.65081],[-94.79446,39.65055],[-94.79455,39.65044],[-94.79512,39.65035],[-94.79473,39.64952],[-94.79474,39.64907],[-94.79503,39.64849],[-94.7956,39.64855],[-94.79601,39.64826],[-94.796,39.64797],[-94.79563,39.64743],[-94.79586,39.64715],[-94.7957,39.64672],[-94.79591,39.64587],[-94.79635,39.64511],[-94.79714,39.64509],[-94.79728,39.64496],[-94.79736,39.64469],[-94.7976,39.64456],[-94.79736,39.64416],[-94.79751,39.64393],[-94.79916,39.64388],[-94.79974,39.64355],[-94.80133,39.64431],[-94.80137,39.6445],[-94.80109,39.64477],[-94.80169,39.64519],[-94.80305,39.64568],[-94.80341,39.64545],[-94.80378,39.64549],[-94.8051,39.64641],[-94.80544,39.63189],[-94.80668,39.63189],[-94.80669,39.63255],[-94.80681,39.63255],[-94.80683,39.63646],[-94.80993,39.63857],[-94.81465,39.63855],[-94.81466,39.63829],[-94.82398,39.63834],[-94.82396,39.63919],[-94.82521,39.6393],[-94.8262,39.641],[-94.82807,39.64213],[-94.8284,39.64265],[-94.82853,39.64423],[-94.82819,39.64647],[-94.83326,39.64644],[-94.83312,39.65219],[-94.8343,39.65222],[-94.83431,39.65275],[-94.83556,39.65275],[-94.83575,39.65362],[-94.83603,39.65388],[-94.83751,39.65392],[-94.83765,39.65495],[-94.83802,39.65526],[-94.83886,39.65528],[-94.83885,39.65602],[-94.84241,39.65601],[-94.84228,39.6612],[-94.84978,39.66127],[-94.84978,39.66113],[-94.87702,39.66136],[-94.87731,39.65988],[-94.87777,39.65861],[-94.87827,39.65815],[-94.87985,39.65774],[-94.88016,39.65722],[-94.88035,39.64923],[-94.88036,39.6329],[-94.8802,39.62807],[-94.88045,39.624],[-94.88041,39.61787],[-94.88066,39.61777],[-94.88084,39.61314],[-94.88132,39.57831]]]}},{"type":"Feature","properties":{"ZIP":"64454"},"geometry":{"type":"Polygon","coordinates":[[[-94.71808,39.57522],[-94.71806,39.57462],[-94.71746,39.57406],[-94.71619,39.57321],[-94.71538,39.57296],[-94.71455,39.57244],[-94.71441,39.57157],[-94.71475,39.57066],[-94.71477,39.5702],[-94.71457,39.56985],[-94.71308,39.56934],[-94.71092,39.56893],[-94.70915,39.56795],[-94.70781,39.56657],[-94.70731,39.56502],[-94.70703,39.56466],[-94.70608,39.56396],[-94.70265,39.56227],[-94.70129,39.56084],[-94.69966,39.55964],[-94.69875,39.55931],[-94.69648,39.5593],[-94.69608,39.55918],[-94.69532,39.55781],[-94.69512,39.55508],[-94.69501,39.55465],[-94.69465,39.5542],[-94.69177,39.55447],[-94.69025,39.55499],[-94.68733,39.55558],[-94.68646,39.55565],[-94.68584,39.5555],[-94.68542,39.55492],[-94.68461,39.55309],[-94.68357,39.55214],[-94.6823,39.55163],[-94.68082,39.55135],[-94.67986,39.55152],[-94.6788,39.55203],[-94.67823,39.55213],[-94.67749,39.55192],[-94.67675,39.55119],[-94.67636,39.55053],[-94.67626,39.54998],[-94.67637,39.54905],[-94.67673,39.54806],[-94.67661,39.54739],[-94.676,39.54668],[-94.67516,39.5464],[-94.67308,39.54649],[-94.66889,39.5463],[-94.66666,39.54647],[-94.66592,39.54674],[-94.66443,39.5477],[-94.66084,39.54804],[-94.66018,39.5479],[-94.65989,39.54767],[-94.65955,39.54731],[-94.65886,39.54591],[-94.65866,39.54619],[-94.6595,39.54788],[-94.6604,39.54824],[-94.66121,39.54821],[-94.66148,39.54865],[-94.6621,39.55018],[-94.66208,39.5514],[-94.66323,39.55354],[-94.66398,39.55565],[-94.66465,39.55664],[-94.66533,39.5571],[-94.66953,39.5591],[-94.67125,39.55895],[-94.67214,39.5592],[-94.67342,39.56015],[-94.67422,39.56114],[-94.67441,39.56194],[-94.67441,39.56372],[-94.67535,39.56573],[-94.67498,39.56588],[-94.67317,39.56572],[-94.67239,39.56601],[-94.67234,39.56658],[-94.67337,39.56759],[-94.67319,39.56808],[-94.67219,39.56844],[-94.67113,39.56839],[-94.67086,39.56859],[-94.67104,39.56934],[-94.67093,39.56968],[-94.66983,39.57031],[-94.6687,39.57034],[-94.66701,39.56952],[-94.66511,39.56903],[-94.66471,39.56913],[-94.66366,39.5703],[-94.66296,39.57062],[-94.66243,39.57038],[-94.66215,39.56927],[-94.66094,39.56841],[-94.65866,39.56764],[-94.65739,39.56768],[-94.65521,39.56806],[-94.65302,39.56869],[-94.65292,39.56902],[-94.65356,39.5693],[-94.65375,39.56969],[-94.65368,39.57024],[-94.65334,39.57048],[-94.65109,39.5706],[-94.65007,39.56963],[-94.64937,39.56945],[-94.64756,39.56936],[-94.64606,39.56999],[-94.64473,39.56988],[-94.6443,39.57011],[-94.64406,39.57047],[-94.64453,39.57146],[-94.64431,39.57191],[-94.64329,39.57262],[-94.64204,39.57295],[-94.64205,39.5723],[-94.64286,39.57161],[-94.64286,39.5712],[-94.6421,39.57046],[-94.64159,39.57036],[-94.64104,39.57046],[-94.64053,39.56991],[-94.63926,39.56966],[-94.63813,39.56843],[-94.63744,39.56804],[-94.63724,39.56766],[-94.63682,39.56754],[-94.63706,39.56678],[-94.63702,39.56638],[-94.63637,39.56624],[-94.63613,39.56574],[-94.63628,39.56535],[-94.63565,39.56426],[-94.63511,39.56397],[-94.6347,39.56343],[-94.63534,39.56267],[-94.63571,39.56103],[-94.63599,39.56092],[-94.63629,39.56044],[-94.63628,39.5594],[-94.63651,39.55876],[-94.63617,39.55863],[-94.63644,39.55819],[-94.65701,39.55785],[-94.65697,39.54839],[-94.65708,39.54682],[-94.65614,39.54738],[-94.65526,39.54716],[-94.65425,39.54786],[-94.65269,39.54768],[-94.65223,39.54738],[-94.65111,39.5477],[-94.65075,39.54742],[-94.65097,39.54707],[-94.65046,39.54687],[-94.64866,39.5471],[-94.6471,39.54696],[-94.64555,39.54576],[-94.64514,39.54594],[-94.64468,39.54585],[-94.64433,39.54623],[-94.64334,39.54583],[-94.64182,39.54601],[-94.64131,39.54587],[-94.64077,39.54592],[-94.64042,39.54623],[-94.6395,39.54663],[-94.639,39.54718],[-94.63824,39.54768],[-94.63786,39.54824],[-94.63727,39.54831],[-94.63674,39.54864],[-94.6356,39.54864],[-94.63535,39.54881],[-94.6352,39.5492],[-94.63445,39.54926],[-94.63392,39.54965],[-94.63279,39.54983],[-94.63249,39.55007],[-94.63224,39.5507],[-94.63088,39.55094],[-94.63042,39.55174],[-94.62967,39.55211],[-94.62888,39.55221],[-94.62818,39.55293],[-94.6277,39.55317],[-94.62869,39.55813],[-94.60125,39.55806],[-94.60124,39.54051],[-94.52384,39.53983],[-94.52357,39.53992],[-94.5235,39.54072],[-94.52319,39.54081],[-94.51009,39.54066],[-94.50963,39.54061],[-94.50916,39.54011],[-94.50827,39.53978],[-94.50056,39.53971],[-94.50004,39.54059],[-94.5,39.54308],[-94.49968,39.54332],[-94.49921,39.54335],[-94.52808,39.54353],[-94.52739,39.58364],[-94.50916,39.58351],[-94.50869,39.58382],[-94.50867,39.59025],[-94.50922,39.59076],[-94.51231,39.59088],[-94.51279,39.59101],[-94.51323,39.59145],[-94.51315,39.59758],[-94.51229,39.59816],[-94.49419,39.59806],[-94.49439,39.60872],[-94.49912,39.61596],[-94.50048,39.61648],[-94.50084,39.61683],[-94.50102,39.62334],[-94.50123,39.62347],[-94.5037,39.62352],[-94.50432,39.62375],[-94.50634,39.62741],[-94.50766,39.62937],[-94.50801,39.63075],[-94.50808,39.63667],[-94.50829,39.63734],[-94.5089,39.63794],[-94.50973,39.63823],[-94.51142,39.63851],[-94.51568,39.63858],[-94.51688,39.6392],[-94.51724,39.63993],[-94.51729,39.64405],[-94.5175,39.64481],[-94.51795,39.64531],[-94.51854,39.64561],[-94.52047,39.6458],[-94.5214,39.64625],[-94.52192,39.64704],[-94.52198,39.64866],[-94.52231,39.64934],[-94.52395,39.65096],[-94.52622,39.65262],[-94.52667,39.65327],[-94.52676,39.6633],[-94.53119,39.66359],[-94.53144,39.66394],[-94.53146,39.66655],[-94.53179,39.66704],[-94.54438,39.66721],[-94.56566,39.66709],[-94.59184,39.66742],[-94.60227,39.66732],[-94.60225,39.67288],[-94.60324,39.67261],[-94.60391,39.67378],[-94.60389,39.67427],[-94.60438,39.67439],[-94.60444,39.67481],[-94.60402,39.67594],[-94.60414,39.67659],[-94.60456,39.677],[-94.60459,39.67727],[-94.60388,39.67723],[-94.60366,39.6775],[-94.60445,39.67848],[-94.60506,39.67856],[-94.60534,39.67896],[-94.60465,39.67955],[-94.60456,39.68014],[-94.60481,39.68036],[-94.60437,39.68087],[-94.60474,39.68145],[-94.60441,39.68233],[-94.60492,39.68279],[-94.60458,39.68308],[-94.60482,39.68394],[-94.60463,39.68467],[-94.60512,39.68484],[-94.60537,39.68513],[-94.6054,39.68593],[-94.60627,39.68722],[-94.60669,39.68752],[-94.60669,39.68812],[-94.60708,39.68866],[-94.60706,39.68897],[-94.63222,39.68916],[-94.63257,39.66745],[-94.6467,39.66753],[-94.64662,39.67575],[-94.64693,39.67599],[-94.64694,39.6763],[-94.6473,39.6764],[-94.6478,39.67684],[-94.64759,39.67706],[-94.64787,39.67736],[-94.64816,39.67738],[-94.64831,39.67762],[-94.64857,39.67751],[-94.6489,39.67777],[-94.64903,39.67855],[-94.64965,39.6785],[-94.64994,39.67876],[-94.65022,39.6791],[-94.6501,39.67926],[-94.6504,39.67961],[-94.65152,39.67976],[-94.65165,39.6799],[-94.65153,39.68007],[-94.65216,39.68025],[-94.65223,39.68071],[-94.65254,39.6809],[-94.65267,39.68051],[-94.65297,39.68061],[-94.65302,39.68088],[-94.65349,39.68087],[-94.65369,39.68068],[-94.65425,39.68126],[-94.65447,39.68106],[-94.65467,39.68136],[-94.65487,39.68114],[-94.65508,39.68116],[-94.65508,39.68148],[-94.65542,39.68153],[-94.6554,39.68188],[-94.65633,39.68171],[-94.65637,39.68115],[-94.65652,39.68095],[-94.65636,39.68082],[-94.65652,39.68057],[-94.65636,39.68027],[-94.65653,39.68015],[-94.65644,39.68],[-94.65661,39.67969],[-94.6565,39.67945],[-94.65669,39.67914],[-94.65638,39.6788],[-94.65717,39.67789],[-94.65768,39.67787],[-94.6573,39.67764],[-94.65732,39.67748],[-94.6576,39.67737],[-94.65732,39.67717],[-94.65732,39.6769],[-94.65786,39.67623],[-94.65772,39.67593],[-94.65865,39.67506],[-94.65848,39.67439],[-94.65878,39.6741],[-94.6601,39.67353],[-94.66024,39.67335],[-94.66013,39.6731],[-94.66066,39.67308],[-94.6604,39.67284],[-94.66048,39.67258],[-94.66082,39.6726],[-94.66155,39.672],[-94.66232,39.67222],[-94.66238,39.67195],[-94.66277,39.6716],[-94.66313,39.67163],[-94.66317,39.67121],[-94.66345,39.67125],[-94.66447,39.67007],[-94.6654,39.66953],[-94.66571,39.66894],[-94.666,39.66887],[-94.66634,39.66845],[-94.66434,39.66758],[-94.66437,39.66216],[-94.6645,39.66148],[-94.66544,39.65923],[-94.66555,39.65327],[-94.66649,39.65101],[-94.66723,39.64593],[-94.66757,39.63901],[-94.66794,39.63684],[-94.66803,39.62847],[-94.66723,39.62817],[-94.66732,39.62798],[-94.66715,39.62775],[-94.66639,39.62777],[-94.66613,39.62743],[-94.66572,39.62735],[-94.66512,39.62688],[-94.66409,39.62684],[-94.66352,39.62663],[-94.66265,39.62704],[-94.66202,39.62686],[-94.66174,39.627],[-94.66121,39.62661],[-94.66083,39.62664],[-94.65862,39.62605],[-94.65775,39.625],[-94.65746,39.62422],[-94.65674,39.62351],[-94.65668,39.62302],[-94.65637,39.62271],[-94.65662,39.62233],[-94.65655,39.62088],[-94.65717,39.62047],[-94.65671,39.62018],[-94.65665,39.61968],[-94.6564,39.61932],[-94.65631,39.61837],[-94.65682,39.61811],[-94.65648,39.61774],[-94.65662,39.61738],[-94.65635,39.61712],[-94.65637,39.61683],[-94.63335,39.61684],[-94.6334,39.61253],[-94.63383,39.60987],[-94.63435,39.60907],[-94.63556,39.60801],[-94.63636,39.607],[-94.63786,39.6067],[-94.63814,39.60646],[-94.63818,39.60191],[-94.64426,39.60176],[-94.64582,39.60243],[-94.64625,39.60248],[-94.64772,39.60168],[-94.65009,39.60156],[-94.64993,39.60118],[-94.64907,39.60027],[-94.64911,39.59925],[-94.6501,39.59858],[-94.65067,39.59761],[-94.65217,39.59656],[-94.65211,39.59565],[-94.65285,39.59509],[-94.65314,39.59519],[-94.65365,39.59585],[-94.65323,39.59655],[-94.65327,39.59692],[-94.65391,39.59747],[-94.65427,39.59749],[-94.65494,39.59615],[-94.65486,39.59537],[-94.65575,39.5949],[-94.65594,39.59449],[-94.65622,39.59431],[-94.65672,39.59315],[-94.65685,39.59226],[-94.65673,39.59198],[-94.65565,39.59149],[-94.65559,39.59124],[-94.65701,39.58996],[-94.65721,39.59002],[-94.65781,39.58977],[-94.65797,39.59004],[-94.65786,39.59056],[-94.65815,39.59079],[-94.65818,39.59106],[-94.65936,39.59108],[-94.65953,39.59146],[-94.66025,39.59179],[-94.66026,39.59272],[-94.66105,39.59279],[-94.66127,39.59316],[-94.66101,39.59343],[-94.66102,39.59376],[-94.66183,39.59411],[-94.6615,39.595],[-94.66108,39.59489],[-94.66081,39.59501],[-94.66098,39.59527],[-94.6607,39.59561],[-94.66101,39.59584],[-94.66115,39.59624],[-94.66134,39.59622],[-94.66177,39.59571],[-94.66197,39.59605],[-94.66254,39.59616],[-94.66265,39.59561],[-94.66286,39.59553],[-94.66314,39.59579],[-94.66335,39.59651],[-94.66436,39.59707],[-94.6649,39.59775],[-94.66537,39.59773],[-94.66576,39.59804],[-94.66558,39.59844],[-94.66509,39.59838],[-94.6648,39.59863],[-94.66437,39.59846],[-94.66426,39.59859],[-94.66449,39.5991],[-94.66391,39.59984],[-94.66403,39.60007],[-94.66465,39.60025],[-94.66475,39.60068],[-94.66449,39.60093],[-94.66456,39.60149],[-94.68032,39.60149],[-94.68041,39.59265],[-94.68062,39.59149],[-94.68128,39.59],[-94.68231,39.58866],[-94.68407,39.58691],[-94.69439,39.58676],[-94.69444,39.57942],[-94.71577,39.57904],[-94.71624,39.57712],[-94.71687,39.57638],[-94.71791,39.57562],[-94.71808,39.57522]]]}},{"type":"Feature","properties":{"ZIP":"64465"},"geometry":{"type":"Polygon","coordinates":[[[-94.41747,39.54902],[-94.41679,39.54851],[-94.41693,39.54834],[-94.41745,39.5483],[-94.41708,39.54684],[-94.41629,39.54667],[-94.41628,39.54634],[-94.41652,39.54619],[-94.4165,39.54597],[-94.41546,39.54532],[-94.41504,39.54475],[-94.41522,39.54438],[-94.41503,39.54393],[-94.41587,39.54322],[-94.41579,39.54299],[-94.41528,39.54279],[-94.41519,39.54261],[-94.41569,39.54222],[-94.41577,39.54158],[-94.41634,39.54131],[-94.41665,39.53996],[-94.41647,39.53973],[-94.41574,39.53963],[-94.41576,39.53908],[-94.41564,39.539],[-94.41423,39.53902],[-94.41397,39.53867],[-94.41436,39.53856],[-94.41427,39.53809],[-94.41345,39.53826],[-94.41292,39.53768],[-94.41305,39.53726],[-94.41372,39.53732],[-94.41391,39.53672],[-94.41375,39.5365],[-94.41302,39.53631],[-94.41269,39.53535],[-94.41309,39.53553],[-94.41343,39.53538],[-94.41382,39.53543],[-94.41386,39.53524],[-94.41345,39.53486],[-94.41391,39.53471],[-94.41382,39.53423],[-94.41417,39.53413],[-94.41428,39.53375],[-94.41467,39.53339],[-94.41529,39.53311],[-94.41509,39.53146],[-94.41525,39.53054],[-94.41517,39.53044],[-94.41465,39.53053],[-94.41453,39.53003],[-94.41525,39.5294],[-94.41515,39.52887],[-94.41482,39.52831],[-94.39065,39.52828],[-94.39079,39.5064],[-94.39565,39.50644],[-94.39588,39.49955],[-94.39614,39.49927],[-94.39653,39.49919],[-94.40021,39.49918],[-94.40049,39.49895],[-94.40058,39.49856],[-94.40128,39.46914],[-94.40099,39.46815],[-94.40015,39.46745],[-94.39807,39.46707],[-94.39678,39.46664],[-94.39318,39.46637],[-94.39157,39.46564],[-94.3894,39.465],[-94.38743,39.46502],[-94.38727,39.47007],[-94.38764,39.47077],[-94.38706,39.47225],[-94.3866,39.47239],[-94.38559,39.47195],[-94.38279,39.47195],[-94.38252,39.47216],[-94.3824,39.47341],[-94.38208,39.47366],[-94.37524,39.4737],[-94.37491,39.47413],[-94.37464,39.47547],[-94.37343,39.47637],[-94.37337,39.47709],[-94.373,39.47776],[-94.37293,39.47989],[-94.36986,39.47987],[-94.36936,39.48007],[-94.3681,39.48001],[-94.36807,39.48094],[-94.3646,39.48094],[-94.36443,39.48456],[-94.35942,39.4846],[-94.35862,39.4844],[-94.35842,39.48815],[-94.35387,39.48831],[-94.35369,39.48858],[-94.35359,39.49167],[-94.35336,39.49183],[-94.34698,39.49197],[-94.34585,39.49217],[-94.34532,39.49208],[-94.34512,39.4991],[-94.33461,39.49917],[-94.33486,39.49197],[-94.33212,39.49199],[-94.3319,39.49223],[-94.33068,39.49206],[-94.32594,39.49885],[-94.3256,39.4987],[-94.32684,39.49646],[-94.32695,39.49603],[-94.32664,39.48654],[-94.32674,39.48576],[-94.32793,39.48348],[-94.32807,39.47826],[-94.32775,39.47762],[-94.32368,39.47747],[-94.3237,39.47388],[-94.32011,39.47392],[-94.31985,39.47324],[-94.31919,39.47273],[-94.31948,39.47228],[-94.31946,39.47195],[-94.31929,39.47181],[-94.31939,39.47066],[-94.31433,39.47054],[-94.30567,39.48424],[-94.30542,39.48459],[-94.30506,39.4846],[-94.30129,39.49068],[-94.30031,39.49044],[-94.30011,39.49074],[-94.29904,39.49137],[-94.29908,39.48928],[-94.29442,39.48931],[-94.29448,39.48558],[-94.29273,39.48566],[-94.29275,39.49018],[-94.28504,39.49014],[-94.28513,39.48439],[-94.26761,39.48412],[-94.25271,39.48411],[-94.25227,39.48448],[-94.25213,39.48939],[-94.23679,39.48944],[-94.23642,39.51292],[-94.209,39.51274],[-94.20846,39.52716],[-94.20027,39.52699],[-94.20024,39.52762],[-94.20044,39.52776],[-94.2007,39.52877],[-94.20041,39.5291],[-94.2005,39.52929],[-94.20009,39.52953],[-94.20048,39.52968],[-94.20057,39.53014],[-94.19981,39.5306],[-94.20004,39.53142],[-94.19993,39.53174],[-94.20012,39.53186],[-94.20016,39.53225],[-94.20035,39.53234],[-94.20043,39.53321],[-94.20075,39.53354],[-94.20014,39.53366],[-94.20008,39.53393],[-94.1997,39.53416],[-94.19927,39.53487],[-94.1984,39.53563],[-94.1987,39.53597],[-94.19852,39.53638],[-94.19898,39.53676],[-94.1985,39.53709],[-94.1985,39.53789],[-94.19774,39.53854],[-94.19728,39.5383],[-94.19671,39.53855],[-94.19629,39.53889],[-94.19612,39.53938],[-94.1954,39.53945],[-94.19539,39.54003],[-94.19477,39.54022],[-94.19455,39.54056],[-94.19403,39.54071],[-94.19441,39.54143],[-94.19348,39.54177],[-94.19157,39.54158],[-94.19026,39.54199],[-94.18892,39.54271],[-94.18823,39.5426],[-94.18814,39.54243],[-94.18834,39.54215],[-94.18785,39.54194],[-94.18725,39.54222],[-94.18732,39.5426],[-94.18685,39.54262],[-94.18638,39.54289],[-94.18685,39.54329],[-94.18626,39.5434],[-94.18595,39.54379],[-94.18558,39.54368],[-94.18563,39.54324],[-94.18545,39.54302],[-94.18424,39.54307],[-94.18394,39.54347],[-94.1835,39.54299],[-94.18317,39.54295],[-94.18287,39.54337],[-94.18253,39.54344],[-94.18225,39.5433],[-94.18212,39.54281],[-94.18159,39.54289],[-94.18151,39.54248],[-94.18103,39.54253],[-94.18082,39.54238],[-94.18062,39.54244],[-94.18046,39.54286],[-94.17991,39.54277],[-94.17958,39.54293],[-94.17911,39.54368],[-94.1785,39.54309],[-94.17816,39.54308],[-94.17804,39.54332],[-94.17756,39.54359],[-94.17587,39.54371],[-94.17606,39.53804],[-94.17536,39.53815],[-94.1753,39.53794],[-94.17502,39.53789],[-94.17467,39.53801],[-94.17399,39.53753],[-94.17382,39.53757],[-94.17349,39.53708],[-94.17318,39.5371],[-94.1729,39.53691],[-94.17298,39.53676],[-94.1718,39.53623],[-94.17195,39.53584],[-94.17114,39.53551],[-94.17119,39.53522],[-94.171,39.53514],[-94.17075,39.53527],[-94.17053,39.53496],[-94.17025,39.53486],[-94.17021,39.53464],[-94.16947,39.53428],[-94.16942,39.53416],[-94.16963,39.53398],[-94.16945,39.53379],[-94.16968,39.53357],[-94.16858,39.53273],[-94.16875,39.53254],[-94.16847,39.53235],[-94.1688,39.53229],[-94.16893,39.53204],[-94.16858,39.53191],[-94.16844,39.53164],[-94.16818,39.53173],[-94.1683,39.53188],[-94.168,39.53206],[-94.16772,39.53197],[-94.16784,39.53171],[-94.16755,39.5318],[-94.16748,39.5316],[-94.16695,39.53156],[-94.16656,39.53188],[-94.16626,39.53163],[-94.16571,39.53203],[-94.16513,39.5322],[-94.16468,39.53315],[-94.16447,39.53331],[-94.16342,39.53295],[-94.16287,39.53437],[-94.16236,39.53464],[-94.16179,39.53471],[-94.16149,39.53495],[-94.16043,39.53838],[-94.15968,39.5393],[-94.16099,39.53866],[-94.1615,39.5376],[-94.16184,39.53757],[-94.16264,39.53824],[-94.16249,39.53903],[-94.16283,39.53943],[-94.16374,39.53989],[-94.16427,39.53959],[-94.16481,39.53972],[-94.1648,39.54066],[-94.16405,39.54078],[-94.16376,39.54101],[-94.164,39.54137],[-94.1638,39.5417],[-94.16379,39.54387],[-94.16393,39.54449],[-94.1643,39.54511],[-94.16413,39.54537],[-94.16426,39.54549],[-94.16422,39.54637],[-94.16351,39.54769],[-94.1635,39.54804],[-94.15725,39.54808],[-94.15699,39.5551],[-94.16633,39.55513],[-94.16627,39.55718],[-94.16401,39.55715],[-94.16395,39.55898],[-94.16157,39.55896],[-94.16153,39.56032],[-94.15847,39.56029],[-94.15843,39.56657],[-94.16137,39.56658],[-94.16129,39.5698],[-94.15657,39.5698],[-94.15624,39.57985],[-94.156,39.58022],[-94.15552,39.58052],[-94.15402,39.58067],[-94.15355,39.58134],[-94.153,39.58176],[-94.15261,39.58242],[-94.15259,39.58286],[-94.15281,39.58293],[-94.15245,39.58306],[-94.15165,39.58381],[-94.15187,39.58396],[-94.15193,39.58427],[-94.15271,39.58475],[-94.15489,39.58537],[-94.15531,39.58587],[-94.15613,39.58644],[-94.15584,39.59508],[-94.16608,39.5952],[-94.16614,39.59559],[-94.16557,39.59562],[-94.16575,39.59586],[-94.16586,39.59664],[-94.16556,39.5968],[-94.16546,39.59704],[-94.1656,39.59728],[-94.16525,39.59748],[-94.16523,39.59783],[-94.16568,39.59776],[-94.16577,39.59807],[-94.16529,39.59843],[-94.16549,39.59865],[-94.16539,39.59926],[-94.16503,39.59917],[-94.16484,39.59939],[-94.16521,39.59976],[-94.16481,39.60009],[-94.16517,39.60117],[-94.16504,39.60139],[-94.16467,39.60133],[-94.16479,39.60148],[-94.16455,39.60168],[-94.16487,39.60194],[-94.1645,39.60196],[-94.16456,39.60217],[-94.1643,39.60247],[-94.16409,39.60239],[-94.16398,39.60267],[-94.16361,39.60282],[-94.16361,39.60304],[-94.16392,39.60304],[-94.16399,39.60327],[-94.16402,39.60367],[-94.16363,39.60401],[-94.16386,39.60427],[-94.16285,39.60491],[-94.16302,39.60547],[-94.16264,39.60563],[-94.16271,39.60611],[-94.1622,39.60666],[-94.16229,39.60692],[-94.16208,39.60752],[-94.1615,39.6078],[-94.16104,39.60836],[-94.16066,39.60852],[-94.16065,39.60877],[-94.16029,39.60885],[-94.15937,39.60984],[-94.1582,39.61066],[-94.15815,39.61103],[-94.15765,39.61149],[-94.15761,39.61205],[-94.1584,39.61227],[-94.15803,39.61274],[-94.15835,39.61305],[-94.1581,39.61327],[-94.15821,39.61372],[-94.15735,39.61374],[-94.15718,39.61392],[-94.18972,39.61413],[-94.1885,39.61303],[-94.18913,39.61261],[-94.19003,39.61257],[-94.19047,39.61208],[-94.19039,39.6118],[-94.19079,39.61156],[-94.19094,39.61101],[-94.1918,39.6105],[-94.19178,39.61003],[-94.19206,39.60959],[-94.192,39.60938],[-94.19247,39.60914],[-94.19279,39.60878],[-94.1928,39.60856],[-94.19307,39.6085],[-94.19314,39.60825],[-94.19396,39.60793],[-94.19438,39.60753],[-94.19513,39.60738],[-94.19524,39.60715],[-94.19581,39.60713],[-94.19621,39.6068],[-94.19614,39.60649],[-94.19678,39.60597],[-94.19759,39.60608],[-94.1982,39.60584],[-94.19972,39.60566],[-94.20033,39.60574],[-94.20166,39.60534],[-94.20244,39.6047],[-94.20251,39.59932],[-94.20641,39.59943],[-94.20701,39.59959],[-94.20731,39.58515],[-94.23524,39.58575],[-94.23513,39.59289],[-94.24461,39.59299],[-94.24437,39.60026],[-94.24996,39.60036],[-94.24968,39.60952],[-94.25376,39.60947],[-94.25383,39.60173],[-94.25419,39.60043],[-94.2869,39.60049],[-94.28685,39.6077],[-94.29194,39.60771],[-94.29215,39.60749],[-94.29303,39.60735],[-94.29321,39.60706],[-94.29322,39.60652],[-94.29346,39.60621],[-94.29351,39.60546],[-94.29321,39.6052],[-94.29255,39.60506],[-94.29233,39.60486],[-94.29225,39.60436],[-94.29263,39.60386],[-94.29412,39.60433],[-94.29465,39.60432],[-94.2948,39.60401],[-94.29447,39.60333],[-94.2946,39.60312],[-94.29489,39.6031],[-94.29557,39.60357],[-94.29582,39.60355],[-94.29596,39.60338],[-94.29602,39.60256],[-94.2976,39.60255],[-94.29821,39.60214],[-94.29796,39.60165],[-94.29803,39.60152],[-94.30006,39.60068],[-94.30111,39.60066],[-94.30182,39.60107],[-94.30398,39.60145],[-94.30469,39.60138],[-94.30631,39.60062],[-94.30633,39.59958],[-94.30774,39.59866],[-94.30823,39.59808],[-94.30818,39.59791],[-94.30756,39.59758],[-94.30759,39.59676],[-94.30948,39.59547],[-94.30961,39.59511],[-94.31006,39.59464],[-94.31009,39.59402],[-94.31039,39.59342],[-94.31083,39.59311],[-94.31133,39.59212],[-94.31124,39.59193],[-94.31071,39.59192],[-94.31034,39.59163],[-94.31014,39.59076],[-94.31028,39.59005],[-94.30942,39.58915],[-94.30956,39.58898],[-94.3096,39.58826],[-94.30994,39.58818],[-94.31023,39.58844],[-94.31049,39.58845],[-94.31058,39.58832],[-94.31035,39.58786],[-94.31137,39.58721],[-94.31144,39.60773],[-94.31823,39.60782],[-94.31848,39.60074],[-94.3374,39.60075],[-94.33727,39.61541],[-94.35947,39.61543],[-94.36136,39.61528],[-94.36582,39.61559],[-94.37051,39.61559],[-94.37059,39.60075],[-94.38127,39.60072],[-94.38327,39.60208],[-94.38466,39.6021],[-94.38498,39.60253],[-94.38584,39.60316],[-94.38633,39.60397],[-94.38698,39.60372],[-94.38715,39.60428],[-94.38789,39.60467],[-94.38898,39.60475],[-94.38958,39.6046],[-94.39054,39.60256],[-94.39094,39.60224],[-94.39171,39.60229],[-94.39379,39.60303],[-94.39621,39.60238],[-94.39661,39.60208],[-94.39692,39.60122],[-94.39684,39.60043],[-94.39566,39.59947],[-94.39526,39.59882],[-94.39442,39.59796],[-94.39425,39.59748],[-94.3943,39.5963],[-94.39491,39.59426],[-94.39504,39.59289],[-94.39495,39.59252],[-94.39409,39.59129],[-94.3937,39.59093],[-94.39334,39.59085],[-94.39292,39.59084],[-94.39263,39.59102],[-94.39251,39.59154],[-94.39287,39.59192],[-94.39231,39.59251],[-94.39229,39.59296],[-94.39208,39.59305],[-94.39022,39.59304],[-94.38895,39.5928],[-94.38864,39.59258],[-94.38851,39.59172],[-94.39066,39.58981],[-94.39121,39.58956],[-94.39173,39.58962],[-94.39271,39.58941],[-94.39325,39.58861],[-94.39331,39.58827],[-94.39425,39.58809],[-94.39591,39.58853],[-94.39921,39.58976],[-94.40201,39.5911],[-94.40247,39.59112],[-94.40274,39.59092],[-94.40277,39.59027],[-94.40164,39.58798],[-94.40041,39.58768],[-94.40039,39.5843],[-94.40073,39.58207],[-94.40028,39.58053],[-94.40084,39.57922],[-94.40138,39.57847],[-94.40196,39.57817],[-94.40342,39.5778],[-94.40372,39.57734],[-94.40533,39.57617],[-94.40543,39.5752],[-94.40611,39.57507],[-94.4064,39.57477],[-94.40657,39.57423],[-94.4072,39.57382],[-94.40748,39.57342],[-94.40905,39.57256],[-94.40892,39.57163],[-94.4086,39.57091],[-94.40788,39.5701],[-94.40729,39.56992],[-94.40676,39.56946],[-94.40679,39.56867],[-94.40723,39.56775],[-94.40758,39.56746],[-94.40874,39.56731],[-94.40925,39.56704],[-94.40938,39.56587],[-94.40915,39.56465],[-94.4082,39.562],[-94.40764,39.56123],[-94.40695,39.5607],[-94.40691,39.56038],[-94.40709,39.56005],[-94.40732,39.55998],[-94.4082,39.55997],[-94.40892,39.56017],[-94.4091,39.56038],[-94.40919,39.56111],[-94.40956,39.5613],[-94.41058,39.56086],[-94.41121,39.56087],[-94.41221,39.5613],[-94.41269,39.56132],[-94.41507,39.56114],[-94.41582,39.56085],[-94.4163,39.55775],[-94.41633,39.55665],[-94.41669,39.55495],[-94.41611,39.55383],[-94.41559,39.55336],[-94.41484,39.553],[-94.41458,39.55104],[-94.41483,39.55051],[-94.41548,39.54993],[-94.41699,39.54909],[-94.41747,39.54902]]]}},{"type":"Feature","properties":{"ZIP":"64477"},"geometry":{"type":"Polygon","coordinates":[[[-94.52995,39.51252],[-94.52918,39.51099],[-94.52763,39.50699],[-94.52658,39.50377],[-94.52599,39.50129],[-94.51899,39.50141],[-94.5186,39.50126],[-94.51866,39.49908],[-94.5196,39.49188],[-94.51965,39.48825],[-94.52387,39.48824],[-94.52394,39.48666],[-94.52348,39.48531],[-94.52369,39.48472],[-94.52275,39.48484],[-94.52118,39.48605],[-94.52012,39.48637],[-94.5187,39.48635],[-94.51802,39.48721],[-94.5174,39.48772],[-94.51728,39.48895],[-94.51757,39.49051],[-94.51716,39.49058],[-94.51692,39.4903],[-94.51663,39.48936],[-94.51589,39.48838],[-94.51557,39.48758],[-94.51521,39.48737],[-94.51418,39.48721],[-94.51394,39.48691],[-94.51253,39.48634],[-94.51158,39.4857],[-94.51132,39.48588],[-94.51129,39.48705],[-94.51143,39.4876],[-94.5109,39.48769],[-94.50969,39.48652],[-94.50907,39.48659],[-94.50881,39.48693],[-94.5088,39.48776],[-94.50924,39.48979],[-94.50969,39.49059],[-94.50977,39.49155],[-94.51039,39.49238],[-94.51051,39.49375],[-94.51024,39.49522],[-94.51077,39.49622],[-94.51089,39.497],[-94.51077,39.49748],[-94.50965,39.49741],[-94.50939,39.4976],[-94.50912,39.49835],[-94.5093,39.49901],[-94.50802,39.5],[-94.50815,39.50182],[-94.50794,39.50247],[-94.50846,39.50284],[-94.50829,39.50341],[-94.50734,39.50373],[-94.50758,39.50417],[-94.50731,39.50501],[-94.50711,39.50529],[-94.50658,39.50543],[-94.50637,39.5052],[-94.50635,39.50469],[-94.50599,39.50459],[-94.50564,39.50497],[-94.50642,39.50569],[-94.50686,39.50715],[-94.50679,39.50843],[-94.50574,39.50945],[-94.50381,39.50938],[-94.50356,39.50908],[-94.50249,39.50874],[-94.50164,39.50867],[-94.50069,39.50906],[-94.50042,39.50954],[-94.50045,39.50981],[-94.50172,39.51096],[-94.50175,39.51251],[-94.50121,39.51444],[-94.50098,39.5146],[-94.49948,39.51399],[-94.49865,39.51399],[-94.49667,39.51461],[-94.49582,39.51542],[-94.49513,39.51658],[-94.49433,39.517],[-94.4913,39.51788],[-94.48854,39.51828],[-94.48846,39.51771],[-94.48897,39.51717],[-94.49051,39.51743],[-94.49158,39.51739],[-94.49362,39.51686],[-94.49468,39.51627],[-94.495,39.51542],[-94.49488,39.51504],[-94.49437,39.51454],[-94.49329,39.51396],[-94.49319,39.51334],[-94.49355,39.51291],[-94.49468,39.51234],[-94.49528,39.51182],[-94.48975,39.51288],[-94.48778,39.51169],[-94.48712,39.51062],[-94.48712,39.51021],[-94.48745,39.50997],[-94.49049,39.5117],[-94.49584,39.51038],[-94.49631,39.51013],[-94.4969,39.50944],[-94.49639,39.50864],[-94.49634,39.50826],[-94.4971,39.50804],[-94.49727,39.50783],[-94.49728,39.50624],[-94.49704,39.50585],[-94.49704,39.50553],[-94.49751,39.50554],[-94.49804,39.50595],[-94.49858,39.50523],[-94.49869,39.50463],[-94.50023,39.50389],[-94.50117,39.50377],[-94.50197,39.50258],[-94.50348,39.50256],[-94.50421,39.50229],[-94.50448,39.50206],[-94.50479,39.50092],[-94.50377,39.50022],[-94.50385,39.5],[-94.50369,39.49977],[-94.50382,39.4994],[-94.50498,39.49883],[-94.50487,39.49816],[-94.50436,39.49789],[-94.50262,39.49814],[-94.50232,39.49798],[-94.50241,39.49766],[-94.50303,39.49713],[-94.503,39.49663],[-94.50271,39.49631],[-94.50271,39.4953],[-94.50259,39.49516],[-94.50209,39.49489],[-94.50182,39.49505],[-94.50147,39.49532],[-94.50105,39.49605],[-94.50009,39.49693],[-94.49843,39.49799],[-94.49725,39.4984],[-94.49639,39.49836],[-94.49618,39.49813],[-94.49624,39.49777],[-94.49775,39.49678],[-94.49907,39.49495],[-94.49925,39.49456],[-94.49919,39.49402],[-94.49771,39.49262],[-94.4955,39.49239],[-94.49491,39.49266],[-94.49307,39.49262],[-94.49281,39.49241],[-94.49287,39.49203],[-94.49319,39.49182],[-94.49727,39.49129],[-94.49892,39.49158],[-94.49948,39.49193],[-94.50022,39.49275],[-94.50109,39.49283],[-94.50195,39.49249],[-94.50209,39.49189],[-94.5018,39.49047],[-94.50183,39.48921],[-94.50316,39.48899],[-94.50305,39.48748],[-94.50381,39.48657],[-94.50383,39.48621],[-94.50327,39.48559],[-94.5032,39.48529],[-94.50329,39.48507],[-94.50385,39.48475],[-94.50429,39.48404],[-94.50485,39.48388],[-94.50536,39.48336],[-94.50533,39.48311],[-94.50471,39.48297],[-94.50317,39.48292],[-94.50255,39.48329],[-94.50225,39.48388],[-94.50166,39.48436],[-94.50023,39.48515],[-94.49793,39.4852],[-94.49731,39.48488],[-94.49731,39.48458],[-94.50072,39.48413],[-94.50152,39.48342],[-94.50152,39.4831],[-94.50084,39.48274],[-94.50084,39.48255],[-94.50317,39.48164],[-94.50495,39.4815],[-94.5053,39.48134],[-94.5053,39.48102],[-94.50362,39.48054],[-94.50332,39.48031],[-94.50309,39.47933],[-94.50362,39.47912],[-94.50415,39.47912],[-94.5051,39.47958],[-94.50569,39.47956],[-94.50595,39.4794],[-94.50578,39.47869],[-94.50536,39.47842],[-94.50333,39.47793],[-94.50297,39.47773],[-94.50259,39.47699],[-94.50144,39.4766],[-94.50156,39.47628],[-94.50224,39.47596],[-94.5036,39.47688],[-94.50407,39.47688],[-94.50401,39.47622],[-94.50372,39.47581],[-94.50336,39.47466],[-94.50139,39.47397],[-94.50024,39.47282],[-94.49838,39.4722],[-94.4982,39.472],[-94.49823,39.4717],[-94.49847,39.47147],[-94.49921,39.47131],[-94.50174,39.47285],[-94.50222,39.47221],[-94.50248,39.47217],[-94.50272,39.47237],[-94.50313,39.47365],[-94.50419,39.47432],[-94.50513,39.47432],[-94.50522,39.47517],[-94.5067,39.47718],[-94.50699,39.47743],[-94.50761,39.47734],[-94.50755,39.47615],[-94.50735,39.47556],[-94.50738,39.47366],[-94.50766,39.47268],[-94.50827,39.4727],[-94.50859,39.4701],[-94.50092,39.47008],[-94.50001,39.46714],[-94.50479,39.46353],[-94.50357,39.46286],[-94.49162,39.46276],[-94.4914,39.46294],[-94.49127,39.46275],[-94.48755,39.46272],[-94.4862,39.46174],[-94.48465,39.46158],[-94.48322,39.4616],[-94.48233,39.46179],[-94.48152,39.46202],[-94.48076,39.46255],[-94.48015,39.46276],[-94.47252,39.46271],[-94.47254,39.4917],[-94.45368,39.49168],[-94.4536,39.48467],[-94.45252,39.48342],[-94.45141,39.4816],[-94.4491,39.48103],[-94.44907,39.47742],[-94.4486,39.47714],[-94.44445,39.47716],[-94.44449,39.47001],[-94.42479,39.4701],[-94.42446,39.48457],[-94.40094,39.48466],[-94.40049,39.49895],[-94.39991,39.49922],[-94.3963,39.49921],[-94.39588,39.49955],[-94.39565,39.50644],[-94.39079,39.5064],[-94.39065,39.52828],[-94.41482,39.52831],[-94.41515,39.52887],[-94.41525,39.5294],[-94.41453,39.53003],[-94.41465,39.53053],[-94.41517,39.53044],[-94.41525,39.53054],[-94.41509,39.53146],[-94.41529,39.53311],[-94.41467,39.53339],[-94.41428,39.53375],[-94.41417,39.53413],[-94.41382,39.53423],[-94.41391,39.53471],[-94.41345,39.53486],[-94.41386,39.53524],[-94.41382,39.53543],[-94.41343,39.53538],[-94.41309,39.53553],[-94.41269,39.53535],[-94.41302,39.53631],[-94.41375,39.5365],[-94.41391,39.53672],[-94.41386,39.53718],[-94.41364,39.53738],[-94.4133,39.53725],[-94.41298,39.53733],[-94.413,39.5379],[-94.41345,39.53826],[-94.41427,39.53809],[-94.41436,39.53856],[-94.41397,39.53867],[-94.41423,39.53902],[-94.41564,39.539],[-94.41576,39.53908],[-94.41574,39.53963],[-94.41647,39.53973],[-94.41666,39.54004],[-94.41634,39.54131],[-94.41577,39.54158],[-94.41569,39.54222],[-94.41519,39.54261],[-94.41528,39.54279],[-94.41579,39.54299],[-94.41587,39.54322],[-94.41503,39.54393],[-94.41522,39.54438],[-94.41504,39.54475],[-94.41546,39.54532],[-94.4165,39.54597],[-94.41652,39.54619],[-94.41628,39.54634],[-94.41629,39.54667],[-94.41708,39.54684],[-94.41745,39.5483],[-94.41693,39.54834],[-94.41679,39.54851],[-94.41747,39.54902],[-94.41699,39.54909],[-94.41548,39.54993],[-94.41483,39.55051],[-94.41458,39.55104],[-94.41484,39.553],[-94.41559,39.55336],[-94.41611,39.55383],[-94.41669,39.55495],[-94.41633,39.55665],[-94.41588,39.56073],[-94.41507,39.56114],[-94.41269,39.56132],[-94.41221,39.5613],[-94.41121,39.56087],[-94.41058,39.56086],[-94.40956,39.5613],[-94.40919,39.56111],[-94.4091,39.56038],[-94.40892,39.56017],[-94.40766,39.55996],[-94.407,39.56015],[-94.40695,39.5607],[-94.40764,39.56123],[-94.40826,39.56212],[-94.40915,39.56465],[-94.40938,39.56587],[-94.40925,39.56704],[-94.40874,39.56731],[-94.40758,39.56746],[-94.40723,39.56775],[-94.40679,39.56867],[-94.40676,39.56946],[-94.40729,39.56992],[-94.40788,39.5701],[-94.4086,39.57091],[-94.40892,39.57163],[-94.40905,39.57256],[-94.40748,39.57342],[-94.4072,39.57382],[-94.40657,39.57423],[-94.4064,39.57477],[-94.40611,39.57507],[-94.40543,39.5752],[-94.40533,39.57617],[-94.40372,39.57734],[-94.40342,39.5778],[-94.40196,39.57817],[-94.40138,39.57847],[-94.40084,39.57922],[-94.40028,39.58053],[-94.40073,39.58207],[-94.40039,39.5843],[-94.40041,39.58768],[-94.40164,39.58798],[-94.40277,39.59027],[-94.40274,39.59092],[-94.40247,39.59112],[-94.40201,39.5911],[-94.39921,39.58976],[-94.39591,39.58853],[-94.39425,39.58809],[-94.39331,39.58827],[-94.39325,39.58861],[-94.39271,39.58941],[-94.39173,39.58962],[-94.39121,39.58956],[-94.39066,39.58981],[-94.38851,39.59172],[-94.38864,39.59258],[-94.38895,39.5928],[-94.39022,39.59304],[-94.39208,39.59305],[-94.39229,39.59296],[-94.39231,39.59251],[-94.39287,39.59192],[-94.39251,39.59154],[-94.39263,39.59102],[-94.39292,39.59084],[-94.39334,39.59085],[-94.39392,39.59109],[-94.39495,39.59252],[-94.39504,39.59289],[-94.39491,39.59426],[-94.3943,39.5963],[-94.39434,39.59784],[-94.39566,39.59947],[-94.39684,39.60043],[-94.39692,39.60122],[-94.39643,39.60229],[-94.39392,39.60301],[-94.39171,39.60229],[-94.39094,39.60224],[-94.39054,39.60256],[-94.38951,39.60466],[-94.38777,39.6047],[-94.38643,39.6058],[-94.38507,39.60657],[-94.38426,39.60788],[-94.38321,39.60852],[-94.38287,39.60897],[-94.38206,39.60957],[-94.38177,39.60997],[-94.38162,39.61059],[-94.38309,39.6111],[-94.38354,39.6114],[-94.38497,39.61274],[-94.38497,39.61306],[-94.38468,39.61327],[-94.38303,39.61375],[-94.38253,39.61407],[-94.38227,39.61553],[-94.38203,39.61577],[-94.37983,39.61643],[-94.38052,39.61835],[-94.38038,39.61925],[-94.38017,39.61929],[-94.37924,39.61864],[-94.37856,39.61858],[-94.37849,39.61886],[-94.3789,39.61964],[-94.37869,39.61977],[-94.37796,39.6197],[-94.37732,39.62],[-94.37722,39.62043],[-94.37744,39.62079],[-94.37819,39.62102],[-94.37841,39.6213],[-94.37837,39.62164],[-94.37748,39.62276],[-94.37708,39.62303],[-94.37655,39.62302],[-94.3762,39.6228],[-94.37621,39.62249],[-94.3756,39.62208],[-94.3749,39.62204],[-94.37489,39.63736],[-94.37469,39.64064],[-94.37473,39.64498],[-94.37519,39.64478],[-94.38202,39.64491],[-94.37695,39.64519],[-94.37688,39.64606],[-94.37699,39.64622],[-94.37776,39.64661],[-94.3788,39.64662],[-94.37897,39.64677],[-94.37771,39.64844],[-94.3773,39.64938],[-94.37848,39.64987],[-94.37925,39.65042],[-94.38,39.65065],[-94.38038,39.65112],[-94.38061,39.65992],[-94.38339,39.65996],[-94.38353,39.66036],[-94.38349,39.66074],[-94.38292,39.66079],[-94.38303,39.66124],[-94.38288,39.66164],[-94.38172,39.66182],[-94.38093,39.66213],[-94.37996,39.66355],[-94.38029,39.66373],[-94.38112,39.66345],[-94.38166,39.66368],[-94.38228,39.66516],[-94.3834,39.66612],[-94.38354,39.66696],[-94.38512,39.66707],[-94.38541,39.66695],[-94.38603,39.66725],[-94.38674,39.66706],[-94.38716,39.6672],[-94.38729,39.66785],[-94.3873,39.6706],[-94.38709,39.67092],[-94.38633,39.6714],[-94.38699,39.67181],[-94.38675,39.67216],[-94.3872,39.67275],[-94.38829,39.67284],[-94.38884,39.67319],[-94.38879,39.67348],[-94.38815,39.67357],[-94.38823,39.67383],[-94.3879,39.67397],[-94.38801,39.67434],[-94.38843,39.67445],[-94.38847,39.67428],[-94.38881,39.67418],[-94.40267,39.67426],[-94.40256,39.68856],[-94.40307,39.70369],[-94.43227,39.7037],[-94.43237,39.68175],[-94.45145,39.68183],[-94.45149,39.66106],[-94.4519,39.66052],[-94.45247,39.66012],[-94.45313,39.65987],[-94.49273,39.65981],[-94.49532,39.65989],[-94.49828,39.66032],[-94.50041,39.65977],[-94.50761,39.6597],[-94.50915,39.65656],[-94.50946,39.65325],[-94.50967,39.65287],[-94.51046,39.65281],[-94.51347,39.65147],[-94.51388,39.65104],[-94.51441,39.65004],[-94.51506,39.64802],[-94.51789,39.64806],[-94.51782,39.6452],[-94.51733,39.64432],[-94.51724,39.63993],[-94.51699,39.63935],[-94.51651,39.63892],[-94.51568,39.63858],[-94.51113,39.63849],[-94.50941,39.63814],[-94.50863,39.63774],[-94.5082,39.63719],[-94.50808,39.63667],[-94.50801,39.63075],[-94.50766,39.62937],[-94.50634,39.62741],[-94.50432,39.62375],[-94.5037,39.62352],[-94.50123,39.62347],[-94.50102,39.62334],[-94.50084,39.61683],[-94.50048,39.61648],[-94.49912,39.61596],[-94.49443,39.60892],[-94.49419,39.59806],[-94.51169,39.59817],[-94.51229,39.59816],[-94.51283,39.5979],[-94.51315,39.59758],[-94.51323,39.59145],[-94.51279,39.59101],[-94.51231,39.59088],[-94.50922,39.59076],[-94.50876,39.5904],[-94.50861,39.59005],[-94.50869,39.58382],[-94.50916,39.58351],[-94.52739,39.58364],[-94.52808,39.54353],[-94.49921,39.54335],[-94.49968,39.54332],[-94.5,39.54308],[-94.50004,39.54059],[-94.50056,39.53971],[-94.50827,39.53978],[-94.50916,39.54011],[-94.50963,39.54061],[-94.51009,39.54066],[-94.52319,39.54081],[-94.5235,39.54072],[-94.52355,39.53998],[-94.5237,39.53984],[-94.52828,39.53987],[-94.52844,39.53008],[-94.52872,39.52517],[-94.52823,39.52478],[-94.52452,39.52478],[-94.52421,39.52457],[-94.52421,39.51415],[-94.52428,39.51377],[-94.52454,39.51356],[-94.52804,39.5134],[-94.52995,39.51252]]]}},{"type":"Feature","properties":{"ZIP":"64484"},"geometry":{"type":"Polygon","coordinates":[[[-95.11361,39.55487],[-95.11356,39.55394],[-95.11312,39.55211],[-95.11185,39.54854],[-95.11037,39.54456],[-95.10807,39.53992],[-95.1066,39.53765],[-95.10459,39.53514],[-95.1013,39.53167],[-95.09271,39.52424],[-95.08272,39.51671],[-95.07744,39.51355],[-95.07081,39.51066],[-95.06099,39.5072],[-95.0593,39.50647],[-95.05613,39.50413],[-95.05446,39.50265],[-95.05348,39.50136],[-95.05218,39.49999],[-95.05056,39.49751],[-95.04922,39.49189],[-95.04874,39.48894],[-95.04876,39.48556],[-95.04837,39.48042],[-95.04767,39.47753],[-95.04467,39.47125],[-95.04078,39.46639],[-95.0375,39.46369],[-95.03341,39.46087],[-95.0285,39.45829],[-95.02203,39.45545],[-95.01577,39.4531],[-95.00762,39.45107],[-95.00338,39.45018],[-95.00024,39.44976],[-94.99285,39.44727],[-94.99018,39.44619],[-94.9875,39.44462],[-94.98479,39.4427],[-94.98215,39.44055],[-94.98042,39.43857],[-94.97924,39.43684],[-94.9727,39.44049],[-94.9707,39.44126],[-94.96969,39.44086],[-94.96932,39.45327],[-94.96947,39.45578],[-94.96688,39.45781],[-94.97801,39.46792],[-94.9841,39.47404],[-94.98393,39.47415],[-94.98602,39.47641],[-94.99461,39.48671],[-94.99455,39.49769],[-94.97503,39.49755],[-94.97496,39.50463],[-94.96565,39.50462],[-94.9652,39.51101],[-94.96584,39.51135],[-94.96571,39.51197],[-94.95627,39.51176],[-94.95645,39.51287],[-94.95627,39.52661],[-94.95653,39.52676],[-94.95662,39.5329],[-94.94389,39.53282],[-94.9441,39.53342],[-94.94473,39.53356],[-94.94527,39.5339],[-94.94597,39.53395],[-94.9454,39.53506],[-94.94557,39.53525],[-94.94613,39.5354],[-94.94604,39.5359],[-94.94671,39.5361],[-94.94664,39.53662],[-94.94706,39.53719],[-94.94699,39.53781],[-94.94718,39.53856],[-94.94808,39.53849],[-94.9483,39.53875],[-94.94835,39.53926],[-94.94852,39.53935],[-94.94918,39.53918],[-94.94901,39.53989],[-94.94925,39.53993],[-94.94973,39.53971],[-94.94988,39.53985],[-94.94986,39.54016],[-94.95037,39.54028],[-94.95024,39.54047],[-94.94957,39.54041],[-94.94958,39.54088],[-94.94979,39.54094],[-94.95014,39.54065],[-94.95062,39.54106],[-94.95111,39.5408],[-94.9511,39.5414],[-94.95131,39.54167],[-94.95118,39.54197],[-94.95182,39.5419],[-94.95196,39.54224],[-94.95164,39.54254],[-94.95021,39.54225],[-94.95019,39.54257],[-94.95069,39.54301],[-94.95049,39.54312],[-94.94962,39.543],[-94.94965,39.54323],[-94.95012,39.5437],[-94.94935,39.54375],[-94.94932,39.54397],[-94.94968,39.54425],[-94.94967,39.54441],[-94.94862,39.54512],[-94.94827,39.54559],[-94.94843,39.54615],[-94.94905,39.54673],[-94.94904,39.54714],[-94.94865,39.54728],[-94.94777,39.54699],[-94.94719,39.54737],[-94.94682,39.54685],[-94.94633,39.54679],[-94.94568,39.54715],[-94.94524,39.54783],[-94.94463,39.54814],[-94.94459,39.5483],[-94.94507,39.54843],[-94.94563,39.54911],[-94.94544,39.55002],[-94.94685,39.55015],[-94.94653,39.55067],[-94.94568,39.55094],[-94.94489,39.55074],[-94.94426,39.55092],[-94.94382,39.55046],[-94.94381,39.55011],[-94.94314,39.55017],[-94.94291,39.54976],[-94.94255,39.54967],[-94.94135,39.55072],[-94.94116,39.55066],[-94.94101,39.55027],[-94.94017,39.55065],[-94.94007,39.55194],[-94.93992,39.55214],[-94.93856,39.55228],[-94.93801,39.55261],[-94.93783,39.55319],[-94.93777,39.55669],[-94.93815,39.55603],[-94.93902,39.55565],[-94.95973,39.55583],[-94.96221,39.55559],[-94.96376,39.55588],[-94.96634,39.55591],[-94.97512,39.55718],[-94.975,39.56121],[-94.97459,39.56137],[-94.97396,39.56136],[-94.97201,39.56087],[-94.97134,39.56087],[-94.96967,39.56203],[-94.96824,39.56262],[-94.96595,39.564],[-94.96575,39.56556],[-94.96578,39.57004],[-94.96546,39.57041],[-94.95649,39.57046],[-94.95653,39.58496],[-94.97507,39.58531],[-94.97505,39.60462],[-94.97475,39.60488],[-94.97178,39.60488],[-94.9715,39.60532],[-94.97144,39.60644],[-94.97151,39.60731],[-94.97194,39.60804],[-94.97319,39.60913],[-94.9738,39.61134],[-94.97486,39.61213],[-94.97507,39.61253],[-94.97513,39.6138],[-94.97497,39.61494],[-94.97483,39.61532],[-94.97437,39.61565],[-94.97426,39.61604],[-94.97432,39.61812],[-94.97425,39.61829],[-94.96418,39.61826],[-94.96582,39.61959],[-94.96647,39.61979],[-94.96679,39.62013],[-94.96691,39.62083],[-94.96673,39.6235],[-94.96696,39.62429],[-94.96739,39.62475],[-94.96465,39.62653],[-94.96413,39.62749],[-94.96414,39.638],[-94.97249,39.63357],[-94.97254,39.63371],[-94.97331,39.63332],[-94.97347,39.63373],[-94.97346,39.63969],[-94.97334,39.63987],[-94.97295,39.63993],[-94.9641,39.63989],[-94.9641,39.64223],[-94.96788,39.64332],[-94.97961,39.64356],[-94.98707,39.64346],[-94.98918,39.64301],[-94.99034,39.64166],[-94.99043,39.64011],[-94.99233,39.64048],[-94.99199,39.67676],[-94.99793,39.67639],[-95.00025,39.67659],[-95.00903,39.67576],[-95.01225,39.67512],[-95.01531,39.67426],[-95.01832,39.67287],[-95.0246,39.66848],[-95.02765,39.66545],[-95.02935,39.6632],[-95.03073,39.66196],[-95.03143,39.66048],[-95.03454,39.65679],[-95.0375,39.65288],[-95.03905,39.64964],[-95.04456,39.64437],[-95.04952,39.63787],[-95.05337,39.63035],[-95.05427,39.62774],[-95.05493,39.62499],[-95.05515,39.62166],[-95.05495,39.62007],[-95.05424,39.61729],[-95.05301,39.61396],[-95.05189,39.61198],[-95.04956,39.60898],[-95.04791,39.60629],[-95.04682,39.60319],[-95.04645,39.60163],[-95.04636,39.59956],[-95.04669,39.59675],[-95.04705,39.59552],[-95.04851,39.59114],[-95.04928,39.58958],[-95.05059,39.58756],[-95.05478,39.58253],[-95.0569,39.58057],[-95.05952,39.57913],[-95.06452,39.57711],[-95.0671,39.5765],[-95.06932,39.57622],[-95.07216,39.57612],[-95.07521,39.57643],[-95.07669,39.57676],[-95.08744,39.58058],[-95.08952,39.58103],[-95.09215,39.58111],[-95.09574,39.58062],[-95.0991,39.57969],[-95.10129,39.5788],[-95.10323,39.57778],[-95.10495,39.5766],[-95.10639,39.57528],[-95.10748,39.57374],[-95.11307,39.55918],[-95.11349,39.55683],[-95.11361,39.55487]]]}},{"type":"Feature","properties":{"ZIP":"64492"},"geometry":{"type":"Polygon","coordinates":[[[-94.62829,39.47042],[-94.62792,39.46412],[-94.62771,39.46312],[-94.61228,39.46301],[-94.61224,39.45595],[-94.61077,39.45594],[-94.6094,39.45596],[-94.6108,39.47049],[-94.57387,39.47039],[-94.57384,39.45585],[-94.56493,39.45586],[-94.56436,39.45602],[-94.56205,39.45588],[-94.54617,39.45584],[-94.54611,39.45572],[-94.54126,39.4557],[-94.54067,39.45533],[-94.54001,39.45549],[-94.53995,39.45512],[-94.53946,39.45502],[-94.53946,39.45457],[-94.53996,39.45431],[-94.53983,39.45374],[-94.53926,39.45361],[-94.53904,39.45316],[-94.53942,39.45281],[-94.54072,39.45213],[-94.53925,39.4516],[-94.53896,39.45006],[-94.5391,39.44995],[-94.54045,39.45007],[-94.54074,39.44976],[-94.54143,39.4496],[-94.542,39.44926],[-94.54211,39.44878],[-94.54132,39.44891],[-94.5403,39.44879],[-94.54011,39.44869],[-94.54,39.44821],[-94.54031,39.44781],[-94.53973,39.44771],[-94.53956,39.44751],[-94.53762,39.44755],[-94.53744,39.44737],[-94.52931,39.44733],[-94.52628,39.4469],[-94.52403,39.44612],[-94.51801,39.44299],[-94.5162,39.44144],[-94.51535,39.44028],[-94.5148,39.43918],[-94.51442,39.43723],[-94.51444,39.43307],[-94.50531,39.43304],[-94.50544,39.42591],[-94.49929,39.42601],[-94.49255,39.42713],[-94.49169,39.42943],[-94.4917,39.44112],[-94.48962,39.44105],[-94.48992,39.441],[-94.49024,39.44054],[-94.48879,39.44104],[-94.48859,39.44116],[-94.48846,39.44154],[-94.48786,39.44117],[-94.48713,39.44028],[-94.48643,39.44001],[-94.48578,39.43931],[-94.48557,39.43872],[-94.48567,39.43835],[-94.48678,39.43807],[-94.48749,39.43808],[-94.48751,39.4379],[-94.48655,39.43776],[-94.48631,39.43765],[-94.48626,39.43741],[-94.48544,39.43747],[-94.48464,39.43711],[-94.48335,39.4357],[-94.48251,39.43431],[-94.48247,39.43362],[-94.48298,39.43258],[-94.48369,39.43161],[-94.48516,39.43163],[-94.48643,39.432],[-94.48357,39.4306],[-94.48295,39.43072],[-94.48279,39.43094],[-94.48177,39.43102],[-94.48169,39.43044],[-94.48215,39.43016],[-94.48165,39.42931],[-94.48166,39.42876],[-94.48204,39.42798],[-94.4815,39.42786],[-94.48145,39.42767],[-94.48015,39.42754],[-94.4823,39.42523],[-94.48372,39.42294],[-94.48417,39.42041],[-94.48353,39.41898],[-94.48293,39.41857],[-94.48076,39.41786],[-94.46951,39.41765],[-94.46376,39.41703],[-94.46376,39.41888],[-94.46081,39.41492],[-94.45938,39.41264],[-94.45919,39.41186],[-94.45891,39.41196],[-94.45777,39.41132],[-94.45702,39.41112],[-94.45693,39.41096],[-94.45635,39.41092],[-94.45629,39.41034],[-94.45564,39.40986],[-94.45523,39.40985],[-94.4549,39.41017],[-94.45416,39.40929],[-94.45446,39.4091],[-94.4545,39.40858],[-94.45431,39.40807],[-94.45404,39.40891],[-94.45377,39.40913],[-94.45385,39.40978],[-94.4534,39.40974],[-94.45314,39.40945],[-94.4526,39.40971],[-94.45247,39.40952],[-94.4522,39.40976],[-94.45178,39.40878],[-94.4518,39.40816],[-94.45114,39.40794],[-94.45104,39.40753],[-94.45068,39.40787],[-94.45084,39.40824],[-94.45123,39.40842],[-94.45121,39.40854],[-94.45044,39.4087],[-94.45103,39.40874],[-94.45104,39.40893],[-94.45138,39.40914],[-94.45146,39.40951],[-94.45132,39.40963],[-94.45002,39.4097],[-94.44995,39.41007],[-94.44972,39.41013],[-94.4497,39.41163],[-94.44737,39.41343],[-94.44734,39.41526],[-94.44496,39.41892],[-94.44481,39.42623],[-94.44955,39.42624],[-94.44954,39.44068],[-94.44918,39.46274],[-94.44498,39.46276],[-94.44458,39.46308],[-94.44445,39.47716],[-94.4486,39.47714],[-94.44907,39.47742],[-94.4491,39.48103],[-94.45141,39.4816],[-94.45252,39.48342],[-94.4536,39.48467],[-94.45368,39.49168],[-94.47254,39.4917],[-94.47252,39.46271],[-94.48015,39.46276],[-94.48076,39.46255],[-94.48152,39.46202],[-94.48233,39.46179],[-94.48322,39.4616],[-94.48465,39.46158],[-94.4862,39.46174],[-94.48755,39.46272],[-94.49127,39.46275],[-94.4914,39.46294],[-94.49162,39.46276],[-94.50334,39.46284],[-94.50424,39.46313],[-94.50479,39.46353],[-94.50001,39.46714],[-94.50092,39.47008],[-94.50859,39.4701],[-94.50827,39.4727],[-94.50766,39.47268],[-94.50738,39.47366],[-94.50735,39.47556],[-94.50755,39.47615],[-94.50761,39.47734],[-94.50699,39.47743],[-94.5067,39.47718],[-94.50522,39.47517],[-94.50513,39.47432],[-94.50419,39.47432],[-94.50313,39.47365],[-94.50272,39.47237],[-94.50248,39.47217],[-94.50222,39.47221],[-94.50174,39.47285],[-94.49921,39.47131],[-94.49847,39.47147],[-94.49823,39.4717],[-94.4982,39.472],[-94.49838,39.4722],[-94.50024,39.47282],[-94.50139,39.47397],[-94.50336,39.47466],[-94.50372,39.47581],[-94.50401,39.47622],[-94.50407,39.47688],[-94.5036,39.47688],[-94.50224,39.47596],[-94.50156,39.47628],[-94.50144,39.4766],[-94.50259,39.47699],[-94.50297,39.47773],[-94.50333,39.47793],[-94.50536,39.47842],[-94.50578,39.47869],[-94.50595,39.47901],[-94.50595,39.4794],[-94.50569,39.47956],[-94.5051,39.47958],[-94.50415,39.47912],[-94.50362,39.47912],[-94.50309,39.47933],[-94.50332,39.48031],[-94.50362,39.48054],[-94.5053,39.48102],[-94.5053,39.48134],[-94.50495,39.4815],[-94.50317,39.48164],[-94.50084,39.48255],[-94.50084,39.48274],[-94.50152,39.4831],[-94.50152,39.48342],[-94.50072,39.48413],[-94.49731,39.48458],[-94.49731,39.48488],[-94.49793,39.4852],[-94.50023,39.48515],[-94.50225,39.48388],[-94.50231,39.48361],[-94.50282,39.48304],[-94.50317,39.48292],[-94.50533,39.48311],[-94.50524,39.48361],[-94.50429,39.48404],[-94.50385,39.48475],[-94.50329,39.48507],[-94.5032,39.48529],[-94.50327,39.48559],[-94.50383,39.48621],[-94.50381,39.48657],[-94.50305,39.48748],[-94.50316,39.48899],[-94.50183,39.48921],[-94.5018,39.49047],[-94.50209,39.49219],[-94.50195,39.49249],[-94.50109,39.49283],[-94.50022,39.49275],[-94.49948,39.49193],[-94.49892,39.49158],[-94.49727,39.49129],[-94.49319,39.49182],[-94.49287,39.49203],[-94.49281,39.49241],[-94.49307,39.49262],[-94.49491,39.49266],[-94.4955,39.49239],[-94.49771,39.49262],[-94.49919,39.49402],[-94.49925,39.49456],[-94.49907,39.49495],[-94.49775,39.49678],[-94.49624,39.49777],[-94.49618,39.49813],[-94.49639,39.49836],[-94.49725,39.4984],[-94.49843,39.49799],[-94.50009,39.49693],[-94.50105,39.49605],[-94.50147,39.49532],[-94.50182,39.49505],[-94.50209,39.49489],[-94.50259,39.49516],[-94.50271,39.4953],[-94.50271,39.49631],[-94.503,39.49663],[-94.50303,39.49713],[-94.50241,39.49766],[-94.50232,39.49798],[-94.50262,39.49814],[-94.50436,39.49789],[-94.50463,39.49796],[-94.50498,39.49841],[-94.50487,39.49899],[-94.50382,39.4994],[-94.50369,39.49977],[-94.50385,39.5],[-94.50377,39.50022],[-94.50479,39.50092],[-94.50448,39.50206],[-94.50348,39.50256],[-94.50197,39.50258],[-94.50117,39.50377],[-94.50023,39.50389],[-94.49869,39.50463],[-94.49858,39.50523],[-94.49804,39.50595],[-94.49751,39.50554],[-94.49704,39.50553],[-94.49704,39.50585],[-94.49728,39.50624],[-94.49727,39.50783],[-94.4971,39.50804],[-94.49634,39.50826],[-94.49639,39.50864],[-94.4969,39.50944],[-94.49631,39.51013],[-94.49584,39.51038],[-94.49049,39.5117],[-94.48745,39.50997],[-94.48712,39.51021],[-94.48712,39.51062],[-94.48778,39.51169],[-94.48975,39.51288],[-94.49528,39.51182],[-94.49468,39.51234],[-94.49355,39.51291],[-94.49319,39.51334],[-94.49329,39.51396],[-94.49437,39.51454],[-94.49488,39.51504],[-94.495,39.51542],[-94.49468,39.51627],[-94.49362,39.51686],[-94.49158,39.51739],[-94.49051,39.51743],[-94.48897,39.51717],[-94.48846,39.51771],[-94.48848,39.51815],[-94.48854,39.51828],[-94.4913,39.51788],[-94.49433,39.517],[-94.49513,39.51658],[-94.49582,39.51542],[-94.49667,39.51461],[-94.49865,39.51399],[-94.49948,39.51399],[-94.50098,39.5146],[-94.50121,39.51444],[-94.50175,39.51251],[-94.50172,39.51096],[-94.50045,39.50981],[-94.50042,39.50954],[-94.50069,39.50906],[-94.50164,39.50867],[-94.50249,39.50874],[-94.50356,39.50908],[-94.50381,39.50938],[-94.50574,39.50945],[-94.50679,39.50843],[-94.50686,39.50715],[-94.50642,39.50569],[-94.50564,39.50497],[-94.50599,39.50459],[-94.50635,39.50469],[-94.50637,39.5052],[-94.50658,39.50543],[-94.50711,39.50529],[-94.50731,39.50501],[-94.50758,39.50417],[-94.50734,39.50373],[-94.50829,39.50341],[-94.50846,39.50284],[-94.50794,39.50247],[-94.50815,39.50182],[-94.50802,39.5],[-94.5093,39.49901],[-94.50912,39.49835],[-94.50939,39.4976],[-94.50965,39.49741],[-94.51077,39.49748],[-94.51089,39.497],[-94.51077,39.49622],[-94.51024,39.49522],[-94.51051,39.49375],[-94.51039,39.49238],[-94.50977,39.49155],[-94.50969,39.49059],[-94.50924,39.48979],[-94.50886,39.4881],[-94.50881,39.48693],[-94.50907,39.48659],[-94.50969,39.48652],[-94.5109,39.48769],[-94.51143,39.4876],[-94.51129,39.48705],[-94.51132,39.48588],[-94.51158,39.4857],[-94.51253,39.48634],[-94.51394,39.48691],[-94.51418,39.48721],[-94.51521,39.48737],[-94.51557,39.48758],[-94.51589,39.48838],[-94.51663,39.48936],[-94.51692,39.4903],[-94.51716,39.49058],[-94.51757,39.49051],[-94.51728,39.48895],[-94.5174,39.48772],[-94.51802,39.48721],[-94.5187,39.48635],[-94.52012,39.48637],[-94.52118,39.48605],[-94.52275,39.48484],[-94.52369,39.48472],[-94.52348,39.48531],[-94.52394,39.48666],[-94.52387,39.48824],[-94.51965,39.48825],[-94.5196,39.49188],[-94.51866,39.49908],[-94.5186,39.50126],[-94.51899,39.50141],[-94.52599,39.50129],[-94.52658,39.50377],[-94.52763,39.50699],[-94.52918,39.51099],[-94.52995,39.51252],[-94.52804,39.5134],[-94.52454,39.51356],[-94.52428,39.51377],[-94.52421,39.51415],[-94.52421,39.52457],[-94.52452,39.52478],[-94.52823,39.52478],[-94.52872,39.52517],[-94.52844,39.53008],[-94.52828,39.53987],[-94.60124,39.54051],[-94.60117,39.49212],[-94.60641,39.49235],[-94.60658,39.4916],[-94.6066,39.48887],[-94.60893,39.48882],[-94.60877,39.48716],[-94.62649,39.48706],[-94.62829,39.47042]]]}},{"type":"Feature","properties":{"ZIP":"64493"},"geometry":{"type":"Polygon","coordinates":[[[-94.38884,39.67342],[-94.38884,39.67319],[-94.38829,39.67284],[-94.3872,39.67275],[-94.38675,39.67216],[-94.38699,39.67181],[-94.38633,39.6714],[-94.38709,39.67092],[-94.3873,39.6706],[-94.38729,39.66785],[-94.38716,39.6672],[-94.38674,39.66706],[-94.38603,39.66725],[-94.38541,39.66695],[-94.38512,39.66707],[-94.38354,39.66696],[-94.3834,39.66612],[-94.38228,39.66516],[-94.38166,39.66368],[-94.38112,39.66345],[-94.38029,39.66373],[-94.37996,39.66355],[-94.38093,39.66213],[-94.38172,39.66182],[-94.38288,39.66164],[-94.38303,39.66124],[-94.38292,39.66079],[-94.38349,39.66074],[-94.38353,39.66036],[-94.38339,39.65996],[-94.38061,39.65992],[-94.38038,39.65112],[-94.38,39.65065],[-94.37925,39.65042],[-94.37848,39.64987],[-94.3773,39.64938],[-94.37771,39.64844],[-94.37897,39.64677],[-94.3788,39.64662],[-94.37776,39.64661],[-94.37699,39.64622],[-94.37688,39.64606],[-94.37695,39.64519],[-94.38202,39.64491],[-94.37519,39.64478],[-94.37473,39.64498],[-94.37469,39.64064],[-94.37489,39.63736],[-94.3749,39.62204],[-94.3756,39.62208],[-94.37621,39.62249],[-94.3762,39.6228],[-94.37655,39.62302],[-94.37708,39.62303],[-94.37748,39.62276],[-94.37837,39.62164],[-94.37841,39.6213],[-94.37819,39.62102],[-94.37744,39.62079],[-94.37722,39.62043],[-94.37732,39.62],[-94.37796,39.6197],[-94.37869,39.61977],[-94.3789,39.61964],[-94.37849,39.61886],[-94.37856,39.61858],[-94.37924,39.61864],[-94.38017,39.61929],[-94.38038,39.61925],[-94.38052,39.61835],[-94.37983,39.61643],[-94.38203,39.61577],[-94.38227,39.61553],[-94.38253,39.61407],[-94.38303,39.61375],[-94.38468,39.61327],[-94.38497,39.61306],[-94.38497,39.61274],[-94.38354,39.6114],[-94.38309,39.6111],[-94.38162,39.61059],[-94.38177,39.60997],[-94.38206,39.60957],[-94.38287,39.60897],[-94.38321,39.60852],[-94.38426,39.60788],[-94.38507,39.60657],[-94.38631,39.60588],[-94.38721,39.60507],[-94.38789,39.60467],[-94.38715,39.60428],[-94.38698,39.60372],[-94.38633,39.60397],[-94.38584,39.60316],[-94.38498,39.60253],[-94.38466,39.6021],[-94.38327,39.60208],[-94.38127,39.60072],[-94.37059,39.60075],[-94.37051,39.61559],[-94.36582,39.61559],[-94.36136,39.61528],[-94.35947,39.61543],[-94.33727,39.61541],[-94.3374,39.60075],[-94.31848,39.60074],[-94.31823,39.60782],[-94.31144,39.60773],[-94.31137,39.58721],[-94.31035,39.58786],[-94.31058,39.58832],[-94.31049,39.58845],[-94.31023,39.58844],[-94.30994,39.58818],[-94.3096,39.58826],[-94.30956,39.58898],[-94.30942,39.58915],[-94.31028,39.59005],[-94.31014,39.59076],[-94.31034,39.59163],[-94.31071,39.59192],[-94.31124,39.59193],[-94.31133,39.59212],[-94.31083,39.59311],[-94.31039,39.59342],[-94.31009,39.59402],[-94.31006,39.59464],[-94.30961,39.59511],[-94.30948,39.59547],[-94.30759,39.59676],[-94.30756,39.59758],[-94.30818,39.59791],[-94.30823,39.59808],[-94.30774,39.59866],[-94.30633,39.59958],[-94.30631,39.60062],[-94.30469,39.60138],[-94.30398,39.60145],[-94.30182,39.60107],[-94.30111,39.60066],[-94.30006,39.60068],[-94.29803,39.60152],[-94.29796,39.60165],[-94.29821,39.60214],[-94.2976,39.60255],[-94.29602,39.60256],[-94.29596,39.60338],[-94.29582,39.60355],[-94.29557,39.60357],[-94.29489,39.6031],[-94.2946,39.60312],[-94.29447,39.60333],[-94.2948,39.60401],[-94.29465,39.60432],[-94.29412,39.60433],[-94.29263,39.60386],[-94.29225,39.60436],[-94.29233,39.60486],[-94.29255,39.60506],[-94.29321,39.6052],[-94.29351,39.60546],[-94.29346,39.60621],[-94.29322,39.60652],[-94.29321,39.60706],[-94.29303,39.60735],[-94.29215,39.60749],[-94.29194,39.60771],[-94.28685,39.6077],[-94.2869,39.60049],[-94.25419,39.60043],[-94.25383,39.60173],[-94.25376,39.60947],[-94.24968,39.60952],[-94.24996,39.60036],[-94.24437,39.60026],[-94.24461,39.59299],[-94.23513,39.59289],[-94.23524,39.58575],[-94.20731,39.58515],[-94.2068,39.61053],[-94.21316,39.61074],[-94.2255,39.61085],[-94.22561,39.61436],[-94.22867,39.61448],[-94.22896,39.61466],[-94.22875,39.61668],[-94.2299,39.61843],[-94.22985,39.62097],[-94.23863,39.62176],[-94.23828,39.64381],[-94.26169,39.64405],[-94.26117,39.65011],[-94.26153,39.65496],[-94.2661,39.65501],[-94.26609,39.65859],[-94.28041,39.65871],[-94.28037,39.66295],[-94.28107,39.66295],[-94.28107,39.66514],[-94.28501,39.66517],[-94.28501,39.6661],[-94.29512,39.6662],[-94.29513,39.66251],[-94.29913,39.66252],[-94.29918,39.6589],[-94.31707,39.65884],[-94.32028,39.65952],[-94.33744,39.65985],[-94.34644,39.65982],[-94.34624,39.67445],[-94.37446,39.67426],[-94.37442,39.68287],[-94.37517,39.68188],[-94.37618,39.68156],[-94.38464,39.68149],[-94.38737,39.68131],[-94.38816,39.68151],[-94.3884,39.68105],[-94.38843,39.67445],[-94.38801,39.67434],[-94.3879,39.67397],[-94.38823,39.67383],[-94.38819,39.67353],[-94.38884,39.67342]]]}},{"type":"Feature","properties":{"ZIP":"64637"},"geometry":{"type":"Polygon","coordinates":[[[-93.98331,39.58906],[-93.98331,39.58543],[-93.98287,39.58533],[-93.98238,39.58473],[-93.98112,39.58435],[-93.98114,39.58381],[-93.98055,39.58365],[-93.98011,39.58388],[-93.97976,39.58372],[-93.97904,39.58304],[-93.97872,39.58295],[-93.9788,39.5826],[-93.97836,39.58208],[-93.97782,39.58238],[-93.97743,39.58204],[-93.97715,39.58228],[-93.97678,39.58197],[-93.97626,39.58185],[-93.97468,39.58221],[-93.97379,39.58225],[-93.97316,39.58211],[-93.97343,39.56809],[-93.95728,39.56806],[-93.95188,39.56838],[-93.94507,39.56812],[-93.94525,39.56291],[-93.94564,39.5618],[-93.94537,39.5598],[-93.9454,39.55777],[-93.96164,39.55715],[-93.96432,39.55691],[-93.96893,39.55622],[-93.96871,39.55565],[-93.96774,39.55478],[-93.96765,39.55448],[-93.96691,39.55408],[-93.96682,39.55296],[-93.96648,39.55193],[-93.96498,39.55085],[-93.96482,39.54986],[-93.96428,39.54926],[-93.96429,39.54778],[-93.96411,39.54767],[-93.96341,39.54778],[-93.96313,39.54735],[-93.96299,39.54658],[-93.96314,39.54563],[-93.963,39.54535],[-93.96317,39.5451],[-93.96305,39.54444],[-93.96219,39.54306],[-93.96061,39.54143],[-93.96064,39.54091],[-93.96036,39.54057],[-93.96045,39.54023],[-93.95993,39.53967],[-93.95994,39.53891],[-93.96481,39.539],[-93.96512,39.52447],[-93.94634,39.52463],[-93.94632,39.51108],[-93.94652,39.50011],[-93.94635,39.49651],[-93.94656,39.49617],[-93.94669,39.4746],[-93.9084,39.47437],[-93.90836,39.46646],[-93.90829,39.46603],[-93.90769,39.46528],[-93.90753,39.46465],[-93.9083,39.46351],[-93.90837,39.46257],[-93.90675,39.46014],[-93.90521,39.45897],[-93.90433,39.45765],[-93.90504,39.45699],[-93.90587,39.45651],[-93.90735,39.45652],[-93.90812,39.45587],[-93.90826,39.45249],[-93.88415,39.4529],[-93.88414,39.45489],[-93.8764,39.4551],[-93.87585,39.45533],[-93.87464,39.45647],[-93.87417,39.45671],[-93.87018,39.45685],[-93.86993,39.45833],[-93.87033,39.46011],[-93.87043,39.462],[-93.86992,39.46534],[-93.86989,39.50873],[-93.8705,39.5423],[-93.87039,39.54365],[-93.87055,39.54384],[-93.87028,39.54417],[-93.87046,39.54574],[-93.87078,39.55475],[-93.87093,39.56348],[-93.87082,39.56722],[-93.87096,39.57656],[-93.84917,39.57652],[-93.84739,39.57666],[-93.84559,39.57701],[-93.84388,39.57752],[-93.84435,39.57833],[-93.84432,39.58376],[-93.84284,39.58376],[-93.84375,39.5856],[-93.84577,39.58781],[-93.84643,39.59031],[-93.84719,39.59203],[-93.84783,39.59235],[-93.85072,39.59275],[-93.85123,39.59304],[-93.85244,39.59529],[-93.85264,39.59822],[-93.86809,39.59832],[-93.87432,39.59816],[-93.87431,39.59853],[-93.87361,39.5999],[-93.87386,39.60042],[-93.87387,39.60178],[-93.87338,39.60288],[-93.87373,39.60304],[-93.8739,39.60359],[-93.87341,39.60382],[-93.87261,39.60378],[-93.8724,39.60423],[-93.87196,39.60408],[-93.87187,39.6042],[-93.87209,39.60461],[-93.87161,39.60483],[-93.87146,39.60517],[-93.87079,39.60526],[-93.87045,39.63821],[-93.88,39.63844],[-93.87987,39.64159],[-93.87742,39.64159],[-93.87745,39.64219],[-93.87801,39.6425],[-93.87834,39.64323],[-93.87866,39.64335],[-93.8785,39.64377],[-93.87819,39.64402],[-93.87802,39.64457],[-93.87813,39.64623],[-93.8773,39.647],[-93.87689,39.64707],[-93.87605,39.64756],[-93.8763,39.64777],[-93.87617,39.64788],[-93.87507,39.64793],[-93.87471,39.64815],[-93.87435,39.64876],[-93.87416,39.64963],[-93.87355,39.64981],[-93.87301,39.64935],[-93.8722,39.64924],[-93.87187,39.64928],[-93.87172,39.64958],[-93.87126,39.64956],[-93.87098,39.65002],[-93.87072,39.64998],[-93.87058,39.64972],[-93.87027,39.64978],[-93.87024,39.65128],[-93.86603,39.65115],[-93.86588,39.65551],[-93.86112,39.65564],[-93.86085,39.66939],[-93.86008,39.67147],[-93.85828,39.67247],[-93.85832,39.6734],[-93.85853,39.67372],[-93.85918,39.67408],[-93.86168,39.67372],[-93.86229,39.67388],[-93.86259,39.67425],[-93.86262,39.67471],[-93.8622,39.6756],[-93.8624,39.67603],[-93.86299,39.67642],[-93.8636,39.67638],[-93.86614,39.67527],[-93.86803,39.6746],[-93.86862,39.67453],[-93.86944,39.67504],[-93.86977,39.67607],[-93.86979,39.67679],[-93.86998,39.67714],[-93.86996,39.67675],[-93.87088,39.67775],[-93.87177,39.67814],[-93.87223,39.67815],[-93.87439,39.67667],[-93.87474,39.67614],[-93.87711,39.67584],[-93.87836,39.67457],[-93.87904,39.67419],[-93.88383,39.67509],[-93.88433,39.67501],[-93.8848,39.67468],[-93.88592,39.67468],[-93.88749,39.67304],[-93.88813,39.67211],[-93.88859,39.67191],[-93.88935,39.67197],[-93.89051,39.67251],[-93.89138,39.67313],[-93.89212,39.67419],[-93.89271,39.67442],[-93.89358,39.67421],[-93.8952,39.67308],[-93.89654,39.6716],[-93.89746,39.67159],[-93.89889,39.67205],[-93.89977,39.67196],[-93.90034,39.67165],[-93.90069,39.67117],[-93.90127,39.66918],[-93.90228,39.6668],[-93.90294,39.66779],[-93.90295,39.67061],[-93.9157,39.67048],[-93.91733,39.67108],[-93.92716,39.65716],[-93.92988,39.65358],[-93.93058,39.6529],[-93.93117,39.65325],[-93.93119,39.65347],[-93.93156,39.65327],[-93.93193,39.65329],[-93.9329,39.65407],[-93.93333,39.65405],[-93.93333,39.65472],[-93.93449,39.65494],[-93.93513,39.65603],[-93.93564,39.65637],[-93.93591,39.6569],[-93.9368,39.65766],[-93.93855,39.65762],[-93.93922,39.65733],[-93.93977,39.65732],[-93.94146,39.65781],[-93.94158,39.65902],[-93.94613,39.65903],[-93.94627,39.66369],[-93.95107,39.66368],[-93.95111,39.66338],[-93.95137,39.66322],[-93.96045,39.66318],[-93.96055,39.66337],[-93.96062,39.6704],[-93.97473,39.6704],[-93.97459,39.6617],[-93.975,39.66034],[-93.97495,39.65997],[-93.97446,39.65908],[-93.97426,39.64657],[-93.97306,39.64543],[-93.97311,39.64315],[-93.97348,39.64359],[-93.9733,39.64441],[-93.97339,39.64535],[-93.97374,39.64566],[-93.97472,39.64598],[-93.97571,39.64656],[-93.97627,39.64663],[-93.97701,39.64646],[-93.97851,39.64546],[-93.97892,39.64499],[-93.97902,39.64458],[-93.97892,39.64431],[-93.97769,39.64379],[-93.97706,39.64299],[-93.97607,39.63994],[-93.97571,39.63724],[-93.97582,39.637],[-93.97617,39.63688],[-93.97922,39.63678],[-93.97996,39.6363],[-93.98008,39.63563],[-93.97988,39.63541],[-93.97838,39.63574],[-93.97808,39.63561],[-93.9782,39.63502],[-93.97802,39.63405],[-93.97911,39.63347],[-93.97807,39.63331],[-93.97743,39.63266],[-93.97711,39.63175],[-93.97731,39.63036],[-93.97747,39.63014],[-93.97816,39.6299],[-93.97863,39.62843],[-93.9795,39.62813],[-93.98001,39.62702],[-93.98062,39.62677],[-93.98092,39.62641],[-93.98272,39.62599],[-93.98264,39.62548],[-93.98237,39.62544],[-93.98179,39.62468],[-93.98215,39.62431],[-93.98215,39.62411],[-93.98161,39.62369],[-93.98195,39.62363],[-93.98239,39.62405],[-93.98299,39.62412],[-93.98305,39.6239],[-93.98331,39.58906]]]}},{"type":"Feature","properties":{"ZIP":"64650"},"geometry":{"type":"Polygon","coordinates":[[[-94.17137,39.61612],[-94.17123,39.61591],[-94.17099,39.61587],[-94.17094,39.61565],[-94.17059,39.61558],[-94.17108,39.61516],[-94.17079,39.61481],[-94.171,39.61474],[-94.17093,39.61453],[-94.17107,39.61445],[-94.17077,39.61392],[-94.15718,39.61392],[-94.15724,39.61402],[-94.15067,39.61366],[-94.14077,39.61373],[-94.14034,39.61361],[-94.12336,39.61328],[-94.12333,39.61011],[-94.12363,39.60958],[-94.12337,39.60409],[-94.12389,39.60331],[-94.12415,39.60316],[-94.12377,39.60292],[-94.12382,39.60271],[-94.12411,39.60249],[-94.12508,39.60248],[-94.12522,39.60214],[-94.12499,39.60176],[-94.12497,39.60132],[-94.12421,39.60063],[-94.12417,39.60029],[-94.12364,39.60037],[-94.12363,39.5998],[-94.12424,39.59946],[-94.12412,39.59932],[-94.12346,39.59924],[-94.12329,39.59834],[-94.12284,39.59744],[-94.12232,39.59722],[-94.12229,39.59676],[-94.12138,39.5962],[-94.12124,39.59563],[-94.12053,39.59555],[-94.11864,39.59578],[-94.11815,39.59557],[-94.11811,39.59507],[-94.1163,39.59494],[-94.11487,39.5951],[-94.11423,39.59577],[-94.11424,39.59635],[-94.11449,39.59658],[-94.1143,39.59671],[-94.1134,39.59672],[-94.11302,39.59765],[-94.11209,39.59761],[-94.1119,39.59753],[-94.11194,39.59718],[-94.11149,39.59699],[-94.11115,39.59637],[-94.11067,39.59602],[-94.11071,39.59568],[-94.11034,39.5954],[-94.10912,39.59583],[-94.10904,39.59658],[-94.10869,39.59665],[-94.10861,39.59654],[-94.10853,39.59668],[-94.10842,39.59767],[-94.10854,39.59809],[-94.10907,39.59861],[-94.10932,39.59866],[-94.10902,39.59891],[-94.1094,39.59901],[-94.10958,39.59943],[-94.11044,39.59973],[-94.11,39.60038],[-94.11009,39.60064],[-94.11038,39.60066],[-94.11015,39.60109],[-94.11069,39.6014],[-94.11093,39.60165],[-94.11088,39.60199],[-94.11126,39.60216],[-94.11128,39.60239],[-94.11104,39.60271],[-94.11155,39.60291],[-94.11191,39.60323],[-94.11154,39.60387],[-94.11199,39.60423],[-94.11198,39.60446],[-94.11223,39.60456],[-94.11222,39.60475],[-94.1125,39.60487],[-94.11293,39.60576],[-94.11342,39.60588],[-94.11374,39.60682],[-94.11417,39.6069],[-94.11446,39.6131],[-94.11347,39.61307],[-94.11376,39.62041],[-94.11354,39.62403],[-94.11127,39.63038],[-94.11054,39.63131],[-94.11006,39.634],[-94.10972,39.63469],[-94.10886,39.63571],[-94.10764,39.63485],[-94.10725,39.63489],[-94.1062,39.63427],[-94.10535,39.634],[-94.10434,39.63257],[-94.10412,39.63178],[-94.103,39.63096],[-94.10125,39.63045],[-94.09965,39.6294],[-94.09919,39.62876],[-94.09808,39.62834],[-94.09699,39.62821],[-94.09606,39.62684],[-94.09507,39.6264],[-94.0945,39.62591],[-94.0939,39.62581],[-94.0929,39.62593],[-94.09262,39.6257],[-94.09171,39.62585],[-94.08759,39.62356],[-94.08593,39.62368],[-94.08418,39.62356],[-94.08117,39.624],[-94.08034,39.62359],[-94.08003,39.62361],[-94.07992,39.62386],[-94.07934,39.62423],[-94.07841,39.62425],[-94.0777,39.62456],[-94.07673,39.6242],[-94.07529,39.62424],[-94.0748,39.62407],[-94.07421,39.62411],[-94.07376,39.62442],[-94.07325,39.62443],[-94.07243,39.62426],[-94.07194,39.6239],[-94.0718,39.62355],[-94.07199,39.62265],[-94.0713,39.6223],[-94.07074,39.62221],[-94.07042,39.6225],[-94.06718,39.62241],[-94.06726,39.61891],[-94.06137,39.61879],[-94.06142,39.61221],[-94.03747,39.61209],[-94.03721,39.60983],[-94.03777,39.60908],[-94.03798,39.60842],[-94.03775,39.60796],[-94.03787,39.60747],[-94.03766,39.60691],[-94.03621,39.60616],[-94.0362,39.60551],[-94.03554,39.6053],[-94.03553,39.60438],[-94.03505,39.60369],[-94.03464,39.6034],[-94.03452,39.6029],[-94.0341,39.60292],[-94.03415,39.60242],[-94.0345,39.60188],[-94.03452,39.60044],[-94.03434,39.60019],[-94.0346,39.59912],[-94.03377,39.59905],[-94.0337,39.59883],[-94.0339,39.59875],[-94.03388,39.59853],[-94.03355,39.59844],[-94.03343,39.59816],[-94.03401,39.59799],[-94.03413,39.59674],[-94.03349,39.5964],[-94.03327,39.59685],[-94.03291,39.59689],[-94.03272,39.59658],[-94.033,39.59617],[-94.03266,39.596],[-94.03239,39.59553],[-94.03193,39.59543],[-94.0322,39.59496],[-94.03281,39.59486],[-94.03265,39.59448],[-94.03307,39.59434],[-94.03308,39.59401],[-94.03351,39.59316],[-94.03339,39.59306],[-94.03296,39.59323],[-94.03295,39.59286],[-94.03317,39.59271],[-94.03321,39.59238],[-94.03352,39.59252],[-94.03375,39.59235],[-94.03276,39.59169],[-94.03317,39.59092],[-94.03353,39.59071],[-94.03406,39.59067],[-94.03406,39.58935],[-94.03354,39.58909],[-94.03352,39.58866],[-94.03258,39.58878],[-94.03245,39.58857],[-94.03268,39.58824],[-94.03274,39.58771],[-94.03367,39.5872],[-94.03365,39.58704],[-94.03345,39.58701],[-94.03341,39.58721],[-94.03315,39.58723],[-94.03278,39.58689],[-94.03273,39.58664],[-94.03346,39.58546],[-94.03427,39.58487],[-94.03408,39.58467],[-94.0345,39.58419],[-94.03438,39.5839],[-94.03464,39.58369],[-94.03453,39.58318],[-94.02074,39.58278],[-94.02089,39.57571],[-94.0203,39.57596],[-94.02006,39.57645],[-94.01971,39.57661],[-94.01982,39.57715],[-94.01945,39.57722],[-94.01917,39.57773],[-94.01884,39.57773],[-94.01863,39.5781],[-94.01825,39.5782],[-94.01814,39.57846],[-94.0175,39.57895],[-94.01619,39.57881],[-94.01597,39.57894],[-94.0159,39.57925],[-94.01531,39.57924],[-94.01461,39.57979],[-94.01409,39.57954],[-94.01375,39.57968],[-94.01344,39.57952],[-94.01282,39.57964],[-94.01267,39.57996],[-94.01238,39.57984],[-94.01226,39.58005],[-94.01096,39.5801],[-94.01044,39.58026],[-94.01027,39.58062],[-94.00959,39.58071],[-94.00934,39.58104],[-94.00885,39.58099],[-94.00859,39.58122],[-94.0081,39.58104],[-94.00778,39.58127],[-94.00795,39.58156],[-94.00608,39.58191],[-94.00568,39.58232],[-94.005,39.58224],[-94.00449,39.58199],[-94.00417,39.5824],[-94.0037,39.5825],[-94.00364,39.58272],[-94.00396,39.58276],[-94.00401,39.58298],[-94.00301,39.5828],[-94.00238,39.58331],[-94.00155,39.58324],[-94.00122,39.58299],[-94.00056,39.58299],[-94.00025,39.5833],[-93.99999,39.58322],[-93.99972,39.58344],[-93.99916,39.58333],[-93.99869,39.58351],[-93.9984,39.58273],[-93.99892,39.58212],[-93.999,39.58133],[-93.99836,39.58014],[-93.99846,39.5793],[-93.99763,39.57843],[-93.99742,39.5778],[-93.9969,39.57723],[-93.99699,39.57687],[-93.99659,39.57673],[-93.99669,39.57544],[-93.99518,39.57423],[-93.98733,39.58293],[-93.98542,39.58563],[-93.98384,39.58819],[-93.98331,39.5896],[-93.98305,39.6239],[-93.98299,39.62412],[-93.98239,39.62405],[-93.98195,39.62363],[-93.98161,39.62369],[-93.98215,39.62411],[-93.98215,39.62431],[-93.98179,39.62468],[-93.98237,39.62544],[-93.98264,39.62548],[-93.98272,39.62599],[-93.98092,39.62641],[-93.98062,39.62677],[-93.98001,39.62702],[-93.9795,39.62813],[-93.97863,39.62843],[-93.97816,39.6299],[-93.97747,39.63014],[-93.97731,39.63036],[-93.97711,39.63175],[-93.97743,39.63266],[-93.97807,39.63331],[-93.97911,39.63347],[-93.97802,39.63405],[-93.9782,39.63502],[-93.97808,39.63561],[-93.97838,39.63574],[-93.97988,39.63541],[-93.98008,39.63563],[-93.97996,39.6363],[-93.97922,39.63678],[-93.97617,39.63688],[-93.97582,39.637],[-93.97571,39.63724],[-93.97607,39.63994],[-93.97706,39.64299],[-93.97769,39.64379],[-93.97892,39.64431],[-93.97902,39.64458],[-93.97892,39.64499],[-93.97851,39.64546],[-93.97701,39.64646],[-93.97627,39.64663],[-93.97571,39.64656],[-93.97472,39.64598],[-93.97374,39.64566],[-93.97339,39.64535],[-93.9733,39.64441],[-93.97348,39.64359],[-93.97311,39.64315],[-93.97306,39.64543],[-93.97426,39.64657],[-93.97446,39.65908],[-93.97495,39.65997],[-93.975,39.66034],[-93.97459,39.6617],[-93.97473,39.6704],[-93.98354,39.67029],[-93.98349,39.66664],[-93.98378,39.66632],[-93.99282,39.6663],[-93.99682,39.66707],[-93.99954,39.6666],[-94.00313,39.66659],[-94.00223,39.66792],[-94.00148,39.66971],[-94.00112,39.67386],[-94.00115,39.6743],[-94.0015,39.6751],[-94.00111,39.67669],[-94.00202,39.67811],[-94.00186,39.6802],[-94.00248,39.68109],[-94.00257,39.68476],[-94.00552,39.68422],[-94.00709,39.68418],[-94.00842,39.68432],[-94.0103,39.68481],[-94.01131,39.68485],[-94.01244,39.68461],[-94.01235,39.68395],[-94.02107,39.68406],[-94.02117,39.69064],[-94.02298,39.69091],[-94.02439,39.69089],[-94.02512,39.69197],[-94.02841,39.68951],[-94.02917,39.68852],[-94.02966,39.68741],[-94.02982,39.68622],[-94.02982,39.67544],[-94.03032,39.67371],[-94.03233,39.66979],[-94.05432,39.66968],[-94.05525,39.6667],[-94.05544,39.66485],[-94.05577,39.66433],[-94.05602,39.66422],[-94.05694,39.6648],[-94.05708,39.66537],[-94.05756,39.66585],[-94.05776,39.66648],[-94.05892,39.66702],[-94.05934,39.66792],[-94.05877,39.66793],[-94.05861,39.66817],[-94.05964,39.66875],[-94.05979,39.6691],[-94.06037,39.66962],[-94.0607,39.67015],[-94.06049,39.67054],[-94.06073,39.67085],[-94.06222,39.67114],[-94.06329,39.67202],[-94.06393,39.67202],[-94.06493,39.67272],[-94.06624,39.67296],[-94.06624,39.67698],[-94.07063,39.67707],[-94.07062,39.6843],[-94.0757,39.68436],[-94.07571,39.68389],[-94.07599,39.68374],[-94.07571,39.68312],[-94.07661,39.68167],[-94.07685,39.68051],[-94.0772,39.68005],[-94.07753,39.67862],[-94.07781,39.67813],[-94.07813,39.67668],[-94.07795,39.67545],[-94.07765,39.67497],[-94.07749,39.67497],[-94.07752,39.6746],[-94.07716,39.67384],[-94.07745,39.67288],[-94.07824,39.67231],[-94.0781,39.67162],[-94.07892,39.67127],[-94.07826,39.67054],[-94.07822,39.67001],[-94.09103,39.67015],[-94.09148,39.67026],[-94.09195,39.67068],[-94.09251,39.67081],[-94.09443,39.6703],[-94.12172,39.67129],[-94.12318,39.67107],[-94.13151,39.67118],[-94.13159,39.66398],[-94.14908,39.66431],[-94.14918,39.6497],[-94.14966,39.64348],[-94.14975,39.63949],[-94.14914,39.63919],[-94.14842,39.63938],[-94.14804,39.63898],[-94.14754,39.63877],[-94.14663,39.63876],[-94.14619,39.63854],[-94.14624,39.63825],[-94.14655,39.6383],[-94.14678,39.63798],[-94.14689,39.63716],[-94.14663,39.63504],[-94.14705,39.63381],[-94.14732,39.63356],[-94.14827,39.63347],[-94.14933,39.63303],[-94.14947,39.63209],[-94.14926,39.63147],[-94.15007,39.63072],[-94.14992,39.63017],[-94.15009,39.63],[-94.15271,39.63003],[-94.15356,39.62948],[-94.15365,39.62928],[-94.15338,39.62887],[-94.15412,39.62816],[-94.15369,39.62794],[-94.15376,39.62763],[-94.15444,39.62762],[-94.15468,39.62716],[-94.15587,39.62666],[-94.1562,39.62632],[-94.15675,39.62637],[-94.15822,39.62599],[-94.15958,39.62478],[-94.15981,39.62485],[-94.16,39.62552],[-94.1604,39.62541],[-94.16102,39.62559],[-94.16127,39.62528],[-94.16105,39.62478],[-94.16132,39.62447],[-94.16214,39.62418],[-94.16231,39.62419],[-94.16249,39.62454],[-94.16282,39.62453],[-94.16357,39.62414],[-94.16461,39.62321],[-94.16559,39.62296],[-94.16585,39.6225],[-94.1656,39.62201],[-94.16572,39.62166],[-94.16654,39.62175],[-94.16679,39.62163],[-94.16695,39.6211],[-94.16728,39.62082],[-94.16887,39.62052],[-94.16894,39.61991],[-94.1692,39.61967],[-94.16889,39.61883],[-94.16956,39.61822],[-94.17018,39.61801],[-94.16981,39.61749],[-94.16991,39.61714],[-94.17046,39.61709],[-94.17096,39.61646],[-94.17118,39.61648],[-94.17118,39.61622],[-94.17137,39.61612]]]}},{"type":"Feature","properties":{"ZIP":"64671"},"geometry":{"type":"Polygon","coordinates":[[[-94.16627,39.55718],[-94.16633,39.55513],[-94.15699,39.5551],[-94.15722,39.54813],[-94.1635,39.54804],[-94.16351,39.54769],[-94.16422,39.54637],[-94.16426,39.54549],[-94.16413,39.54537],[-94.1643,39.54511],[-94.16393,39.54449],[-94.16379,39.54387],[-94.1638,39.5417],[-94.164,39.54137],[-94.16376,39.54101],[-94.16405,39.54078],[-94.1648,39.54066],[-94.16486,39.53984],[-94.16471,39.53963],[-94.16427,39.53959],[-94.16374,39.53989],[-94.16283,39.53943],[-94.16249,39.53903],[-94.16264,39.53824],[-94.16184,39.53757],[-94.16154,39.53756],[-94.16121,39.5384],[-94.1605,39.53897],[-94.15941,39.53939],[-94.15899,39.53938],[-94.15849,39.53905],[-94.15836,39.53868],[-94.15835,39.53759],[-94.15871,39.53662],[-94.15864,39.53636],[-94.15766,39.53598],[-94.15649,39.53581],[-94.15465,39.53497],[-94.15448,39.53442],[-94.1548,39.5336],[-94.15624,39.53224],[-94.15642,39.53189],[-94.15636,39.53167],[-94.15532,39.53105],[-94.15467,39.53028],[-94.15472,39.52986],[-94.15545,39.52868],[-94.15549,39.52786],[-94.15525,39.52773],[-94.15345,39.52773],[-94.15333,39.52623],[-94.09188,39.52588],[-94.09192,39.51918],[-94.08708,39.51911],[-94.08715,39.51549],[-94.08245,39.51542],[-94.0825,39.51179],[-94.09019,39.51191],[-94.09031,39.50823],[-94.08729,39.50818],[-94.08743,39.50082],[-94.08274,39.50073],[-94.08302,39.48979],[-94.08161,39.48978],[-94.08143,39.48382],[-94.08467,39.48395],[-94.08535,39.48166],[-94.08674,39.48122],[-94.08703,39.48061],[-94.08686,39.48031],[-94.0865,39.48015],[-94.08494,39.4798],[-94.08435,39.47926],[-94.08393,39.47868],[-94.08378,39.47807],[-94.08402,39.47731],[-94.08443,39.47699],[-94.08538,39.47701],[-94.08807,39.47802],[-94.08874,39.47852],[-94.08904,39.47857],[-94.09013,39.47779],[-94.09022,39.47754],[-94.08913,39.47605],[-94.08907,39.47562],[-94.08939,39.47568],[-94.09161,39.47729],[-94.09297,39.47708],[-94.09397,39.47712],[-94.09627,39.47751],[-94.09696,39.47786],[-94.09694,39.48264],[-94.10206,39.48268],[-94.10189,39.47559],[-94.09724,39.46851],[-94.09732,39.46026],[-94.09006,39.4603],[-94.09004,39.45896],[-94.09283,39.45881],[-94.09428,39.45851],[-94.09851,39.45743],[-94.10073,39.4564],[-94.10025,39.45543],[-94.10034,39.45419],[-94.10022,39.45339],[-94.09986,39.45293],[-94.09916,39.45277],[-94.09883,39.4525],[-94.09883,39.45204],[-94.09904,39.45172],[-94.09936,39.45142],[-94.10025,39.45115],[-94.10048,39.45083],[-94.10039,39.45046],[-94.09983,39.4495],[-94.09768,39.44907],[-94.09738,39.44879],[-94.09738,39.44856],[-94.09886,39.44808],[-94.10131,39.44602],[-94.10148,39.44579],[-94.10139,39.44538],[-94.09948,39.44492],[-94.098,39.44339],[-94.09425,39.44193],[-94.09254,39.44044],[-94.09153,39.43923],[-94.09153,39.43904],[-94.08977,39.4391],[-94.08902,39.44239],[-94.08878,39.44277],[-94.08594,39.44324],[-94.08403,39.44328],[-94.08297,39.44369],[-94.08149,39.44351],[-94.08083,39.44361],[-94.07978,39.44439],[-94.07857,39.4448],[-94.07741,39.44562],[-94.07479,39.44592],[-94.07028,39.44795],[-94.06998,39.44829],[-94.06996,39.44933],[-94.06972,39.44954],[-94.06524,39.44948],[-94.06524,39.44584],[-94.06026,39.44569],[-94.06037,39.45296],[-94.05131,39.45284],[-94.05097,39.45296],[-94.0507,39.46372],[-94.00881,39.46313],[-94.00886,39.45923],[-94.00425,39.4592],[-94.00417,39.45215],[-94.00303,39.4523],[-93.99956,39.45226],[-93.98894,39.44777],[-93.98775,39.44845],[-93.98586,39.45146],[-93.98564,39.45233],[-93.97374,39.45246],[-93.97423,39.4532],[-93.97311,39.45386],[-93.97132,39.45457],[-93.97039,39.45543],[-93.9695,39.45531],[-93.96812,39.45562],[-93.96656,39.4556],[-93.96437,39.45633],[-93.96283,39.45617],[-93.96156,39.45625],[-93.96144,39.45697],[-93.9608,39.45802],[-93.96069,39.45884],[-93.9601,39.45984],[-93.9607,39.46084],[-93.96066,39.47047],[-93.96033,39.47067],[-93.95797,39.47072],[-93.95787,39.47092],[-93.95789,39.48031],[-93.95802,39.48173],[-93.95764,39.48233],[-93.95816,39.48329],[-93.95817,39.4836],[-93.95797,39.48389],[-93.95735,39.48375],[-93.95637,39.48186],[-93.95186,39.48042],[-93.9503,39.47893],[-93.94852,39.47772],[-93.94808,39.47712],[-93.94763,39.47525],[-93.94669,39.4746],[-93.94656,39.49617],[-93.94635,39.49651],[-93.94652,39.50011],[-93.94632,39.51108],[-93.94634,39.52463],[-93.96512,39.52447],[-93.96481,39.539],[-93.95994,39.53891],[-93.95993,39.53967],[-93.96045,39.54023],[-93.96036,39.54057],[-93.96064,39.54091],[-93.96061,39.54143],[-93.96219,39.54306],[-93.96305,39.54444],[-93.96317,39.5451],[-93.963,39.54535],[-93.96314,39.54563],[-93.96299,39.54658],[-93.96313,39.54735],[-93.96341,39.54778],[-93.96411,39.54767],[-93.96429,39.54778],[-93.96428,39.54926],[-93.96482,39.54986],[-93.96498,39.55085],[-93.96648,39.55193],[-93.96682,39.55296],[-93.96691,39.55408],[-93.96765,39.55448],[-93.96774,39.55478],[-93.96871,39.55565],[-93.96893,39.55622],[-93.96432,39.55691],[-93.96164,39.55715],[-93.9454,39.55777],[-93.94537,39.5598],[-93.94564,39.5618],[-93.94525,39.56291],[-93.94507,39.56812],[-93.95188,39.56838],[-93.95728,39.56806],[-93.97343,39.56809],[-93.97316,39.58211],[-93.97379,39.58225],[-93.97468,39.58221],[-93.97626,39.58185],[-93.97678,39.58197],[-93.97715,39.58228],[-93.97743,39.58204],[-93.97782,39.58238],[-93.97836,39.58208],[-93.9788,39.5826],[-93.97872,39.58295],[-93.97904,39.58304],[-93.97976,39.58372],[-93.98011,39.58388],[-93.98055,39.58365],[-93.98114,39.58381],[-93.98112,39.58435],[-93.9826,39.58486],[-93.98287,39.58533],[-93.98331,39.58543],[-93.98331,39.5896],[-93.98384,39.58819],[-93.98542,39.58563],[-93.98733,39.58293],[-93.99518,39.57423],[-93.99669,39.57544],[-93.99659,39.57673],[-93.99699,39.57687],[-93.9969,39.57723],[-93.99742,39.5778],[-93.99763,39.57843],[-93.99846,39.5793],[-93.99836,39.58014],[-93.999,39.58133],[-93.99892,39.58212],[-93.9984,39.58273],[-93.99869,39.58351],[-93.99916,39.58333],[-93.99972,39.58344],[-93.99999,39.58322],[-94.00025,39.5833],[-94.00056,39.58299],[-94.00122,39.58299],[-94.00155,39.58324],[-94.00238,39.58331],[-94.00301,39.5828],[-94.00401,39.58298],[-94.00396,39.58276],[-94.00364,39.58272],[-94.0037,39.5825],[-94.00417,39.5824],[-94.00449,39.58199],[-94.005,39.58224],[-94.00568,39.58232],[-94.00608,39.58191],[-94.00795,39.58156],[-94.00778,39.58127],[-94.0081,39.58104],[-94.00859,39.58122],[-94.00885,39.58099],[-94.00934,39.58104],[-94.00959,39.58071],[-94.01027,39.58062],[-94.01044,39.58026],[-94.01096,39.5801],[-94.01226,39.58005],[-94.01238,39.57984],[-94.01267,39.57996],[-94.01282,39.57964],[-94.01344,39.57952],[-94.01375,39.57968],[-94.01409,39.57954],[-94.01461,39.57979],[-94.01531,39.57924],[-94.0159,39.57925],[-94.01597,39.57894],[-94.01619,39.57881],[-94.0175,39.57895],[-94.01814,39.57846],[-94.01825,39.5782],[-94.01863,39.5781],[-94.01884,39.57773],[-94.01917,39.57773],[-94.01945,39.57722],[-94.01982,39.57715],[-94.01971,39.57661],[-94.02006,39.57645],[-94.0203,39.57596],[-94.02089,39.57571],[-94.02074,39.58278],[-94.03453,39.58318],[-94.03463,39.5834],[-94.03464,39.58369],[-94.03438,39.5839],[-94.03449,39.58422],[-94.03408,39.58467],[-94.03427,39.58487],[-94.03346,39.58546],[-94.03273,39.58664],[-94.03278,39.58689],[-94.03315,39.58723],[-94.03341,39.58721],[-94.03345,39.58701],[-94.03369,39.5871],[-94.03337,39.58744],[-94.03274,39.58771],[-94.03245,39.58869],[-94.03311,39.58878],[-94.03352,39.58866],[-94.03354,39.58909],[-94.03406,39.58935],[-94.03409,39.59042],[-94.03397,39.59075],[-94.03353,39.59071],[-94.03317,39.59092],[-94.03276,39.59169],[-94.03375,39.59235],[-94.03352,39.59252],[-94.03321,39.59238],[-94.03317,39.59271],[-94.03295,39.59286],[-94.03296,39.59323],[-94.03339,39.59306],[-94.03351,39.59316],[-94.03308,39.59401],[-94.03307,39.59434],[-94.03265,39.59448],[-94.03281,39.59486],[-94.0322,39.59496],[-94.03193,39.59543],[-94.03239,39.59553],[-94.03266,39.596],[-94.033,39.59617],[-94.03272,39.59658],[-94.03291,39.59689],[-94.03327,39.59685],[-94.03349,39.5964],[-94.03413,39.59674],[-94.03401,39.59799],[-94.03343,39.59816],[-94.03355,39.59844],[-94.03388,39.59853],[-94.0339,39.59875],[-94.0337,39.59883],[-94.03377,39.59905],[-94.0346,39.59912],[-94.03434,39.60019],[-94.03452,39.60044],[-94.0345,39.60188],[-94.03415,39.60242],[-94.0341,39.60292],[-94.03452,39.6029],[-94.03464,39.6034],[-94.03505,39.60369],[-94.03553,39.60438],[-94.03554,39.6053],[-94.0362,39.60551],[-94.03621,39.60616],[-94.03766,39.60691],[-94.03787,39.60747],[-94.03775,39.60796],[-94.03798,39.60842],[-94.03777,39.60908],[-94.03721,39.60983],[-94.03747,39.61209],[-94.06142,39.61221],[-94.06137,39.61879],[-94.06726,39.61891],[-94.06718,39.62241],[-94.07042,39.6225],[-94.07074,39.62221],[-94.0713,39.6223],[-94.07199,39.62265],[-94.0718,39.62355],[-94.07194,39.6239],[-94.07243,39.62426],[-94.07325,39.62443],[-94.07376,39.62442],[-94.07421,39.62411],[-94.0748,39.62407],[-94.07529,39.62424],[-94.07673,39.6242],[-94.0777,39.62456],[-94.07841,39.62425],[-94.07934,39.62423],[-94.07992,39.62386],[-94.08003,39.62361],[-94.08034,39.62359],[-94.08117,39.624],[-94.08418,39.62356],[-94.08593,39.62368],[-94.08759,39.62356],[-94.09171,39.62585],[-94.09262,39.6257],[-94.0929,39.62593],[-94.0939,39.62581],[-94.0945,39.62591],[-94.09507,39.6264],[-94.09606,39.62684],[-94.09699,39.62821],[-94.09808,39.62834],[-94.09919,39.62876],[-94.09965,39.6294],[-94.10125,39.63045],[-94.103,39.63096],[-94.10412,39.63178],[-94.10434,39.63257],[-94.10535,39.634],[-94.1062,39.63427],[-94.10725,39.63489],[-94.10764,39.63485],[-94.10886,39.63571],[-94.10972,39.63469],[-94.11006,39.634],[-94.11054,39.63131],[-94.11127,39.63038],[-94.11354,39.62403],[-94.11376,39.62041],[-94.11347,39.61307],[-94.11446,39.6131],[-94.11417,39.6069],[-94.11374,39.60682],[-94.11342,39.60588],[-94.11293,39.60576],[-94.1125,39.60487],[-94.11222,39.60475],[-94.11223,39.60456],[-94.11198,39.60446],[-94.11199,39.60423],[-94.11154,39.60387],[-94.11191,39.60323],[-94.11155,39.60291],[-94.11104,39.60271],[-94.11128,39.60239],[-94.11126,39.60216],[-94.11088,39.60199],[-94.11093,39.60165],[-94.11069,39.6014],[-94.11015,39.60109],[-94.11038,39.60066],[-94.11009,39.60064],[-94.11,39.60038],[-94.11044,39.59973],[-94.10955,39.59941],[-94.1094,39.59901],[-94.10902,39.59891],[-94.10932,39.59866],[-94.10907,39.59861],[-94.10854,39.59809],[-94.10846,39.59687],[-94.10859,39.59655],[-94.10904,39.59658],[-94.10904,39.59599],[-94.10919,39.59578],[-94.11043,39.59539],[-94.11071,39.59568],[-94.11067,39.59602],[-94.11115,39.59637],[-94.11149,39.59699],[-94.11194,39.59718],[-94.1119,39.59753],[-94.11302,39.59765],[-94.1134,39.59672],[-94.1143,39.59671],[-94.11449,39.59658],[-94.11424,39.59635],[-94.11423,39.59577],[-94.11487,39.5951],[-94.11751,39.59498],[-94.11811,39.59507],[-94.11815,39.59557],[-94.11864,39.59578],[-94.12053,39.59555],[-94.12124,39.59563],[-94.12138,39.5962],[-94.12229,39.59676],[-94.12232,39.59722],[-94.12279,39.59738],[-94.12329,39.59834],[-94.12346,39.59924],[-94.12412,39.59932],[-94.12424,39.59946],[-94.12363,39.5998],[-94.12364,39.60037],[-94.12417,39.60029],[-94.12421,39.60063],[-94.12497,39.60132],[-94.12499,39.60176],[-94.12522,39.60214],[-94.12508,39.60248],[-94.12411,39.60249],[-94.12382,39.60271],[-94.12377,39.60292],[-94.12415,39.60316],[-94.12389,39.60331],[-94.12337,39.60409],[-94.12363,39.60958],[-94.12333,39.61011],[-94.12336,39.61328],[-94.14034,39.61361],[-94.14077,39.61373],[-94.15067,39.61366],[-94.15724,39.61402],[-94.15735,39.61374],[-94.15821,39.61372],[-94.1581,39.61327],[-94.15835,39.61305],[-94.15803,39.61274],[-94.1584,39.61227],[-94.15761,39.61205],[-94.15765,39.61149],[-94.15815,39.61103],[-94.15825,39.6106],[-94.15937,39.60984],[-94.16029,39.60885],[-94.16065,39.60877],[-94.16066,39.60852],[-94.16104,39.60836],[-94.1615,39.6078],[-94.16208,39.60752],[-94.16229,39.60692],[-94.1622,39.60666],[-94.16271,39.60611],[-94.16264,39.60563],[-94.16302,39.60547],[-94.16285,39.60491],[-94.16386,39.60427],[-94.16363,39.60401],[-94.16402,39.60367],[-94.16399,39.60327],[-94.16392,39.60304],[-94.16361,39.60304],[-94.16361,39.60282],[-94.16398,39.60267],[-94.16409,39.60239],[-94.1643,39.60247],[-94.16456,39.60217],[-94.1645,39.60196],[-94.16487,39.60194],[-94.16455,39.60168],[-94.16479,39.60148],[-94.16467,39.60133],[-94.16504,39.60139],[-94.16517,39.60117],[-94.16481,39.60009],[-94.16521,39.59976],[-94.16484,39.59939],[-94.16503,39.59917],[-94.16531,39.5993],[-94.16547,39.59904],[-94.16548,39.59858],[-94.16529,39.59843],[-94.16577,39.59807],[-94.16568,39.59776],[-94.16526,39.59787],[-94.16523,39.59755],[-94.1656,39.59728],[-94.16546,39.59704],[-94.16561,39.59674],[-94.16586,39.59664],[-94.16588,39.59639],[-94.16557,39.59562],[-94.16607,39.59565],[-94.16614,39.59541],[-94.16608,39.5952],[-94.15584,39.59508],[-94.15613,39.58644],[-94.15531,39.58587],[-94.15489,39.58537],[-94.15271,39.58475],[-94.15193,39.58427],[-94.15187,39.58396],[-94.15165,39.58381],[-94.15245,39.58306],[-94.15281,39.58293],[-94.15259,39.58286],[-94.15261,39.58242],[-94.153,39.58176],[-94.15355,39.58134],[-94.15402,39.58067],[-94.15552,39.58052],[-94.156,39.58022],[-94.15624,39.57985],[-94.15657,39.5698],[-94.16129,39.5698],[-94.16137,39.56658],[-94.15843,39.56657],[-94.15847,39.56029],[-94.16153,39.56032],[-94.16157,39.55896],[-94.16395,39.55898],[-94.16401,39.55715],[-94.16627,39.55718]]]}},{"type":"Feature","properties":{"ZIP":"64701"},"geometry":{"type":"Polygon","coordinates":[[[-94.4498,38.62834],[-94.44079,38.62181],[-94.44101,38.61636],[-94.44136,38.61615],[-94.44104,38.61588],[-94.44119,38.61273],[-94.44102,38.61246],[-94.44045,38.61209],[-94.44014,38.61235],[-94.4277,38.6121],[-94.42128,38.60742],[-94.42141,38.6049],[-94.42174,38.6047],[-94.42275,38.60471],[-94.42302,38.60444],[-94.42342,38.59763],[-94.42378,38.59747],[-94.42763,38.59758],[-94.42796,38.59739],[-94.42831,38.59056],[-94.42843,38.59043],[-94.43297,38.59046],[-94.4338,38.59025],[-94.43513,38.58954],[-94.43623,38.58927],[-94.44068,38.58906],[-94.44102,38.58928],[-94.44121,38.58908],[-94.44181,38.58902],[-94.44274,38.58804],[-94.44375,38.58801],[-94.44406,38.58786],[-94.44404,38.58749],[-94.4434,38.58662],[-94.44307,38.58584],[-94.44304,38.58394],[-94.44279,38.58343],[-94.44208,38.58303],[-94.4406,38.58294],[-94.44001,38.58272],[-94.43957,38.58222],[-94.43831,38.58138],[-94.43785,38.58081],[-94.43783,38.58007],[-94.43798,38.57975],[-94.43836,38.57951],[-94.43835,38.5792],[-94.4357,38.57885],[-94.43508,38.57838],[-94.43481,38.57786],[-94.43488,38.57757],[-94.43531,38.57719],[-94.43668,38.57688],[-94.43773,38.57645],[-94.43808,38.576],[-94.43812,38.57544],[-94.43783,38.5747],[-94.43712,38.57384],[-94.43536,38.56894],[-94.43097,38.55853],[-94.42955,38.55616],[-94.42716,38.55338],[-94.42294,38.5508],[-94.41794,38.54903],[-94.40685,38.54555],[-94.40454,38.54454],[-94.40274,38.54355],[-94.40084,38.54226],[-94.39821,38.53938],[-94.39665,38.53678],[-94.39422,38.53047],[-94.39105,38.52321],[-94.38889,38.52003],[-94.38835,38.51946],[-94.38581,38.5176],[-94.38295,38.51599],[-94.3801,38.51482],[-94.37438,38.51302],[-94.3659,38.50995],[-94.36455,38.50927],[-94.36145,38.50733],[-94.35871,38.50486],[-94.35678,38.50237],[-94.35383,38.49995],[-94.35264,38.49867],[-94.34807,38.49454],[-94.34535,38.49164],[-94.34348,38.49052],[-94.34115,38.48882],[-94.34124,38.49428],[-94.34088,38.49437],[-94.34108,38.50702],[-94.34128,38.50848],[-94.31885,38.50799],[-94.31591,38.51074],[-94.31604,38.51325],[-94.31665,38.51406],[-94.31756,38.51344],[-94.31807,38.51345],[-94.31933,38.5141],[-94.31942,38.51445],[-94.31872,38.515],[-94.31774,38.51745],[-94.31749,38.5176],[-94.31671,38.51762],[-94.31542,38.5183],[-94.31516,38.51874],[-94.31507,38.52042],[-94.31487,38.52076],[-94.3141,38.52113],[-94.31365,38.52109],[-94.31299,38.52128],[-94.31152,38.52239],[-94.30604,38.52224],[-94.30587,38.52209],[-94.30603,38.51882],[-94.30588,38.51861],[-94.30162,38.51849],[-94.30145,38.51838],[-94.30126,38.51854],[-94.2976,38.51848],[-94.29735,38.51867],[-94.29708,38.52207],[-94.29237,38.52202],[-94.2921,38.52219],[-94.2918,38.52931],[-94.28129,38.5291],[-94.28068,38.53862],[-94.27725,38.54355],[-94.28021,38.54597],[-94.27942,38.55795],[-94.28586,38.55816],[-94.28489,38.58149],[-94.28306,38.58202],[-94.28204,38.58275],[-94.28153,38.58421],[-94.28158,38.58463],[-94.28136,38.58506],[-94.28141,38.58561],[-94.28087,38.58695],[-94.2809,38.5871],[-94.28134,38.58711],[-94.28138,38.58724],[-94.28062,38.58806],[-94.28026,38.58892],[-94.28024,38.58962],[-94.28087,38.58997],[-94.28039,38.59035],[-94.28054,38.59066],[-94.2803,38.59162],[-94.28114,38.59216],[-94.28093,38.59252],[-94.2798,38.5929],[-94.27981,38.5937],[-94.28042,38.59373],[-94.28038,38.59425],[-94.27925,38.59436],[-94.2791,38.59448],[-94.27939,38.59495],[-94.27889,38.59528],[-94.27868,38.59535],[-94.27845,38.59497],[-94.2782,38.59495],[-94.27638,38.59576],[-94.27636,38.59638],[-94.27568,38.59714],[-94.27615,38.59794],[-94.27572,38.59801],[-94.27541,38.59834],[-94.27481,38.59809],[-94.27415,38.59808],[-94.27456,38.59866],[-94.27395,38.59864],[-94.2731,38.59887],[-94.27325,38.5995],[-94.27314,38.59968],[-94.27333,38.59996],[-94.27277,38.60027],[-94.27238,38.60017],[-94.27082,38.60031],[-94.27094,38.60064],[-94.27032,38.60094],[-94.27024,38.60137],[-94.26983,38.60202],[-94.26987,38.6023],[-94.26611,38.60153],[-94.26611,38.60177],[-94.2699,38.60257],[-94.27015,38.60316],[-94.27114,38.60399],[-94.27129,38.60448],[-94.27055,38.60453],[-94.27036,38.6047],[-94.27097,38.60517],[-94.27072,38.60557],[-94.2707,38.60598],[-94.27085,38.60619],[-94.2715,38.60608],[-94.272,38.60668],[-94.27198,38.60696],[-94.27161,38.60701],[-94.27145,38.60686],[-94.27116,38.60712],[-94.27022,38.60717],[-94.27065,38.60755],[-94.27071,38.60795],[-94.27155,38.60809],[-94.27167,38.60835],[-94.2714,38.60854],[-94.27126,38.60906],[-94.27008,38.60896],[-94.27009,38.6093],[-94.27104,38.61002],[-94.27108,38.61039],[-94.26957,38.61073],[-94.26915,38.61102],[-94.2691,38.61147],[-94.26963,38.61203],[-94.2694,38.61219],[-94.26945,38.61244],[-94.26927,38.61273],[-94.26988,38.61299],[-94.26981,38.61398],[-94.27015,38.6142],[-94.2708,38.6143],[-94.27065,38.6148],[-94.27081,38.61511],[-94.27166,38.6151],[-94.27318,38.61551],[-94.27378,38.61603],[-94.22842,38.61483],[-94.22802,38.62497],[-94.22766,38.62452],[-94.22239,38.62523],[-94.21023,38.62506],[-94.20962,38.62495],[-94.20908,38.63618],[-94.19199,38.63571],[-94.19105,38.63531],[-94.19075,38.63461],[-94.18996,38.65771],[-94.199,38.65797],[-94.19915,38.65782],[-94.19932,38.65798],[-94.20052,38.6579],[-94.20515,38.65819],[-94.22677,38.65879],[-94.22692,38.65995],[-94.22672,38.66398],[-94.23477,38.66638],[-94.23989,38.66653],[-94.2408,38.66617],[-94.24103,38.66692],[-94.24075,38.67012],[-94.2403,38.67011],[-94.2398,38.68102],[-94.24878,38.68139],[-94.24879,38.68866],[-94.2693,38.68932],[-94.26895,38.68963],[-94.26761,38.68974],[-94.26755,38.68987],[-94.26772,38.69003],[-94.26863,38.6905],[-94.26858,38.69073],[-94.26699,38.69081],[-94.26663,38.69139],[-94.26658,38.69164],[-94.26673,38.69182],[-94.26745,38.69141],[-94.26771,38.69186],[-94.26809,38.69209],[-94.26798,38.69249],[-94.26809,38.69275],[-94.26885,38.69277],[-94.26931,38.69309],[-94.26994,38.69307],[-94.27007,38.69331],[-94.27,38.69364],[-94.27015,38.69374],[-94.27052,38.69357],[-94.27117,38.69368],[-94.27242,38.69348],[-94.27257,38.69358],[-94.27237,38.69395],[-94.27278,38.69432],[-94.27325,38.69411],[-94.27453,38.69427],[-94.27477,38.695],[-94.27465,38.69534],[-94.27474,38.69562],[-94.27578,38.69636],[-94.27651,38.69664],[-94.27718,38.69771],[-94.27745,38.69775],[-94.27757,38.6976],[-94.27764,38.69699],[-94.27926,38.69695],[-94.28005,38.69675],[-94.28004,38.6976],[-94.28068,38.69769],[-94.28118,38.69906],[-94.28145,38.69892],[-94.28195,38.69932],[-94.28291,38.69968],[-94.28369,38.70034],[-94.28384,38.70083],[-94.28281,38.7016],[-94.28277,38.70189],[-94.28394,38.70268],[-94.28431,38.70271],[-94.28511,38.70226],[-94.28608,38.70259],[-94.28622,38.70329],[-94.28544,38.70422],[-94.28544,38.70446],[-94.2861,38.70559],[-94.28607,38.70607],[-94.28684,38.70712],[-94.28794,38.70813],[-94.2902,38.70914],[-94.2908,38.70992],[-94.29168,38.71016],[-94.29221,38.71056],[-94.29267,38.71169],[-94.29176,38.71224],[-94.29185,38.71262],[-94.29237,38.71269],[-94.29294,38.71244],[-94.2934,38.71289],[-94.29475,38.71254],[-94.29773,38.71224],[-94.29878,38.71196],[-94.30148,38.7106],[-94.30257,38.70985],[-94.30778,38.70489],[-94.31072,38.70502],[-94.31011,38.70893],[-94.30885,38.71952],[-94.33088,38.72022],[-94.33105,38.71612],[-94.33646,38.71619],[-94.33641,38.72033],[-94.33828,38.72039],[-94.33955,38.72089],[-94.34063,38.72096],[-94.34132,38.72173],[-94.34419,38.72383],[-94.34643,38.72724],[-94.34727,38.72802],[-94.37811,38.72912],[-94.37816,38.72786],[-94.37919,38.72789],[-94.37941,38.72166],[-94.39568,38.72241],[-94.39598,38.7154],[-94.39617,38.71514],[-94.39778,38.71458],[-94.39804,38.71411],[-94.39923,38.71415],[-94.39949,38.71391],[-94.39989,38.71298],[-94.40058,38.71295],[-94.40111,38.71166],[-94.40242,38.71051],[-94.40267,38.71063],[-94.40352,38.71178],[-94.40526,38.71324],[-94.40569,38.70077],[-94.40087,38.70064],[-94.40116,38.69761],[-94.40202,38.69766],[-94.40204,38.69705],[-94.40198,38.69684],[-94.40155,38.69678],[-94.40116,38.69641],[-94.3997,38.69606],[-94.40107,38.69441],[-94.40147,38.69415],[-94.39948,38.69229],[-94.39885,38.69202],[-94.39921,38.69164],[-94.39913,38.69145],[-94.39806,38.69187],[-94.39752,38.69177],[-94.39632,38.69007],[-94.39672,38.68951],[-94.39686,38.68873],[-94.39646,38.68847],[-94.3977,38.68718],[-94.39777,38.68697],[-94.39738,38.68659],[-94.39783,38.68604],[-94.39746,38.68576],[-94.39678,38.68457],[-94.39632,38.68414],[-94.39566,38.68405],[-94.39488,38.68434],[-94.39462,38.68396],[-94.39442,38.68294],[-94.39508,38.68176],[-94.39491,38.68111],[-94.39605,38.6798],[-94.3969,38.67924],[-94.39688,38.67906],[-94.39627,38.6784],[-94.39609,38.67799],[-94.39618,38.67769],[-94.39473,38.67647],[-94.39475,38.67623],[-94.39517,38.67584],[-94.39488,38.67528],[-94.39519,38.67459],[-94.39509,38.67446],[-94.39366,38.67456],[-94.39275,38.67402],[-94.3916,38.67415],[-94.39158,38.67338],[-94.39184,38.67198],[-94.39218,38.67168],[-94.39248,38.67171],[-94.39348,38.67201],[-94.39453,38.67255],[-94.39497,38.67237],[-94.39527,38.67178],[-94.39525,38.6709],[-94.39565,38.67036],[-94.39678,38.66947],[-94.39861,38.66632],[-94.40022,38.66688],[-94.4057,38.66935],[-94.40846,38.67138],[-94.40957,38.67033],[-94.41251,38.67196],[-94.41614,38.67477],[-94.4162,38.6745],[-94.42047,38.67804],[-94.4249,38.68557],[-94.42484,38.6802],[-94.42565,38.67603],[-94.42566,38.67072],[-94.42595,38.66515],[-94.42987,38.6653],[-94.43065,38.64129],[-94.43584,38.64141],[-94.43709,38.64032],[-94.43878,38.63929],[-94.43937,38.63911],[-94.44094,38.63922],[-94.44401,38.63979],[-94.44931,38.63992],[-94.4498,38.62834]]]}},{"type":"Feature","properties":{"ZIP":"64720"},"geometry":{"type":"Polygon","coordinates":[[[-94.50998,38.39891],[-94.51002,38.39781],[-94.49248,38.39741],[-94.49294,38.38298],[-94.48642,38.38283],[-94.48641,38.38251],[-94.48589,38.38218],[-94.48597,38.38163],[-94.48505,38.38143],[-94.48362,38.38158],[-94.48314,38.38106],[-94.48339,38.38044],[-94.48313,38.38005],[-94.48323,38.37978],[-94.48426,38.37956],[-94.48529,38.37997],[-94.48599,38.37996],[-94.48623,38.37981],[-94.48674,38.37996],[-94.48787,38.37996],[-94.48797,38.37981],[-94.4887,38.38038],[-94.48955,38.38003],[-94.48981,38.38028],[-94.49011,38.38028],[-94.49041,38.37986],[-94.49122,38.38069],[-94.49145,38.38067],[-94.49138,38.38041],[-94.49202,38.38023],[-94.49244,38.3806],[-94.49303,38.3806],[-94.4938,38.35405],[-94.45706,38.35313],[-94.45747,38.33867],[-94.44505,38.33831],[-94.44492,38.34281],[-94.43895,38.3426],[-94.43906,38.33814],[-94.38328,38.33713],[-94.38296,38.3447],[-94.34615,38.34408],[-94.34551,38.36552],[-94.33644,38.3655],[-94.29009,38.36453],[-94.28971,38.37563],[-94.28907,38.37559],[-94.28839,38.37508],[-94.28747,38.37549],[-94.28692,38.3761],[-94.28711,38.3763],[-94.28706,38.37645],[-94.28653,38.37662],[-94.2863,38.37642],[-94.28605,38.37651],[-94.28601,38.37692],[-94.28656,38.37792],[-94.28613,38.37862],[-94.2848,38.37863],[-94.28434,38.37885],[-94.28392,38.37864],[-94.28326,38.37858],[-94.28195,38.37857],[-94.28154,38.37877],[-94.28084,38.37883],[-94.28066,38.37865],[-94.28076,38.37846],[-94.27207,38.37821],[-94.27308,38.34932],[-94.2376,38.34867],[-94.23672,38.34893],[-94.2363,38.34937],[-94.23618,38.34976],[-94.23552,38.36984],[-94.23543,38.3702],[-94.23517,38.37042],[-94.23448,38.37019],[-94.21692,38.3698],[-94.21725,38.36277],[-94.2176,38.34813],[-94.18096,38.3474],[-94.1791,38.39084],[-94.15758,38.39034],[-94.15162,38.39006],[-94.13227,38.38969],[-94.1318,38.3991],[-94.13152,38.39974],[-94.13088,38.40027],[-94.12978,38.40047],[-94.12024,38.40033],[-94.1188,38.40026],[-94.11684,38.39987],[-94.11238,38.3998],[-94.13536,38.4111],[-94.13569,38.41099],[-94.13565,38.41125],[-94.13593,38.41138],[-94.13575,38.41468],[-94.13598,38.41574],[-94.13584,38.41865],[-94.14655,38.41887],[-94.14711,38.41922],[-94.14705,38.42162],[-94.14727,38.42222],[-94.14831,38.42265],[-94.15375,38.4229],[-94.15312,38.43547],[-94.15191,38.43621],[-94.15128,38.4371],[-94.14882,38.43708],[-94.14858,38.43722],[-94.14832,38.44073],[-94.14397,38.44066],[-94.14352,38.44898],[-94.14283,38.45019],[-94.1427,38.45096],[-94.14596,38.45118],[-94.14751,38.45067],[-94.14831,38.45065],[-94.14911,38.45085],[-94.15,38.45158],[-94.15035,38.45254],[-94.15139,38.45342],[-94.15205,38.45347],[-94.15323,38.45296],[-94.15212,38.45111],[-94.15202,38.45061],[-94.15226,38.44989],[-94.15293,38.44978],[-94.15452,38.45018],[-94.15522,38.45008],[-94.15613,38.44911],[-94.15696,38.44863],[-94.15784,38.44863],[-94.15833,38.44881],[-94.15894,38.44959],[-94.15908,38.45071],[-94.15969,38.45103],[-94.16045,38.45105],[-94.16103,38.45078],[-94.1613,38.45002],[-94.16153,38.44984],[-94.16394,38.44925],[-94.16444,38.44922],[-94.1656,38.45037],[-94.16668,38.45067],[-94.16752,38.45064],[-94.1679,38.45048],[-94.16808,38.45019],[-94.16761,38.4484],[-94.16755,38.44758],[-94.1679,38.44721],[-94.16849,38.44717],[-94.16942,38.44822],[-94.17049,38.4487],[-94.17157,38.44945],[-94.17297,38.45005],[-94.17355,38.45003],[-94.17393,38.44952],[-94.17358,38.44881],[-94.17282,38.44804],[-94.17061,38.44685],[-94.17038,38.44627],[-94.17049,38.44609],[-94.17096,38.446],[-94.17221,38.44664],[-94.17404,38.44691],[-94.17425,38.44646],[-94.17393,38.44591],[-94.1741,38.44545],[-94.17495,38.44538],[-94.17771,38.44611],[-94.17952,38.44563],[-94.17989,38.44586],[-94.18007,38.4465],[-94.1808,38.44742],[-94.18176,38.44788],[-94.18216,38.44762],[-94.18222,38.44646],[-94.1826,38.44611],[-94.1849,38.44614],[-94.18566,38.44643],[-94.18598,38.44685],[-94.18592,38.4484],[-94.18621,38.449],[-94.18667,38.44936],[-94.18766,38.44971],[-94.18839,38.45037],[-94.18924,38.45065],[-94.18996,38.45044],[-94.18999,38.45003],[-94.18964,38.44978],[-94.18793,38.4493],[-94.18764,38.449],[-94.18766,38.44872],[-94.18894,38.44813],[-94.18996,38.44726],[-94.19089,38.44717],[-94.19241,38.44774],[-94.19316,38.44762],[-94.19491,38.44689],[-94.19894,38.4459],[-94.20035,38.44527],[-94.20152,38.4462],[-94.20286,38.44648],[-94.2032,38.44755],[-94.20373,38.44787],[-94.20463,38.44781],[-94.20568,38.44703],[-94.20617,38.4471],[-94.2067,38.44989],[-94.20708,38.45048],[-94.20783,38.45085],[-94.21105,38.44981],[-94.21133,38.44943],[-94.21124,38.4489],[-94.20952,38.44835],[-94.20926,38.44787],[-94.20981,38.44712],[-94.21098,38.44659],[-94.21167,38.44659],[-94.21202,38.44675],[-94.21197,38.44785],[-94.21296,38.44838],[-94.21479,38.44819],[-94.21619,38.44675],[-94.21659,38.44684],[-94.21657,38.4478],[-94.21718,38.44888],[-94.21738,38.44979],[-94.21793,38.45018],[-94.21849,38.45007],[-94.21936,38.44947],[-94.22093,38.44918],[-94.22282,38.44831],[-94.22355,38.4484],[-94.22381,38.44869],[-94.22367,38.44917],[-94.22309,38.44979],[-94.22247,38.45093],[-94.2223,38.45178],[-94.22236,38.45231],[-94.22288,38.4529],[-94.2235,38.45302],[-94.22483,38.45292],[-94.22521,38.45244],[-94.22544,38.45155],[-94.22594,38.45104],[-94.2269,38.45123],[-94.22763,38.45171],[-94.22926,38.45237],[-94.22949,38.45271],[-94.22946,38.45298],[-94.22902,38.45303],[-94.22667,38.45266],[-94.22638,38.45285],[-94.22614,38.45332],[-94.22612,38.45353],[-94.22663,38.45386],[-94.22779,38.45413],[-94.22892,38.45503],[-94.22888,38.45542],[-94.22832,38.45572],[-94.22709,38.45551],[-94.22641,38.45563],[-94.22571,38.45605],[-94.22514,38.45664],[-94.22498,38.45742],[-94.22586,38.45875],[-94.22669,38.45924],[-94.22685,38.45915],[-94.2263,38.45814],[-94.22635,38.45779],[-94.22717,38.45727],[-94.23037,38.45791],[-94.23154,38.45839],[-94.23293,38.45782],[-94.23417,38.45806],[-94.2353,38.45801],[-94.23605,38.45732],[-94.23703,38.45701],[-94.23799,38.45611],[-94.23889,38.45561],[-94.23929,38.45575],[-94.23982,38.45648],[-94.23976,38.4571],[-94.23956,38.45739],[-94.23805,38.45833],[-94.23748,38.45915],[-94.23779,38.45973],[-94.23868,38.46022],[-94.23983,38.46013],[-94.24145,38.4585],[-94.24279,38.45846],[-94.24289,38.45833],[-94.24271,38.45774],[-94.24291,38.4574],[-94.24429,38.45677],[-94.24488,38.45563],[-94.24617,38.45513],[-94.24689,38.45507],[-94.24816,38.45558],[-94.24982,38.45591],[-94.25041,38.45586],[-94.25091,38.45556],[-94.25129,38.45501],[-94.25168,38.4539],[-94.25239,38.45304],[-94.25519,38.45227],[-94.25599,38.45166],[-94.25655,38.45103],[-94.25672,38.4505],[-94.25716,38.45007],[-94.25794,38.45001],[-94.2584,38.4505],[-94.25872,38.45187],[-94.25897,38.4523],[-94.25978,38.45293],[-94.26266,38.45205],[-94.26349,38.45158],[-94.26393,38.45055],[-94.26396,38.44978],[-94.26435,38.4496],[-94.26676,38.45014],[-94.26711,38.45046],[-94.26693,38.45106],[-94.26576,38.45231],[-94.2652,38.45332],[-94.26793,38.45281],[-94.273,38.45156],[-94.27542,38.45127],[-94.28189,38.45129],[-94.28536,38.45166],[-94.28804,38.45255],[-94.28803,38.45229],[-94.28944,38.4528],[-94.29075,38.45365],[-94.29329,38.45472],[-94.29363,38.45397],[-94.29392,38.45148],[-94.30518,38.45176],[-94.30557,38.44449],[-94.34232,38.44507],[-94.34281,38.43054],[-94.35302,38.43074],[-94.35438,38.43382],[-94.35523,38.43634],[-94.35651,38.43944],[-94.35735,38.45243],[-94.35852,38.45246],[-94.35877,38.45268],[-94.37009,38.45267],[-94.39916,38.45326],[-94.39887,38.4598],[-94.39878,38.47335],[-94.41648,38.47359],[-94.49108,38.47513],[-94.49145,38.47426],[-94.49155,38.47303],[-94.49134,38.47234],[-94.49051,38.47144],[-94.49071,38.46442],[-94.4914,38.46407],[-94.49116,38.46369],[-94.49124,38.46348],[-94.49215,38.46333],[-94.4923,38.46304],[-94.49315,38.46252],[-94.49337,38.46126],[-94.4943,38.46062],[-94.49404,38.46034],[-94.49403,38.46011],[-94.49467,38.45968],[-94.49477,38.45907],[-94.49428,38.45884],[-94.49428,38.45855],[-94.49454,38.45826],[-94.49428,38.45765],[-94.49428,38.45706],[-94.49383,38.45692],[-94.49396,38.4566],[-94.49354,38.45565],[-94.49367,38.45529],[-94.49359,38.45514],[-94.49294,38.45498],[-94.49279,38.45459],[-94.49308,38.45432],[-94.49368,38.45444],[-94.49375,38.45421],[-94.49277,38.45359],[-94.49232,38.45253],[-94.49156,38.45185],[-94.49142,38.45111],[-94.49048,38.45026],[-94.49006,38.44939],[-94.48836,38.44858],[-94.4885,38.44814],[-94.48926,38.44747],[-94.48885,38.44662],[-94.48879,38.44611],[-94.48848,38.44567],[-94.48748,38.44546],[-94.48735,38.44515],[-94.48679,38.44471],[-94.48677,38.44406],[-94.4859,38.44378],[-94.48533,38.44287],[-94.48523,38.44214],[-94.48546,38.44192],[-94.48595,38.44181],[-94.48608,38.44148],[-94.48695,38.44134],[-94.48672,38.4403],[-94.48775,38.44014],[-94.48829,38.43992],[-94.48872,38.4395],[-94.49103,38.43885],[-94.49238,38.4382],[-94.49416,38.43844],[-94.49543,38.43773],[-94.49604,38.43779],[-94.49812,38.43582],[-94.4979,38.43498],[-94.49808,38.43421],[-94.49941,38.43247],[-94.50024,38.43201],[-94.50142,38.43161],[-94.50243,38.43147],[-94.50312,38.43073],[-94.50423,38.43024],[-94.5092,38.43036],[-94.50998,38.39891]]]}},{"type":"Feature","properties":{"ZIP":"64725"},"geometry":{"type":"Polygon","coordinates":[[[-94.47089,38.5121],[-94.4704,38.51189],[-94.47089,38.51102],[-94.46829,38.51097],[-94.46863,38.50035],[-94.46817,38.50004],[-94.4641,38.49998],[-94.46448,38.48914],[-94.45526,38.48898],[-94.45576,38.47441],[-94.39878,38.47335],[-94.39887,38.4598],[-94.39916,38.45326],[-94.37009,38.45267],[-94.35877,38.45268],[-94.35852,38.45246],[-94.35735,38.45243],[-94.35651,38.43944],[-94.35523,38.43634],[-94.35438,38.43382],[-94.35302,38.43074],[-94.34281,38.43054],[-94.34232,38.44507],[-94.30557,38.44449],[-94.30518,38.45176],[-94.29392,38.45148],[-94.29363,38.45397],[-94.29329,38.45472],[-94.29075,38.45365],[-94.28944,38.4528],[-94.28803,38.45229],[-94.28804,38.45255],[-94.28536,38.45166],[-94.28189,38.45129],[-94.27542,38.45127],[-94.273,38.45156],[-94.26793,38.45281],[-94.2652,38.45332],[-94.26576,38.45231],[-94.26693,38.45106],[-94.26711,38.45046],[-94.26676,38.45014],[-94.26435,38.4496],[-94.26396,38.44978],[-94.26393,38.45055],[-94.26349,38.45158],[-94.26266,38.45205],[-94.25978,38.45293],[-94.25897,38.4523],[-94.25872,38.45187],[-94.2584,38.4505],[-94.25794,38.45001],[-94.25716,38.45007],[-94.25672,38.4505],[-94.25655,38.45103],[-94.25599,38.45166],[-94.25519,38.45227],[-94.25239,38.45304],[-94.25168,38.4539],[-94.25129,38.45501],[-94.25091,38.45556],[-94.25041,38.45586],[-94.24987,38.45591],[-94.24967,38.46106],[-94.24983,38.46502],[-94.25426,38.46512],[-94.254,38.4702],[-94.2526,38.47016],[-94.25187,38.48471],[-94.2565,38.48483],[-94.25633,38.48983],[-94.26981,38.49875],[-94.26907,38.51789],[-94.27905,38.51818],[-94.27851,38.52903],[-94.2918,38.52931],[-94.2921,38.52219],[-94.29237,38.52202],[-94.29708,38.52207],[-94.29735,38.51867],[-94.2976,38.51848],[-94.30126,38.51854],[-94.30145,38.51838],[-94.30162,38.51849],[-94.30588,38.51861],[-94.30603,38.51882],[-94.30587,38.52209],[-94.30604,38.52224],[-94.31152,38.52239],[-94.31299,38.52128],[-94.31365,38.52109],[-94.3141,38.52113],[-94.31487,38.52076],[-94.31507,38.52042],[-94.31516,38.51874],[-94.31542,38.5183],[-94.31671,38.51762],[-94.31749,38.5176],[-94.31774,38.51745],[-94.31872,38.515],[-94.31942,38.51445],[-94.31933,38.5141],[-94.31807,38.51345],[-94.31756,38.51344],[-94.31665,38.51406],[-94.31604,38.51325],[-94.31591,38.51074],[-94.31885,38.50799],[-94.34128,38.50848],[-94.34108,38.50702],[-94.34088,38.49437],[-94.34124,38.49428],[-94.34115,38.48882],[-94.34348,38.49052],[-94.34535,38.49164],[-94.34807,38.49454],[-94.35264,38.49867],[-94.35383,38.49995],[-94.35678,38.50237],[-94.35871,38.50486],[-94.36145,38.50733],[-94.36455,38.50927],[-94.3659,38.50995],[-94.37438,38.51302],[-94.3801,38.51482],[-94.38295,38.51599],[-94.38581,38.5176],[-94.38835,38.51946],[-94.38889,38.52003],[-94.39105,38.52321],[-94.39422,38.53047],[-94.39665,38.53678],[-94.39821,38.53938],[-94.40084,38.54226],[-94.40274,38.54355],[-94.40454,38.54454],[-94.40685,38.54555],[-94.41794,38.54903],[-94.42259,38.55064],[-94.42716,38.55338],[-94.42955,38.55616],[-94.43097,38.55853],[-94.43536,38.56894],[-94.43712,38.57384],[-94.43803,38.57507],[-94.43813,38.57578],[-94.43794,38.57625],[-94.4376,38.57653],[-94.43668,38.57688],[-94.43531,38.57719],[-94.43481,38.57773],[-94.43496,38.57818],[-94.43543,38.57874],[-94.4357,38.57885],[-94.43835,38.5792],[-94.43842,38.57939],[-94.43798,38.57975],[-94.43781,38.58023],[-94.43785,38.58081],[-94.43831,38.58138],[-94.43957,38.58222],[-94.44001,38.58272],[-94.4406,38.58294],[-94.44233,38.5831],[-94.44298,38.58373],[-94.44307,38.58584],[-94.4434,38.58662],[-94.44404,38.58749],[-94.44406,38.58786],[-94.44375,38.58801],[-94.44274,38.58804],[-94.44181,38.58902],[-94.44264,38.58895],[-94.44704,38.58698],[-94.45172,38.58701],[-94.45271,38.56146],[-94.45729,38.56157],[-94.45884,38.56139],[-94.46149,38.56164],[-94.46541,38.56174],[-94.4659,38.55504],[-94.46087,38.55494],[-94.46104,38.55185],[-94.46014,38.55177],[-94.45979,38.55149],[-94.45956,38.55082],[-94.45981,38.55011],[-94.45927,38.54976],[-94.45749,38.54974],[-94.45642,38.55025],[-94.45537,38.54995],[-94.4545,38.5502],[-94.45399,38.54925],[-94.45375,38.5491],[-94.45314,38.54925],[-94.45278,38.54993],[-94.45242,38.55],[-94.45155,38.54912],[-94.4506,38.54901],[-94.45005,38.54934],[-94.44972,38.55014],[-94.44934,38.55016],[-94.44884,38.54934],[-94.44736,38.54807],[-94.44492,38.54804],[-94.44447,38.54665],[-94.44399,38.54641],[-94.44414,38.54324],[-94.45207,38.54335],[-94.45403,38.54207],[-94.45802,38.54096],[-94.45899,38.5403],[-94.45922,38.5395],[-94.45969,38.53407],[-94.46049,38.53292],[-94.46037,38.5327],[-94.46261,38.53229],[-94.46259,38.5316],[-94.46196,38.53132],[-94.46193,38.53087],[-94.46325,38.53139],[-94.46357,38.53135],[-94.46329,38.53066],[-94.46386,38.5306],[-94.46386,38.53012],[-94.46326,38.52917],[-94.46347,38.52842],[-94.46378,38.52825],[-94.46367,38.52811],[-94.46374,38.52759],[-94.46388,38.52728],[-94.4658,38.52576],[-94.46566,38.52468],[-94.46521,38.524],[-94.46455,38.52349],[-94.46452,38.52254],[-94.46345,38.52086],[-94.46458,38.51968],[-94.46447,38.51937],[-94.46373,38.51936],[-94.46359,38.51868],[-94.46373,38.51833],[-94.46426,38.51807],[-94.46428,38.51791],[-94.46325,38.51777],[-94.46306,38.51747],[-94.46372,38.51719],[-94.46341,38.51695],[-94.46237,38.51681],[-94.4623,38.51617],[-94.46373,38.51444],[-94.46469,38.51443],[-94.46527,38.51417],[-94.46626,38.5143],[-94.46688,38.51393],[-94.46846,38.51395],[-94.46893,38.51373],[-94.46914,38.51346],[-94.4697,38.51362],[-94.4703,38.51319],[-94.47052,38.51255],[-94.47089,38.5121]]]}},{"type":"Feature","properties":{"ZIP":"64726"},"geometry":{"type":"Polygon","coordinates":[[[-94.03741,38.53884],[-94.03741,38.53785],[-94.00998,38.53737],[-94.01023,38.52963],[-94.00039,38.5302],[-93.9871,38.53067],[-93.98736,38.52226],[-93.96478,38.52167],[-93.96421,38.52153],[-93.96454,38.51107],[-93.9643,38.51079],[-93.95572,38.51059],[-93.95543,38.5105],[-93.95536,38.5103],[-93.95459,38.52519],[-93.95109,38.52121],[-93.94958,38.51882],[-93.94884,38.51799],[-93.94611,38.51678],[-93.94335,38.51421],[-93.94128,38.51266],[-93.94078,38.51214],[-93.94022,38.51118],[-93.93841,38.51156],[-93.93709,38.51133],[-93.93749,38.50007],[-93.93686,38.50014],[-93.93719,38.49217],[-93.93324,38.49212],[-93.93341,38.48596],[-93.93264,38.48563],[-93.9299,38.48497],[-93.92629,38.48329],[-93.92604,38.48304],[-93.92585,38.48243],[-93.92485,38.48216],[-93.92406,38.48172],[-93.92387,38.48148],[-93.9239,38.48098],[-93.92281,38.48024],[-93.92218,38.4802],[-93.9213,38.48059],[-93.91956,38.48058],[-93.91869,38.48051],[-93.91774,38.48008],[-93.9175,38.47971],[-93.91758,38.47924],[-93.91891,38.4779],[-93.9188,38.4776],[-93.91826,38.47729],[-93.91744,38.47725],[-93.91724,38.47708],[-93.9173,38.47677],[-93.91802,38.47609],[-93.91808,38.47578],[-93.91789,38.47552],[-93.91757,38.47545],[-93.91589,38.47557],[-93.91548,38.47544],[-93.91524,38.47512],[-93.91543,38.4745],[-93.91691,38.47356],[-93.91693,38.47334],[-93.9134,38.47311],[-93.91303,38.47266],[-93.91358,38.47167],[-93.91365,38.47115],[-93.91289,38.47069],[-93.91167,38.47077],[-93.91133,38.47062],[-93.91134,38.47034],[-93.91177,38.47002],[-93.91295,38.46982],[-93.9138,38.46994],[-93.91524,38.47043],[-93.91601,38.47043],[-93.91632,38.47026],[-93.91636,38.46983],[-93.91605,38.46926],[-93.91443,38.46828],[-93.91456,38.46729],[-93.91437,38.46706],[-93.91366,38.46674],[-93.9137,38.46623],[-93.90153,38.46606],[-93.90175,38.46217],[-93.88147,38.46185],[-93.87904,38.46329],[-93.87408,38.46505],[-93.87202,38.4655],[-93.86954,38.46672],[-93.86754,38.46868],[-93.86467,38.47023],[-93.86449,38.47599],[-93.85541,38.4758],[-93.85551,38.47612],[-93.85508,38.49045],[-93.84919,38.4904],[-93.84914,38.49335],[-93.84559,38.49325],[-93.84537,38.49992],[-93.84578,38.49971],[-93.84776,38.50011],[-93.84919,38.49977],[-93.85075,38.49992],[-93.85126,38.49965],[-93.85181,38.49872],[-93.85303,38.49845],[-93.85193,38.50046],[-93.85206,38.50082],[-93.85284,38.50133],[-93.8529,38.50203],[-93.85263,38.50463],[-93.85236,38.5053],[-93.85236,38.50582],[-93.85299,38.50745],[-93.85284,38.50856],[-93.85294,38.50887],[-93.85339,38.50924],[-93.85336,38.50983],[-93.85398,38.51022],[-93.85431,38.51078],[-93.85408,38.51127],[-93.85303,38.51188],[-93.85294,38.51266],[-93.85237,38.51319],[-93.85268,38.51355],[-93.85203,38.5138],[-93.85155,38.51432],[-93.85148,38.51473],[-93.85068,38.51526],[-93.85155,38.51592],[-93.85161,38.51637],[-93.85147,38.5168],[-93.85185,38.51713],[-93.85165,38.51769],[-93.85208,38.51777],[-93.85228,38.51802],[-93.85204,38.51848],[-93.85212,38.51909],[-93.85194,38.52031],[-93.85207,38.52149],[-93.85281,38.52221],[-93.85311,38.52316],[-93.85378,38.52354],[-93.85368,38.52434],[-93.85338,38.52485],[-93.85429,38.52673],[-93.85418,38.52711],[-93.85458,38.52802],[-93.85426,38.52824],[-93.85322,38.52817],[-93.85268,38.52841],[-93.8526,38.52882],[-93.85312,38.52936],[-93.85289,38.53132],[-93.85268,38.53167],[-93.85222,38.53184],[-93.85125,38.5326],[-93.85077,38.53332],[-93.85075,38.53377],[-93.85038,38.53432],[-93.85004,38.53452],[-93.84975,38.53449],[-93.84949,38.53429],[-93.84952,38.534],[-93.8493,38.53391],[-93.84875,38.53401],[-93.84866,38.53432],[-93.84843,38.53441],[-93.84773,38.53434],[-93.84717,38.53462],[-93.84704,38.53555],[-93.84718,38.53603],[-93.84623,38.53634],[-93.84624,38.53773],[-93.8465,38.53782],[-93.84664,38.53813],[-93.84688,38.53812],[-93.84676,38.53856],[-93.84727,38.53873],[-93.84746,38.53847],[-93.84765,38.53857],[-93.84748,38.53893],[-93.84772,38.53987],[-93.84761,38.54059],[-93.84813,38.54085],[-93.8483,38.54117],[-93.87137,38.54164],[-93.87094,38.55528],[-93.87011,38.55585],[-93.86963,38.55599],[-93.86672,38.55597],[-93.86642,38.55609],[-93.86607,38.56324],[-93.89206,38.56369],[-93.89184,38.56909],[-93.89324,38.5693],[-93.89359,38.5697],[-93.89327,38.57822],[-93.9104,38.57857],[-93.91198,38.57859],[-93.912,38.57803],[-93.91258,38.57736],[-93.91289,38.57637],[-93.91439,38.57548],[-93.91538,38.57462],[-93.91605,38.57444],[-93.91645,38.57389],[-93.91621,38.57303],[-93.91566,38.57258],[-93.9154,38.57206],[-93.91509,38.5719],[-93.91483,38.57149],[-93.91361,38.57116],[-93.91363,38.57068],[-93.91274,38.56993],[-93.91276,38.56925],[-93.91391,38.56897],[-93.91394,38.5682],[-93.91459,38.5675],[-93.91424,38.56413],[-93.93071,38.56442],[-93.93065,38.56652],[-93.9308,38.56707],[-93.93107,38.56748],[-93.93244,38.56872],[-93.9328,38.56963],[-93.93257,38.57747],[-93.93237,38.57802],[-93.93136,38.57896],[-93.95227,38.5794],[-93.95162,38.59391],[-93.96267,38.59412],[-93.97052,38.59449],[-93.97078,38.59434],[-93.97092,38.59368],[-93.97048,38.59334],[-93.96983,38.59354],[-93.96933,38.59339],[-93.96902,38.59285],[-93.96902,38.59241],[-93.96999,38.59238],[-93.97083,38.59179],[-93.97123,38.59169],[-93.9715,38.59165],[-93.97217,38.59195],[-93.97249,38.59193],[-93.97267,38.59173],[-93.97258,38.59135],[-93.97226,38.59114],[-93.97105,38.591],[-93.96969,38.59058],[-93.96895,38.58879],[-93.96805,38.58769],[-93.96832,38.58614],[-93.9689,38.58484],[-93.96894,38.58431],[-93.96834,38.5842],[-93.9679,38.58454],[-93.96763,38.58504],[-93.96715,38.58533],[-93.96578,38.58503],[-93.96533,38.58459],[-93.96554,38.58161],[-93.96506,38.58033],[-93.96503,38.58006],[-93.96525,38.5797],[-93.96169,38.57958],[-93.96221,38.56501],[-94.03157,38.56666],[-94.03207,38.55217],[-94.03139,38.55215],[-94.03135,38.55141],[-94.03145,38.55133],[-94.03182,38.55162],[-94.03282,38.55132],[-94.03314,38.55078],[-94.03296,38.54975],[-94.03326,38.54967],[-94.03363,38.54928],[-94.034,38.54935],[-94.03415,38.5491],[-94.03531,38.54868],[-94.03541,38.5483],[-94.03608,38.54809],[-94.03614,38.54773],[-94.03569,38.54761],[-94.03637,38.54697],[-94.03601,38.54683],[-94.03615,38.54657],[-94.03577,38.54637],[-94.03597,38.54626],[-94.03616,38.5458],[-94.0361,38.54554],[-94.03634,38.54534],[-94.03678,38.54404],[-94.03727,38.54361],[-94.03741,38.53884]]]}},{"type":"Feature","properties":{"ZIP":"64734"},"geometry":{"type":"Polygon","coordinates":[[[-94.61191,38.60589],[-94.6118,38.58023],[-94.58571,38.57944],[-94.58553,38.57925],[-94.58563,38.57701],[-94.58496,38.57659],[-94.58436,38.57579],[-94.58137,38.57564],[-94.58118,38.57546],[-94.58119,38.57477],[-94.58102,38.57461],[-94.57656,38.57444],[-94.57663,38.57226],[-94.57641,38.57207],[-94.57557,38.572],[-94.57567,38.56618],[-94.57582,38.56478],[-94.56607,38.56433],[-94.56461,38.56409],[-94.56399,38.56428],[-94.56275,38.56429],[-94.52653,38.56326],[-94.52619,38.56961],[-94.52628,38.57043],[-94.53493,38.57069],[-94.5359,38.57052],[-94.53776,38.57078],[-94.54463,38.57099],[-94.5434,38.58943],[-94.54361,38.58987],[-94.5435,38.59172],[-94.54398,38.59237],[-94.54468,38.59267],[-94.55167,38.59291],[-94.5523,38.59315],[-94.55265,38.59351],[-94.55179,38.61097],[-94.54729,38.61091],[-94.54718,38.61109],[-94.54704,38.61425],[-94.54689,38.61443],[-94.54245,38.61432],[-94.54141,38.63603],[-94.53104,38.63589],[-94.53103,38.63695],[-94.53153,38.63937],[-94.52297,38.63894],[-94.52285,38.6419],[-94.52262,38.64189],[-94.52208,38.65356],[-94.5179,38.65349],[-94.51847,38.65397],[-94.51885,38.65508],[-94.51985,38.65565],[-94.52012,38.65657],[-94.52008,38.65731],[-94.51977,38.65764],[-94.51897,38.65766],[-94.51611,38.65681],[-94.5151,38.65693],[-94.51362,38.65822],[-94.51329,38.65898],[-94.51331,38.65925],[-94.51397,38.65999],[-94.51526,38.66069],[-94.51538,38.66144],[-94.51487,38.66161],[-94.51276,38.66125],[-94.5123,38.66139],[-94.51225,38.66381],[-94.51237,38.66417],[-94.51273,38.66441],[-94.51411,38.66477],[-94.51803,38.66411],[-94.51967,38.6643],[-94.52127,38.66385],[-94.52441,38.66444],[-94.52815,38.66461],[-94.5284,38.66475],[-94.52825,38.6655],[-94.52841,38.66574],[-94.53127,38.66676],[-94.53184,38.66731],[-94.53262,38.66737],[-94.53246,38.66763],[-94.53151,38.66789],[-94.52954,38.66915],[-94.53711,38.66939],[-94.54004,38.66958],[-94.54123,38.66984],[-94.54149,38.67044],[-94.54075,38.67068],[-94.54093,38.67181],[-94.54,38.67349],[-94.53989,38.6801],[-94.54039,38.6808],[-94.54032,38.68979],[-94.54006,38.69065],[-94.53932,38.69192],[-94.53804,38.69324],[-94.53808,38.69464],[-94.54928,38.70173],[-94.55046,38.70275],[-94.55447,38.70294],[-94.55439,38.70611],[-94.56323,38.71376],[-94.5627,38.73619],[-94.57205,38.73659],[-94.57199,38.73809],[-94.57475,38.73823],[-94.57454,38.73837],[-94.57387,38.74032],[-94.57364,38.74412],[-94.57628,38.74425],[-94.57609,38.74787],[-94.58067,38.74811],[-94.58101,38.7408],[-94.58446,38.74099],[-94.58451,38.73984],[-94.58517,38.73734],[-94.59032,38.73762],[-94.59083,38.72289],[-94.60947,38.72383],[-94.61049,38.67791],[-94.61093,38.6493],[-94.6113,38.63505],[-94.61136,38.6348],[-94.61159,38.63474],[-94.61147,38.625],[-94.61191,38.60589]]]}},{"type":"Feature","properties":{"ZIP":"64735"},"geometry":{"type":"Polygon","coordinates":[[[-93.97656,38.3586],[-93.97662,38.35715],[-93.95798,38.35677],[-93.95895,38.33861],[-93.95022,38.33851],[-93.94934,38.35656],[-93.92166,38.3559],[-93.92303,38.3269],[-93.92869,38.327],[-93.92857,38.32665],[-93.9282,38.32646],[-93.92814,38.32598],[-93.92786,38.32587],[-93.92804,38.32561],[-93.92771,38.32539],[-93.9277,38.32512],[-93.92722,38.32507],[-93.92727,38.32462],[-93.92693,38.32423],[-93.92698,38.32397],[-93.92789,38.32345],[-93.92788,38.32323],[-93.92766,38.32297],[-93.92736,38.32296],[-93.92752,38.3233],[-93.92726,38.32347],[-93.92653,38.32284],[-93.9271,38.32244],[-93.92677,38.32188],[-93.92723,38.32166],[-93.92739,38.32127],[-93.92741,38.32007],[-93.92585,38.31992],[-93.92568,38.31966],[-93.92446,38.31962],[-93.92326,38.31934],[-93.92228,38.31872],[-93.91925,38.31381],[-93.9187,38.3136],[-93.91866,38.31259],[-93.9173,38.30848],[-93.91471,38.30917],[-93.91341,38.30913],[-93.91131,38.30947],[-93.91013,38.30891],[-93.90933,38.30803],[-93.90863,38.30752],[-93.90786,38.3073],[-93.90748,38.30736],[-93.90647,38.30815],[-93.90528,38.30864],[-93.90438,38.30937],[-93.9033,38.30823],[-93.9027,38.30797],[-93.90183,38.3081],[-93.89962,38.30625],[-93.89898,38.30646],[-93.8989,38.3057],[-93.89905,38.30545],[-93.90118,38.30435],[-93.90142,38.30128],[-93.90294,38.30017],[-93.90609,38.29742],[-93.87843,38.29685],[-93.87867,38.29487],[-93.8788,38.28955],[-93.86947,38.28918],[-93.86921,38.28904],[-93.86928,38.28802],[-93.86956,38.28717],[-93.86963,38.28553],[-93.86054,38.2854],[-93.86038,38.28581],[-93.86024,38.28904],[-93.86005,38.28913],[-93.85855,38.28914],[-93.85766,38.28879],[-93.85612,38.28871],[-93.85533,38.28889],[-93.84698,38.28877],[-93.84687,38.28869],[-93.84706,38.2815],[-93.82411,38.2808],[-93.8246,38.26624],[-93.81815,38.26604],[-93.81784,38.26762],[-93.81739,38.26769],[-93.81687,38.26722],[-93.81671,38.26727],[-93.8154,38.26921],[-93.81386,38.26975],[-93.81335,38.27116],[-93.81283,38.27188],[-93.81126,38.27287],[-93.81131,38.27314],[-93.81287,38.27414],[-93.81333,38.27401],[-93.81398,38.27342],[-93.8145,38.27329],[-93.81487,38.27349],[-93.81473,38.27396],[-93.81373,38.2746],[-93.81312,38.27542],[-93.81239,38.27544],[-93.81112,38.27489],[-93.81057,38.27507],[-93.81016,38.27564],[-93.81036,38.27687],[-93.81002,38.27735],[-93.80863,38.27743],[-93.80826,38.27787],[-93.80742,38.27768],[-93.80716,38.27745],[-93.8068,38.27617],[-93.8055,38.27522],[-93.80498,38.2752],[-93.80448,38.27567],[-93.80402,38.27554],[-93.80406,38.27507],[-93.80468,38.27441],[-93.80444,38.27425],[-93.80337,38.27433],[-93.80315,38.27471],[-93.80223,38.27502],[-93.80221,38.27556],[-93.80274,38.2761],[-93.80252,38.27634],[-93.80219,38.2764],[-93.79979,38.27543],[-93.79972,38.27508],[-93.80023,38.2743],[-93.80003,38.27395],[-93.79946,38.27391],[-93.7985,38.27427],[-93.7976,38.27404],[-93.79736,38.27416],[-93.79737,38.27477],[-93.79668,38.27502],[-93.79648,38.27525],[-93.79648,38.27562],[-93.79682,38.27619],[-93.79675,38.27645],[-93.79638,38.27664],[-93.79582,38.27639],[-93.79532,38.27644],[-93.795,38.27695],[-93.79423,38.27763],[-93.79427,38.27867],[-93.79355,38.27989],[-93.7924,38.28039],[-93.79105,38.28182],[-93.79049,38.28189],[-93.78957,38.28103],[-93.789,38.28096],[-93.78835,38.2814],[-93.78787,38.28205],[-93.78846,38.28282],[-93.78809,38.28312],[-93.78612,38.28234],[-93.78555,38.28247],[-93.7853,38.28269],[-93.78499,38.28397],[-93.78376,38.2844],[-93.78319,38.28437],[-93.78175,38.28377],[-93.7805,38.28379],[-93.7798,38.28428],[-93.77977,38.28471],[-93.78001,38.28549],[-93.77938,38.28667],[-93.77673,38.28662],[-93.77313,38.28533],[-93.77292,38.28566],[-93.77222,38.28566],[-93.77211,38.28597],[-93.77318,38.28646],[-93.76015,38.28618],[-93.75995,38.28588],[-93.75934,38.28579],[-93.75938,38.28479],[-93.76009,38.28472],[-93.76037,38.27679],[-93.7602,38.27655],[-93.75973,38.27647],[-93.75974,38.27615],[-93.75946,38.27614],[-93.75926,38.2758],[-93.75938,38.27147],[-93.75846,38.27028],[-93.7569,38.2703],[-93.75606,38.27076],[-93.7538,38.27147],[-93.75219,38.27219],[-93.75135,38.27229],[-93.75122,38.27228],[-93.75113,38.27116],[-93.75001,38.27114],[-93.75056,38.27002],[-93.74947,38.2708],[-93.74911,38.27061],[-93.74822,38.26954],[-93.74739,38.27013],[-93.74732,38.2699],[-93.74763,38.26904],[-93.74687,38.26869],[-93.74648,38.26992],[-93.74666,38.27039],[-93.74625,38.27052],[-93.74558,38.27027],[-93.74543,38.27069],[-93.74488,38.27075],[-93.74482,38.27104],[-93.71916,38.27069],[-93.71919,38.27026],[-93.71742,38.27066],[-93.71692,38.26655],[-93.71657,38.26485],[-93.71508,38.26383],[-93.71486,38.26295],[-93.71507,38.26255],[-93.71738,38.26095],[-93.71792,38.26029],[-93.71815,38.25921],[-93.71803,38.25862],[-93.71733,38.25785],[-93.71689,38.25697],[-93.71593,38.25624],[-93.715,38.2562],[-93.7143,38.2565],[-93.71235,38.25807],[-93.71205,38.26008],[-93.7113,38.26244],[-93.71049,38.26323],[-93.70903,38.26406],[-93.70737,38.26485],[-93.7058,38.26534],[-93.70376,38.26593],[-93.70217,38.26608],[-93.7007,38.26578],[-93.69903,38.26473],[-93.69837,38.26409],[-93.69828,38.2632],[-93.69857,38.2612],[-93.69848,38.25891],[-93.69751,38.25406],[-93.6975,38.25343],[-93.69786,38.25184],[-93.69801,38.2502],[-93.69849,38.24859],[-93.6989,38.24791],[-93.6995,38.24619],[-93.69971,38.24495],[-93.69947,38.2444],[-93.6989,38.24391],[-93.69828,38.24373],[-93.69768,38.24367],[-93.69295,38.24432],[-93.68963,38.24514],[-93.6895,38.24535],[-93.68962,38.2456],[-93.69043,38.24643],[-93.69076,38.24723],[-93.69094,38.24833],[-93.69086,38.25025],[-93.69113,38.25107],[-93.69108,38.25224],[-93.69056,38.25304],[-93.68986,38.25354],[-93.68733,38.25453],[-93.68384,38.25538],[-93.68245,38.25602],[-93.67797,38.25706],[-93.67706,38.25774],[-93.67505,38.25834],[-93.67421,38.25811],[-93.6693,38.25845],[-93.66443,38.25747],[-93.65696,38.25688],[-93.64829,38.25441],[-93.64142,38.25214],[-93.6397,38.25249],[-93.6382,38.25319],[-93.6377,38.25366],[-93.6354,38.25751],[-93.63495,38.25892],[-93.63461,38.26446],[-93.63421,38.26729],[-93.63349,38.26897],[-93.63137,38.26976],[-93.63109,38.26972],[-93.63085,38.26938],[-93.62942,38.26853],[-93.62935,38.2674],[-93.62957,38.2657],[-93.62962,38.26333],[-93.6295,38.26244],[-93.62849,38.26075],[-93.62709,38.25962],[-93.62373,38.25774],[-93.62062,38.25675],[-93.6172,38.25535],[-93.61624,38.25535],[-93.61535,38.25559],[-93.61452,38.25608],[-93.61263,38.25787],[-93.61233,38.25837],[-93.61203,38.25903],[-93.61186,38.26002],[-93.61268,38.26376],[-93.61266,38.2648],[-93.6125,38.26559],[-93.61213,38.2662],[-93.61163,38.26658],[-93.61096,38.26668],[-93.60953,38.2666],[-93.60888,38.26641],[-93.60824,38.26589],[-93.60704,38.26291],[-93.60687,38.26013],[-93.60727,38.25684],[-93.60678,38.25415],[-93.60629,38.2526],[-93.60565,38.25146],[-93.60163,38.24791],[-93.59877,38.24347],[-93.5974,38.24192],[-93.59652,38.24205],[-93.59481,38.24278],[-93.59268,38.24426],[-93.59149,38.24519],[-93.59029,38.24661],[-93.58982,38.24765],[-93.58964,38.24902],[-93.59035,38.25237],[-93.59001,38.25251],[-93.58961,38.25229],[-93.58918,38.25247],[-93.58998,38.25287],[-93.59038,38.25326],[-93.59077,38.25579],[-93.59192,38.25834],[-93.59399,38.26189],[-93.5953,38.26363],[-93.59648,38.2648],[-93.59758,38.26549],[-93.59903,38.26628],[-93.5997,38.26617],[-93.60117,38.26709],[-93.60346,38.26877],[-93.60434,38.26977],[-93.60459,38.27057],[-93.60463,38.27133],[-93.60443,38.27169],[-93.60364,38.27219],[-93.60048,38.27249],[-93.59832,38.27226],[-93.5954,38.27139],[-93.59408,38.27075],[-93.59235,38.27022],[-93.59186,38.26989],[-93.59103,38.26893],[-93.59049,38.26788],[-93.58911,38.26696],[-93.587,38.26497],[-93.58571,38.26449],[-93.58456,38.26433],[-93.58306,38.26417],[-93.58031,38.26423],[-93.57953,38.26408],[-93.57739,38.26303],[-93.57679,38.26206],[-93.57671,38.26138],[-93.57691,38.26043],[-93.57739,38.25952],[-93.57827,38.25652],[-93.579,38.25489],[-93.58116,38.25191],[-93.5822,38.25004],[-93.58261,38.24793],[-93.58244,38.24712],[-93.58196,38.24663],[-93.58143,38.24646],[-93.5795,38.24656],[-93.57856,38.24689],[-93.578,38.24732],[-93.5773,38.24807],[-93.57608,38.24996],[-93.57483,38.25084],[-93.57344,38.25151],[-93.57197,38.25264],[-93.57139,38.25335],[-93.57173,38.25505],[-93.57234,38.25637],[-93.5737,38.26075],[-93.57411,38.26356],[-93.57401,38.2648],[-93.5731,38.26667],[-93.57241,38.26748],[-93.57202,38.26771],[-93.57127,38.26783],[-93.57038,38.26869],[-93.56883,38.26949],[-93.56734,38.27005],[-93.5665,38.27005],[-93.56414,38.26927],[-93.56363,38.26821],[-93.56334,38.26798],[-93.56267,38.26785],[-93.56252,38.26751],[-93.56073,38.26572],[-93.5587,38.26459],[-93.5567,38.26406],[-93.55489,38.264],[-93.55224,38.26437],[-93.54819,38.26579],[-93.54616,38.26541],[-93.5444,38.26487],[-93.54234,38.2639],[-93.5419,38.26344],[-93.54143,38.2633],[-93.53999,38.26352],[-93.53694,38.26453],[-93.53645,38.265],[-93.53635,38.26569],[-93.53496,38.26965],[-93.53428,38.27291],[-93.53431,38.27416],[-93.53418,38.27464],[-93.53337,38.27634],[-93.53216,38.27817],[-93.52935,38.27984],[-93.5282,38.28017],[-93.52688,38.28014],[-93.52568,38.27929],[-93.52471,38.27712],[-93.52363,38.27557],[-93.52065,38.27251],[-93.52058,38.27443],[-93.52026,38.274],[-93.51954,38.2726],[-93.51868,38.2703],[-93.51841,38.27027],[-93.51813,38.27048],[-93.51795,38.27032],[-93.518,38.26899],[-93.51781,38.26841],[-93.51757,38.2683],[-93.51712,38.26855],[-93.51697,38.26827],[-93.51713,38.26781],[-93.51658,38.26692],[-93.51623,38.26678],[-93.51544,38.26693],[-93.51653,38.26547],[-93.51645,38.26514],[-93.51599,38.26489],[-93.51581,38.26448],[-93.51531,38.26435],[-93.51425,38.26473],[-93.51457,38.26418],[-93.51452,38.26393],[-93.51287,38.26286],[-93.5123,38.26296],[-93.51192,38.2632],[-93.51127,38.26324],[-93.51059,38.26357],[-93.51068,38.26423],[-93.51126,38.26481],[-93.51155,38.2655],[-93.51122,38.26545],[-93.5102,38.26458],[-93.50928,38.2641],[-93.50907,38.26459],[-93.50871,38.26466],[-93.50833,38.26425],[-93.50756,38.26443],[-93.50731,38.26474],[-93.50682,38.26445],[-93.50613,38.26442],[-93.50536,38.26501],[-93.50432,38.26529],[-93.50395,38.26576],[-93.50426,38.26595],[-93.5052,38.26594],[-93.50675,38.26656],[-93.50755,38.26764],[-93.50589,38.26689],[-93.50431,38.26675],[-93.5038,38.26693],[-93.50381,38.26713],[-93.50528,38.26841],[-93.50423,38.26811],[-93.50375,38.26821],[-93.50357,38.26859],[-93.50372,38.26921],[-93.50407,38.26967],[-93.50408,38.27013],[-93.50493,38.27145],[-93.5056,38.27214],[-93.50653,38.27255],[-93.50728,38.27327],[-93.5064,38.27327],[-93.50581,38.27276],[-93.50453,38.27223],[-93.50338,38.27076],[-93.50177,38.27013],[-93.50113,38.26926],[-93.50081,38.26911],[-93.50049,38.26918],[-93.50041,38.26975],[-93.50094,38.2701],[-93.50198,38.27132],[-93.50197,38.27239],[-93.50211,38.27277],[-93.50482,38.27598],[-93.50506,38.27667],[-93.50503,38.27708],[-93.50549,38.27752],[-93.50482,38.27807],[-93.50474,38.27883],[-93.50561,38.27964],[-93.50712,38.28037],[-93.50792,38.28134],[-93.50832,38.2815],[-93.50892,38.28231],[-93.50818,38.28259],[-93.50665,38.28115],[-93.50557,38.28042],[-93.50536,38.28049],[-93.50543,38.28111],[-93.50518,38.2814],[-93.50445,38.27996],[-93.50367,38.27998],[-93.50376,38.27949],[-93.50336,38.27924],[-93.50286,38.27916],[-93.50299,38.27876],[-93.50276,38.27844],[-93.50307,38.27791],[-93.50302,38.27721],[-93.50252,38.27593],[-93.50169,38.27509],[-93.50074,38.27503],[-93.50021,38.27419],[-93.50021,38.27372],[-93.49986,38.27359],[-93.49931,38.27366],[-93.49809,38.27441],[-93.49768,38.27447],[-93.49764,38.27424],[-93.49816,38.27355],[-93.49805,38.27304],[-93.49756,38.27285],[-93.49656,38.27297],[-93.49546,38.27389],[-93.4946,38.27567],[-93.49453,38.2769],[-93.49327,38.27597],[-93.49226,38.27584],[-93.49134,38.2762],[-93.4903,38.27705],[-93.4889,38.27752],[-93.48853,38.27788],[-93.48861,38.27826],[-93.49023,38.27935],[-93.49162,38.28097],[-93.49211,38.28231],[-93.4926,38.28264],[-93.49203,38.28302],[-93.49186,38.28412],[-93.49193,38.28457],[-93.49234,38.28524],[-93.49335,38.28593],[-93.49236,38.28599],[-93.49185,38.28649],[-93.49173,38.28626],[-93.48771,38.28615],[-93.48757,38.28912],[-93.48677,38.2891],[-93.48675,38.28992],[-93.48565,38.28989],[-93.48458,38.29149],[-93.48559,38.29266],[-93.48639,38.29313],[-93.48745,38.29341],[-93.48881,38.29348],[-93.48869,38.29694],[-93.48723,38.29689],[-93.48705,38.30069],[-93.48943,38.30076],[-93.48927,38.3044],[-93.48512,38.30658],[-93.48414,38.30901],[-93.48356,38.30953],[-93.48357,38.30978],[-93.48404,38.31002],[-93.48366,38.31044],[-93.48378,38.311],[-93.4834,38.31164],[-93.48344,38.31196],[-93.48402,38.31286],[-93.48364,38.31393],[-93.48369,38.31451],[-93.48423,38.31464],[-93.48497,38.31429],[-93.48557,38.3143],[-93.48558,38.31474],[-93.48586,38.31486],[-93.48633,38.3147],[-93.48672,38.31432],[-93.48709,38.31435],[-93.48717,38.31462],[-93.48777,38.31491],[-93.48731,38.31528],[-93.48725,38.31555],[-93.4877,38.31571],[-93.48883,38.31576],[-93.49036,38.31549],[-93.49098,38.31493],[-93.49113,38.31447],[-93.49333,38.31454],[-93.49331,38.31488],[-93.49355,38.31502],[-93.49412,38.31519],[-93.49511,38.31504],[-93.49558,38.3153],[-93.49774,38.31583],[-93.49901,38.31667],[-93.50119,38.31711],[-93.50167,38.31708],[-93.50193,38.31669],[-93.50307,38.31628],[-93.50326,38.31585],[-93.50369,38.31594],[-93.50423,38.31567],[-93.50443,38.31535],[-93.50444,38.31491],[-93.50451,38.31659],[-93.50422,38.31685],[-93.50446,38.3172],[-93.50362,38.3172],[-93.5029,38.31794],[-93.50276,38.31858],[-93.50318,38.31916],[-93.50442,38.32006],[-93.50477,38.32005],[-93.5053,38.31976],[-93.50509,38.32034],[-93.50668,38.32134],[-93.50858,38.32171],[-93.50882,38.32157],[-93.51035,38.3218],[-93.5115,38.32174],[-93.51034,38.32239],[-93.50976,38.32303],[-93.51166,38.32512],[-93.51205,38.32603],[-93.51227,38.32754],[-93.51222,38.32942],[-93.51201,38.33076],[-93.51304,38.33077],[-93.51532,38.33466],[-93.51569,38.33796],[-93.5163,38.33967],[-93.5173,38.34097],[-93.51565,38.37395],[-93.5173,38.37408],[-93.51586,38.37281],[-93.51593,38.37243],[-93.51619,38.37215],[-93.51653,38.37208],[-93.51903,38.37312],[-93.51992,38.37329],[-93.52179,38.37276],[-93.5219,38.37358],[-93.52233,38.37441],[-93.5229,38.37441],[-93.52263,38.37251],[-93.5237,38.37188],[-93.52455,38.37107],[-93.52488,38.37035],[-93.52428,38.36972],[-93.52266,38.36926],[-93.52199,38.36881],[-93.5216,38.36813],[-93.52203,38.36772],[-93.5207,38.36758],[-93.52017,38.36706],[-93.52082,38.36701],[-93.52101,38.36684],[-93.52007,38.36631],[-93.52078,38.36552],[-93.52146,38.36599],[-93.52167,38.36531],[-93.52253,38.36472],[-93.52268,38.36419],[-93.52353,38.3632],[-93.52434,38.36177],[-93.52467,38.36158],[-93.52567,38.36203],[-93.52577,38.36266],[-93.52667,38.36374],[-93.52689,38.36361],[-93.52634,38.36276],[-93.52637,38.36249],[-93.52652,38.36244],[-93.52688,38.36283],[-93.52738,38.363],[-93.52773,38.36353],[-93.52849,38.36376],[-93.52999,38.36469],[-93.52998,38.36515],[-93.53144,38.36706],[-93.53264,38.36799],[-93.53386,38.36853],[-93.5335,38.36882],[-93.53356,38.36895],[-93.53443,38.36899],[-93.53483,38.36883],[-93.53536,38.36894],[-93.53565,38.36881],[-93.53624,38.36892],[-93.53644,38.36864],[-93.53674,38.36864],[-93.53683,38.36914],[-93.53729,38.36927],[-93.53769,38.3696],[-93.5379,38.37031],[-93.53786,38.37098],[-93.53811,38.37088],[-93.53898,38.36951],[-93.53985,38.36929],[-93.54087,38.36955],[-93.54127,38.37003],[-93.54088,38.37067],[-93.54137,38.37067],[-93.54167,38.37084],[-93.54198,38.37163],[-93.54204,38.37248],[-93.54241,38.37247],[-93.54258,38.37231],[-93.54267,38.37156],[-93.54238,38.36968],[-93.54286,38.36928],[-93.54305,38.36804],[-93.54336,38.36782],[-93.54389,38.36792],[-93.5441,38.36897],[-93.54451,38.36901],[-93.54495,38.36942],[-93.54561,38.36909],[-93.54629,38.36907],[-93.55058,38.36982],[-93.55073,38.36998],[-93.55084,38.37104],[-93.55099,38.37113],[-93.55149,38.36984],[-93.5518,38.36973],[-93.55298,38.37041],[-93.55333,38.37082],[-93.55369,38.37053],[-93.55271,38.36986],[-93.55276,38.36961],[-93.55497,38.36851],[-93.55846,38.36733],[-93.55933,38.3666],[-93.55979,38.36598],[-93.56076,38.36405],[-93.56124,38.36373],[-93.56203,38.36354],[-93.56224,38.36358],[-93.56219,38.36374],[-93.56096,38.36482],[-93.56071,38.36531],[-93.56091,38.36752],[-93.56136,38.36813],[-93.56188,38.36817],[-93.56233,38.36844],[-93.56242,38.36897],[-93.56297,38.36913],[-93.56299,38.3693],[-93.56236,38.37008],[-93.56191,38.37028],[-93.56182,38.37089],[-93.56189,38.37097],[-93.56247,38.37056],[-93.56283,38.37051],[-93.56306,38.37126],[-93.56298,38.37173],[-93.56343,38.37197],[-93.56351,38.37284],[-93.56374,38.37267],[-93.56375,38.37234],[-93.56395,38.37214],[-93.5636,38.37151],[-93.56371,38.37139],[-93.56561,38.3714],[-93.56688,38.37123],[-93.56777,38.3715],[-93.56838,38.37193],[-93.5691,38.37202],[-93.56929,38.37236],[-93.56976,38.37236],[-93.57049,38.37149],[-93.57128,38.37169],[-93.57156,38.3712],[-93.5725,38.37148],[-93.57295,38.37136],[-93.57336,38.37161],[-93.57344,38.37177],[-93.57328,38.37208],[-93.57362,38.37244],[-93.5736,38.37264],[-93.57322,38.37286],[-93.57279,38.37348],[-93.57296,38.37467],[-93.57356,38.37448],[-93.57421,38.37473],[-93.57441,38.37445],[-93.57423,38.37412],[-93.5743,38.37362],[-93.57418,38.37342],[-93.57458,38.37296],[-93.57485,38.37307],[-93.57493,38.37359],[-93.57522,38.37326],[-93.57573,38.37314],[-93.57548,38.37272],[-93.57668,38.37289],[-93.57702,38.37335],[-93.57729,38.37278],[-93.57771,38.37271],[-93.57783,38.37282],[-93.57785,38.37478],[-93.57833,38.37395],[-93.57827,38.37325],[-93.57843,38.37301],[-93.57914,38.37308],[-93.57938,38.37248],[-93.5811,38.37156],[-93.5818,38.37151],[-93.58259,38.37192],[-93.58286,38.37243],[-93.5822,38.37421],[-93.58247,38.37496],[-93.58341,38.37597],[-93.58409,38.37604],[-93.5845,38.37581],[-93.58482,38.376],[-93.58561,38.37598],[-93.58574,38.37575],[-93.58563,38.37521],[-93.58591,38.37512],[-93.58625,38.37535],[-93.58644,38.37584],[-93.58638,38.37617],[-93.58699,38.37653],[-93.58781,38.37659],[-93.5891,38.37623],[-93.58913,38.37641],[-93.58864,38.3767],[-93.58808,38.37737],[-93.58759,38.3776],[-93.587,38.37869],[-93.58587,38.37978],[-93.5844,38.38068],[-93.58346,38.38076],[-93.58323,38.38154],[-93.58271,38.38202],[-93.58023,38.38294],[-93.57877,38.38326],[-93.57744,38.38402],[-93.57641,38.38679],[-93.57662,38.38784],[-93.57642,38.38828],[-93.5794,38.38982],[-93.58121,38.39044],[-93.58888,38.39076],[-93.58831,38.40382],[-93.58765,38.40467],[-93.58638,38.40523],[-93.60206,38.40566],[-93.60168,38.41576],[-93.60163,38.41609],[-93.60116,38.41679],[-93.60112,38.41858],[-93.60139,38.41914],[-93.6012,38.42375],[-93.60272,38.42381],[-93.60403,38.42595],[-93.60598,38.42695],[-93.60799,38.42713],[-93.6086,38.42741],[-93.61026,38.42869],[-93.612,38.42947],[-93.61189,38.43047],[-93.61233,38.43162],[-93.61314,38.43246],[-93.61393,38.43411],[-93.61391,38.43489],[-93.61357,38.43568],[-93.61593,38.43863],[-93.6234,38.43883],[-93.62384,38.43129],[-93.62388,38.42777],[-93.62371,38.42683],[-93.62392,38.42586],[-93.62466,38.40678],[-93.62554,38.40645],[-93.62615,38.40681],[-93.62675,38.4088],[-93.62802,38.40989],[-93.62795,38.41021],[-93.62746,38.41084],[-93.62762,38.4113],[-93.62824,38.41179],[-93.63032,38.4124],[-93.63106,38.41305],[-93.63055,38.41389],[-93.63041,38.41474],[-93.62967,38.41536],[-93.62955,38.41565],[-93.62962,38.41634],[-93.62987,38.41685],[-93.63199,38.41719],[-93.6331,38.41779],[-93.63372,38.41784],[-93.634,38.41739],[-93.63499,38.41676],[-93.63555,38.41591],[-93.63622,38.41571],[-93.63632,38.41492],[-93.63699,38.41497],[-93.63756,38.41543],[-93.63748,38.41602],[-93.63776,38.41642],[-93.638,38.41653],[-93.63856,38.4164],[-93.63877,38.41652],[-93.63886,38.41727],[-93.6382,38.41768],[-93.63806,38.41947],[-93.63847,38.42059],[-93.63884,38.42083],[-93.63956,38.42091],[-93.64112,38.42002],[-93.64121,38.41948],[-93.64094,38.41889],[-93.64151,38.41842],[-93.64157,38.41803],[-93.64193,38.41747],[-93.64304,38.41714],[-93.64332,38.41659],[-93.64428,38.41677],[-93.6442,38.41757],[-93.64436,38.41788],[-93.64458,38.41791],[-93.64568,38.41783],[-93.64716,38.4168],[-93.6474,38.41531],[-93.64758,38.41187],[-93.64807,38.39978],[-93.6494,38.39989],[-93.64962,38.40048],[-93.65008,38.4007],[-93.65052,38.40169],[-93.65167,38.40154],[-93.65229,38.40196],[-93.65296,38.40195],[-93.65335,38.40233],[-93.65298,38.40267],[-93.65304,38.40285],[-93.65353,38.40301],[-93.65412,38.40277],[-93.65521,38.40285],[-93.65567,38.40349],[-93.65683,38.40359],[-93.65689,38.40398],[-93.65741,38.40441],[-93.65772,38.40435],[-93.65764,38.40396],[-93.65782,38.40383],[-93.65833,38.40411],[-93.65878,38.40383],[-93.65938,38.404],[-93.65974,38.40394],[-93.65997,38.40372],[-93.66032,38.40399],[-93.6609,38.40399],[-93.66182,38.40325],[-93.66105,38.41972],[-93.66051,38.4214],[-93.66112,38.42183],[-93.66132,38.42219],[-93.66118,38.42239],[-93.66047,38.42268],[-93.66189,38.42344],[-93.66292,38.423],[-93.66371,38.42288],[-93.66402,38.42295],[-93.66469,38.42349],[-93.66486,38.42388],[-93.66467,38.42416],[-93.66472,38.42446],[-93.66553,38.4248],[-93.66587,38.42521],[-93.6658,38.42557],[-93.66474,38.42611],[-93.6647,38.42651],[-93.6652,38.42701],[-93.66557,38.42716],[-93.66595,38.42675],[-93.66627,38.42673],[-93.66652,38.42699],[-93.66658,38.42748],[-93.667,38.42783],[-93.66776,38.42733],[-93.66882,38.42723],[-93.67025,38.42685],[-93.67208,38.42716],[-93.67264,38.42751],[-93.6734,38.42871],[-93.67531,38.42961],[-93.6759,38.43018],[-93.67617,38.43078],[-93.67587,38.43105],[-93.67612,38.43136],[-93.67641,38.43155],[-93.67675,38.4315],[-93.67706,38.43185],[-93.67807,38.43164],[-93.6782,38.43208],[-93.67793,38.43235],[-93.67819,38.43252],[-93.67857,38.43233],[-93.67881,38.43239],[-93.67874,38.43293],[-93.67895,38.43323],[-93.67921,38.4333],[-93.67948,38.433],[-93.68028,38.43286],[-93.6806,38.43174],[-93.68126,38.43192],[-93.68175,38.43226],[-93.68294,38.43207],[-93.68317,38.43259],[-93.68382,38.43284],[-93.68388,38.4341],[-93.68426,38.43449],[-93.68595,38.43465],[-93.68747,38.43524],[-93.68789,38.43491],[-93.68845,38.435],[-93.68889,38.43484],[-93.68894,38.43421],[-93.68938,38.43395],[-93.69002,38.43429],[-93.69039,38.43481],[-93.6912,38.4346],[-93.69136,38.43424],[-93.691,38.43421],[-93.69072,38.43381],[-93.69136,38.43366],[-93.69162,38.43327],[-93.69282,38.4331],[-93.69302,38.4328],[-93.69276,38.4327],[-93.69253,38.43214],[-93.69308,38.43173],[-93.69361,38.43172],[-93.69424,38.43131],[-93.69447,38.4306],[-93.69445,38.43005],[-93.69463,38.42981],[-93.69555,38.4293],[-93.69542,38.43035],[-93.69492,38.43056],[-93.69459,38.43105],[-93.69341,38.43317],[-93.69309,38.4342],[-93.69003,38.43606],[-93.68818,38.4375],[-93.68318,38.44158],[-93.68317,38.44218],[-93.68346,38.44271],[-93.68417,38.44302],[-93.68432,38.44362],[-93.68464,38.44403],[-93.68467,38.44482],[-93.68512,38.44497],[-93.68576,38.44569],[-93.68629,38.44573],[-93.68734,38.4462],[-93.68889,38.4473],[-93.68891,38.44757],[-93.68848,38.44852],[-93.68862,38.44893],[-93.68852,38.44948],[-93.68905,38.44959],[-93.68974,38.45016],[-93.69002,38.45079],[-93.69092,38.45126],[-93.69109,38.45176],[-93.69174,38.45165],[-93.69218,38.45191],[-93.6926,38.45266],[-93.69282,38.45356],[-93.6941,38.4549],[-93.69417,38.45519],[-93.69634,38.45579],[-93.6971,38.45568],[-93.69805,38.45592],[-93.69857,38.45641],[-93.69904,38.45743],[-93.70019,38.45812],[-93.70041,38.45902],[-93.70085,38.45986],[-93.70083,38.46048],[-93.70167,38.46074],[-93.7016,38.46144],[-93.70269,38.46207],[-93.70378,38.46243],[-93.70434,38.46309],[-93.70548,38.46304],[-93.70556,38.46355],[-93.70617,38.46336],[-93.70736,38.46354],[-93.70787,38.46385],[-93.70864,38.46469],[-93.71095,38.46604],[-93.71166,38.46709],[-93.71258,38.46802],[-93.71253,38.47354],[-93.70362,38.4734],[-93.70296,38.47363],[-93.70329,38.4743],[-93.70312,38.48062],[-93.7023,38.48132],[-93.70067,38.48382],[-93.70063,38.4889],[-93.70095,38.48914],[-93.70145,38.49021],[-93.70171,38.49042],[-93.70147,38.49067],[-93.70318,38.49183],[-93.70351,38.49234],[-93.7042,38.49199],[-93.70469,38.49209],[-93.70452,38.4928],[-93.70461,38.49302],[-93.70623,38.49301],[-93.70659,38.49318],[-93.70678,38.49348],[-93.70744,38.4937],[-93.70813,38.49482],[-93.70815,38.49603],[-93.70844,38.49638],[-93.7099,38.49642],[-93.71091,38.49681],[-93.71149,38.49654],[-93.71216,38.49648],[-93.71337,38.49675],[-93.7138,38.49648],[-93.71402,38.49658],[-93.71396,38.49705],[-93.7135,38.49781],[-93.7138,38.4985],[-93.71464,38.4994],[-93.715,38.50011],[-93.71583,38.50076],[-93.71668,38.50038],[-93.71739,38.50074],[-93.71809,38.50144],[-93.71813,38.50204],[-93.71879,38.50264],[-93.71872,38.50278],[-93.71772,38.50308],[-93.71715,38.50305],[-93.71724,38.50343],[-93.71772,38.50381],[-93.71878,38.50389],[-93.7182,38.50437],[-93.71931,38.50486],[-93.71931,38.50549],[-93.72014,38.50613],[-93.72129,38.50617],[-93.72152,38.50633],[-93.72167,38.50673],[-93.7221,38.50688],[-93.72228,38.50682],[-93.72214,38.50662],[-93.72223,38.50641],[-93.7228,38.50652],[-93.72308,38.50698],[-93.7237,38.50705],[-93.72406,38.50737],[-93.7247,38.50714],[-93.72534,38.50733],[-93.72621,38.50734],[-93.72619,38.5076],[-93.72569,38.50774],[-93.72553,38.50805],[-93.72569,38.50819],[-93.72645,38.50824],[-93.72633,38.50853],[-93.7264,38.50923],[-93.72663,38.50941],[-93.72721,38.50949],[-93.72718,38.51039],[-93.72743,38.51067],[-93.72801,38.51087],[-93.72894,38.51057],[-93.72897,38.51146],[-93.72938,38.51166],[-93.72971,38.5116],[-93.72959,38.51129],[-93.7297,38.51115],[-93.73084,38.51081],[-93.73108,38.51087],[-93.73158,38.51171],[-93.73226,38.51192],[-93.73237,38.51223],[-93.73288,38.51243],[-93.73289,38.51289],[-93.73303,38.51303],[-93.73385,38.51323],[-93.73455,38.5139],[-93.7368,38.51486],[-93.73712,38.51523],[-93.73706,38.5156],[-93.73748,38.51594],[-93.73777,38.51585],[-93.73802,38.51605],[-93.73876,38.51573],[-93.7396,38.51603],[-93.74072,38.51618],[-93.74087,38.51665],[-93.74144,38.51683],[-93.74142,38.51724],[-93.74201,38.51747],[-93.74188,38.51782],[-93.74204,38.51799],[-93.74257,38.51806],[-93.74308,38.51776],[-93.74338,38.51812],[-93.74376,38.51807],[-93.74396,38.51826],[-93.74495,38.51804],[-93.74504,38.51842],[-93.74553,38.51822],[-93.74602,38.51833],[-93.74611,38.51801],[-93.7467,38.51819],[-93.74717,38.51799],[-93.74746,38.51804],[-93.74814,38.51865],[-93.74798,38.52491],[-93.76181,38.52515],[-93.76206,38.51788],[-93.79749,38.51835],[-93.79716,38.51793],[-93.79674,38.51816],[-93.79644,38.51813],[-93.79626,38.51787],[-93.79535,38.51752],[-93.7956,38.51691],[-93.79505,38.51693],[-93.79495,38.51718],[-93.79461,38.51717],[-93.79426,38.51609],[-93.794,38.51603],[-93.79368,38.51624],[-93.79341,38.51616],[-93.79328,38.51576],[-93.79344,38.51563],[-93.79293,38.51536],[-93.79265,38.51489],[-93.79189,38.51472],[-93.79173,38.51434],[-93.79095,38.51432],[-93.79104,38.5138],[-93.7907,38.51384],[-93.7907,38.51356],[-93.79016,38.51304],[-93.78991,38.51054],[-93.79018,38.50015],[-93.79039,38.50001],[-93.79072,38.49909],[-93.79185,38.49873],[-93.79207,38.49802],[-93.79247,38.49744],[-93.79366,38.49672],[-93.7937,38.49599],[-93.79414,38.49583],[-93.7949,38.49516],[-93.79485,38.49492],[-93.79445,38.4949],[-93.79459,38.49462],[-93.79519,38.4944],[-93.79572,38.49441],[-93.79606,38.49416],[-93.79605,38.4939],[-93.79564,38.49347],[-93.79626,38.49253],[-93.79684,38.49219],[-93.79781,38.49207],[-93.7986,38.49104],[-93.80004,38.49063],[-93.8006,38.49067],[-93.80079,38.49038],[-93.80111,38.49051],[-93.80157,38.49021],[-93.80165,38.48986],[-93.80211,38.48955],[-93.80213,38.48933],[-93.80258,38.48943],[-93.80299,38.48911],[-93.80349,38.48943],[-93.80439,38.48909],[-93.80515,38.48912],[-93.80605,38.48946],[-93.8066,38.48938],[-93.8069,38.48914],[-93.80785,38.48951],[-93.80861,38.4895],[-93.80849,38.48991],[-93.80866,38.48997],[-93.80975,38.48953],[-93.81047,38.48889],[-93.81098,38.48912],[-93.81143,38.48876],[-93.8119,38.48894],[-93.81219,38.48934],[-93.81277,38.48939],[-93.8133,38.48968],[-93.81357,38.49005],[-93.81448,38.48989],[-93.81515,38.49045],[-93.81607,38.4899],[-93.81702,38.48985],[-93.81813,38.49012],[-93.81861,38.49009],[-93.81899,38.49062],[-93.81897,38.49103],[-93.82,38.49067],[-93.82101,38.49066],[-93.82071,38.49027],[-93.82085,38.49007],[-93.82266,38.49026],[-93.82269,38.4897],[-93.82664,38.48986],[-93.82682,38.4894],[-93.82679,38.48886],[-93.82763,38.48893],[-93.82791,38.48856],[-93.82851,38.48869],[-93.82869,38.48837],[-93.82921,38.48813],[-93.82953,38.48773],[-93.82922,38.48721],[-93.82967,38.48687],[-93.82983,38.48646],[-93.83041,38.48647],[-93.83018,38.48589],[-93.83094,38.48586],[-93.83195,38.48556],[-93.83278,38.48584],[-93.8334,38.48565],[-93.83399,38.48574],[-93.83588,38.48513],[-93.83637,38.48547],[-93.83723,38.48492],[-93.83727,38.48441],[-93.83699,38.48365],[-93.83763,38.4833],[-93.8371,38.48301],[-93.83694,38.48274],[-93.83714,38.48202],[-93.83843,38.4815],[-93.83959,38.48044],[-93.84064,38.48013],[-93.84105,38.48021],[-93.84133,38.48002],[-93.84208,38.47996],[-93.84296,38.47924],[-93.84284,38.47883],[-93.84351,38.47871],[-93.84281,38.47765],[-93.84298,38.4771],[-93.8427,38.47678],[-93.843,38.47649],[-93.843,38.47607],[-93.84353,38.4759],[-93.84359,38.47568],[-93.84626,38.47571],[-93.84559,38.49325],[-93.84914,38.49335],[-93.84919,38.4904],[-93.85508,38.49045],[-93.85551,38.47612],[-93.85541,38.4758],[-93.86449,38.47599],[-93.86467,38.47023],[-93.86754,38.46868],[-93.86954,38.46672],[-93.87202,38.4655],[-93.87408,38.46505],[-93.87904,38.46329],[-93.88147,38.46185],[-93.89881,38.46212],[-93.89942,38.44549],[-93.90002,38.43511],[-93.89948,38.43398],[-93.89999,38.43386],[-93.89968,38.43121],[-93.90051,38.42963],[-93.90066,38.42787],[-93.90055,38.42593],[-93.90071,38.41494],[-93.90115,38.41086],[-93.9021,38.41116],[-93.90346,38.41098],[-93.90472,38.41109],[-93.90606,38.41143],[-93.90661,38.41115],[-93.90662,38.41073],[-93.90594,38.40857],[-93.90564,38.40801],[-93.90434,38.40693],[-93.90391,38.40558],[-93.90554,38.407],[-93.90622,38.40733],[-93.90806,38.40744],[-93.90878,38.40704],[-93.90917,38.40705],[-93.91334,38.40903],[-93.91479,38.40995],[-93.91603,38.41136],[-93.91649,38.41278],[-93.91704,38.41342],[-93.91939,38.41353],[-93.91966,38.4143],[-93.93006,38.41402],[-93.95518,38.41457],[-93.95646,38.38656],[-93.95567,38.38633],[-93.95532,38.38598],[-93.95648,38.38624],[-93.95651,38.38565],[-93.96327,38.38582],[-93.96438,38.3824],[-93.965,38.3797],[-93.96616,38.37795],[-93.9666,38.37142],[-93.97594,38.37163],[-93.97656,38.3586]]]}},{"type":"Feature","properties":{"ZIP":"64739"},"geometry":{"type":"Polygon","coordinates":[[[-94.18681,38.52656],[-94.18792,38.52659],[-94.17247,38.51185],[-94.17247,38.51168],[-94.17703,38.5118],[-94.17708,38.51044],[-94.16921,38.50548],[-94.15915,38.49869],[-94.15984,38.48169],[-94.16007,38.47008],[-94.1603,38.46964],[-94.16034,38.46791],[-94.14189,38.46746],[-94.14137,38.47962],[-94.13191,38.46934],[-94.12988,38.4668],[-94.13014,38.4664],[-94.13032,38.4629],[-94.12982,38.4621],[-94.12001,38.46203],[-94.115,38.46135],[-94.11153,38.46],[-94.10982,38.45911],[-94.10609,38.45588],[-94.10254,38.45563],[-94.10239,38.45506],[-94.10213,38.45476],[-94.10164,38.4546],[-94.09718,38.45465],[-94.09648,38.45487],[-94.09584,38.45526],[-94.09543,38.45638],[-94.09494,38.45691],[-94.09424,38.45835],[-94.09375,38.4586],[-94.09346,38.45851],[-94.09299,38.45803],[-94.0927,38.45698],[-94.09148,38.45634],[-94.09092,38.45586],[-94.09046,38.45474],[-94.0902,38.45295],[-94.09005,38.45266],[-94.0897,38.45245],[-94.08932,38.45243],[-94.08892,38.4527],[-94.08732,38.45572],[-94.08641,38.45593],[-94.08548,38.45524],[-94.08437,38.45355],[-94.08267,38.45314],[-94.08224,38.45063],[-94.08144,38.44962],[-94.08077,38.44953],[-94.08043,38.44969],[-94.07974,38.45133],[-94.07899,38.45189],[-94.07729,38.45199],[-94.07672,38.45177],[-94.07622,38.45123],[-94.07587,38.45046],[-94.07586,38.44984],[-94.07598,38.44916],[-94.07614,38.44903],[-94.07809,38.44848],[-94.07808,38.44811],[-94.07792,38.44797],[-94.07614,38.44767],[-94.07419,38.44777],[-94.07373,38.44789],[-94.07339,38.44896],[-94.07298,38.44915],[-94.0723,38.4488],[-94.07137,38.44729],[-94.07086,38.44675],[-94.07011,38.44659],[-94.06627,38.44707],[-94.06353,38.44707],[-94.06112,38.44729],[-94.04246,38.45207],[-94.03815,38.45305],[-94.03601,38.45319],[-94.03629,38.45422],[-94.03601,38.45806],[-94.03608,38.45905],[-94.03665,38.45961],[-94.03925,38.46073],[-94.04028,38.46265],[-94.04117,38.46357],[-94.04104,38.46389],[-94.04031,38.46384],[-94.04001,38.46407],[-94.04022,38.46486],[-94.03964,38.46508],[-94.03948,38.46562],[-94.03865,38.46615],[-94.03847,38.46661],[-94.03883,38.46681],[-94.04101,38.46611],[-94.04196,38.46641],[-94.04228,38.46681],[-94.04215,38.46716],[-94.0416,38.46755],[-94.04066,38.46733],[-94.03985,38.46805],[-94.03922,38.46794],[-94.03899,38.46804],[-94.03914,38.4687],[-94.03942,38.46887],[-94.03986,38.46884],[-94.04048,38.46836],[-94.04146,38.46838],[-94.04179,38.4694],[-94.04171,38.46975],[-94.04136,38.4699],[-94.04071,38.46934],[-94.0401,38.46919],[-94.03899,38.46935],[-94.03867,38.46957],[-94.03893,38.47001],[-94.03943,38.46993],[-94.03969,38.47004],[-94.03958,38.47035],[-94.03899,38.4709],[-94.03953,38.47146],[-94.03949,38.47227],[-94.03982,38.47285],[-94.04078,38.47364],[-94.04129,38.47341],[-94.0418,38.47263],[-94.04252,38.47248],[-94.04287,38.47283],[-94.04292,38.47345],[-94.04314,38.47393],[-94.04372,38.47441],[-94.04464,38.47398],[-94.04484,38.47402],[-94.04539,38.47469],[-94.04632,38.47451],[-94.04668,38.47463],[-94.04699,38.47536],[-94.04665,38.4763],[-94.04668,38.47658],[-94.04737,38.47701],[-94.04782,38.47769],[-94.04846,38.4777],[-94.04936,38.47699],[-94.04984,38.47713],[-94.05009,38.4776],[-94.04937,38.47777],[-94.04919,38.47799],[-94.04961,38.47886],[-94.05014,38.47894],[-94.05076,38.47847],[-94.05116,38.47855],[-94.05167,38.47899],[-94.05294,38.47918],[-94.05367,38.47885],[-94.05404,38.47918],[-94.05522,38.47965],[-94.05512,38.48018],[-94.02928,38.47959],[-94.02786,38.47896],[-94.02699,38.47927],[-94.03058,38.48117],[-94.03033,38.48173],[-94.03012,38.4866],[-94.02852,38.52895],[-94.01023,38.52963],[-94.00998,38.53737],[-94.03741,38.53785],[-94.03727,38.54361],[-94.03678,38.54404],[-94.03634,38.54534],[-94.0361,38.54554],[-94.03616,38.5458],[-94.03597,38.54626],[-94.03577,38.54637],[-94.03615,38.54657],[-94.03601,38.54683],[-94.03637,38.54697],[-94.03569,38.54761],[-94.03614,38.54773],[-94.03608,38.54809],[-94.03541,38.5483],[-94.03531,38.54868],[-94.03415,38.5491],[-94.034,38.54935],[-94.03363,38.54928],[-94.03326,38.54967],[-94.03296,38.54975],[-94.03314,38.55078],[-94.03282,38.55132],[-94.03182,38.55162],[-94.03145,38.55133],[-94.03135,38.55141],[-94.03139,38.55215],[-94.03207,38.55217],[-94.03157,38.56666],[-94.06432,38.56738],[-94.06807,38.56757],[-94.10116,38.56813],[-94.11966,38.56871],[-94.12024,38.55416],[-94.15697,38.55495],[-94.15791,38.53046],[-94.17631,38.53103],[-94.1764,38.52633],[-94.18681,38.52656]]]}},{"type":"Feature","properties":{"ZIP":"64742"},"geometry":{"type":"Polygon","coordinates":[[[-94.61346,38.42544],[-94.61334,38.40689],[-94.61281,38.40725],[-94.58784,38.40671],[-94.58746,38.4165],[-94.58722,38.41699],[-94.58675,38.41736],[-94.58624,38.41751],[-94.58411,38.41748],[-94.58341,38.41773],[-94.58296,38.41822],[-94.58252,38.42823],[-94.54528,38.42758],[-94.54527,38.42731],[-94.5444,38.42704],[-94.54409,38.42653],[-94.54343,38.42645],[-94.54335,38.42619],[-94.54248,38.42595],[-94.54198,38.42554],[-94.54165,38.4247],[-94.54125,38.42434],[-94.54135,38.4241],[-94.54111,38.42376],[-94.54053,38.42356],[-94.54046,38.42333],[-94.54001,38.42299],[-94.53917,38.42288],[-94.53845,38.42218],[-94.53808,38.42239],[-94.53776,38.42224],[-94.53763,38.42254],[-94.5378,38.42306],[-94.53654,38.42329],[-94.53684,38.42384],[-94.53678,38.42419],[-94.53596,38.42435],[-94.53569,38.42466],[-94.53527,38.4247],[-94.53533,38.42497],[-94.53611,38.42582],[-94.53544,38.42635],[-94.53433,38.42677],[-94.53441,38.42729],[-94.50932,38.42666],[-94.5092,38.43036],[-94.50423,38.43024],[-94.50353,38.43049],[-94.50294,38.43087],[-94.50243,38.43147],[-94.50092,38.43174],[-94.49941,38.43247],[-94.49808,38.43421],[-94.4979,38.43498],[-94.49812,38.43582],[-94.49604,38.43779],[-94.49543,38.43773],[-94.49416,38.43844],[-94.49238,38.4382],[-94.49103,38.43885],[-94.48872,38.4395],[-94.48829,38.43992],[-94.48775,38.44014],[-94.48672,38.4403],[-94.48695,38.44134],[-94.48608,38.44148],[-94.48595,38.44181],[-94.48529,38.44202],[-94.48533,38.44287],[-94.4859,38.44378],[-94.48677,38.44406],[-94.48679,38.44471],[-94.48735,38.44515],[-94.48748,38.44546],[-94.48848,38.44567],[-94.48879,38.44611],[-94.48885,38.44662],[-94.48926,38.44747],[-94.4885,38.44814],[-94.48836,38.44858],[-94.49006,38.44939],[-94.49048,38.45026],[-94.49142,38.45111],[-94.49156,38.45185],[-94.49232,38.45253],[-94.49277,38.45359],[-94.49375,38.45421],[-94.49368,38.45444],[-94.49308,38.45432],[-94.49279,38.45459],[-94.49294,38.45498],[-94.49359,38.45514],[-94.49367,38.45529],[-94.49354,38.45565],[-94.49396,38.4566],[-94.49383,38.45692],[-94.49428,38.45706],[-94.49428,38.45765],[-94.49454,38.45826],[-94.49428,38.45855],[-94.49428,38.45884],[-94.49477,38.45907],[-94.49467,38.45968],[-94.49403,38.46011],[-94.49404,38.46034],[-94.4943,38.46062],[-94.49337,38.46126],[-94.49315,38.46252],[-94.4923,38.46304],[-94.49215,38.46333],[-94.49124,38.46348],[-94.49116,38.46369],[-94.4914,38.46407],[-94.49071,38.46442],[-94.49051,38.47144],[-94.49151,38.47263],[-94.49142,38.47435],[-94.49108,38.47513],[-94.45576,38.47441],[-94.45526,38.48898],[-94.46448,38.48914],[-94.4641,38.49998],[-94.46817,38.50004],[-94.46863,38.50035],[-94.46829,38.51097],[-94.47089,38.51102],[-94.4704,38.51189],[-94.47089,38.5121],[-94.47052,38.51255],[-94.4703,38.51319],[-94.4697,38.51362],[-94.46914,38.51346],[-94.46893,38.51373],[-94.46846,38.51395],[-94.46688,38.51393],[-94.46626,38.5143],[-94.46527,38.51417],[-94.46469,38.51443],[-94.46373,38.51444],[-94.4623,38.51617],[-94.46237,38.51681],[-94.46341,38.51695],[-94.46372,38.51719],[-94.46306,38.51747],[-94.46325,38.51777],[-94.46428,38.51791],[-94.46426,38.51807],[-94.46373,38.51833],[-94.46359,38.51868],[-94.46373,38.51936],[-94.46447,38.51937],[-94.46458,38.51968],[-94.46345,38.52086],[-94.46452,38.52254],[-94.46455,38.52349],[-94.46521,38.524],[-94.46566,38.52468],[-94.4658,38.52576],[-94.46388,38.52728],[-94.46374,38.52759],[-94.46367,38.52811],[-94.46378,38.52825],[-94.46347,38.52842],[-94.46326,38.52917],[-94.46386,38.53012],[-94.46386,38.5306],[-94.46329,38.53066],[-94.46357,38.53135],[-94.46325,38.53139],[-94.46193,38.53087],[-94.46196,38.53132],[-94.46259,38.5316],[-94.46261,38.53229],[-94.46037,38.5327],[-94.46049,38.53292],[-94.45969,38.53407],[-94.45922,38.5395],[-94.45899,38.5403],[-94.45802,38.54096],[-94.45403,38.54207],[-94.45207,38.54335],[-94.44414,38.54324],[-94.44399,38.54641],[-94.44447,38.54665],[-94.44492,38.54804],[-94.44736,38.54807],[-94.44884,38.54934],[-94.44934,38.55016],[-94.44972,38.55014],[-94.45005,38.54934],[-94.4506,38.54901],[-94.45155,38.54912],[-94.45242,38.55],[-94.45278,38.54993],[-94.45314,38.54925],[-94.45375,38.5491],[-94.45399,38.54925],[-94.4545,38.5502],[-94.45537,38.54995],[-94.45642,38.55025],[-94.45749,38.54974],[-94.45927,38.54976],[-94.45981,38.55011],[-94.45956,38.55082],[-94.45979,38.55149],[-94.46014,38.55177],[-94.46104,38.55185],[-94.46087,38.55494],[-94.4659,38.55504],[-94.46458,38.57632],[-94.4657,38.57634],[-94.46593,38.57622],[-94.46607,38.57301],[-94.4664,38.57268],[-94.48463,38.573],[-94.48452,38.57606],[-94.48469,38.57642],[-94.48518,38.57669],[-94.50738,38.57732],[-94.50815,38.56259],[-94.53977,38.5637],[-94.56275,38.56429],[-94.56399,38.56428],[-94.56461,38.56409],[-94.56607,38.56433],[-94.57582,38.56478],[-94.57567,38.56618],[-94.57557,38.572],[-94.57641,38.57207],[-94.57663,38.57226],[-94.57656,38.57444],[-94.58102,38.57461],[-94.58119,38.57477],[-94.58118,38.57546],[-94.58137,38.57564],[-94.58436,38.57579],[-94.58496,38.57659],[-94.58563,38.57701],[-94.58553,38.57925],[-94.58571,38.57944],[-94.6118,38.58023],[-94.61217,38.56553],[-94.6121,38.54976],[-94.61211,38.54767],[-94.61227,38.54659],[-94.61243,38.50001],[-94.61287,38.48436],[-94.61288,38.48317],[-94.6127,38.48301],[-94.61288,38.47759],[-94.61303,38.4771],[-94.61336,38.45796],[-94.61324,38.44616],[-94.61346,38.42544]]]}},{"type":"Feature","properties":{"ZIP":"64743"},"geometry":{"type":"Polygon","coordinates":[[[-94.24103,38.66692],[-94.24073,38.66616],[-94.23989,38.66653],[-94.23477,38.66638],[-94.22672,38.66398],[-94.22692,38.65995],[-94.22677,38.65879],[-94.20588,38.6582],[-94.20625,38.65938],[-94.20677,38.66026],[-94.2068,38.6616],[-94.20666,38.6618],[-94.20587,38.66208],[-94.20391,38.66245],[-94.20345,38.6628],[-94.20297,38.6727],[-94.21369,38.67303],[-94.21552,38.67293],[-94.21634,38.67229],[-94.21699,38.66991],[-94.21728,38.66976],[-94.22196,38.67003],[-94.22272,38.66967],[-94.2247,38.66971],[-94.22437,38.67145],[-94.23451,38.67179],[-94.23461,38.66996],[-94.24075,38.67012],[-94.24103,38.66692]]]}},{"type":"Feature","properties":{"ZIP":"64746"},"geometry":{"type":"Polygon","coordinates":[[[-94.55273,38.59382],[-94.55252,38.59332],[-94.55186,38.59295],[-94.54468,38.59267],[-94.54398,38.59237],[-94.54353,38.59184],[-94.54361,38.58987],[-94.5434,38.58943],[-94.54463,38.57099],[-94.53776,38.57078],[-94.5359,38.57052],[-94.53493,38.57069],[-94.52628,38.57043],[-94.52617,38.57031],[-94.52653,38.56346],[-94.52643,38.56318],[-94.50815,38.56259],[-94.50738,38.57732],[-94.48518,38.57669],[-94.48469,38.57642],[-94.48452,38.57606],[-94.48463,38.573],[-94.4664,38.57268],[-94.46607,38.57301],[-94.46593,38.57622],[-94.4657,38.57634],[-94.46458,38.57632],[-94.46541,38.56174],[-94.46149,38.56164],[-94.45884,38.56139],[-94.45729,38.56157],[-94.45271,38.56146],[-94.45172,38.58701],[-94.44722,38.58695],[-94.44264,38.58895],[-94.44137,38.58904],[-94.44102,38.58928],[-94.44068,38.58906],[-94.43623,38.58927],[-94.43513,38.58954],[-94.4338,38.59025],[-94.43297,38.59046],[-94.42843,38.59043],[-94.42831,38.59056],[-94.42796,38.59739],[-94.42763,38.59758],[-94.42378,38.59747],[-94.42342,38.59763],[-94.42302,38.60444],[-94.42275,38.60471],[-94.42174,38.6047],[-94.42141,38.6049],[-94.42128,38.60742],[-94.4277,38.6121],[-94.44014,38.61235],[-94.44045,38.61209],[-94.44114,38.61258],[-94.44104,38.61588],[-94.44136,38.61615],[-94.44101,38.61636],[-94.44079,38.62181],[-94.4498,38.62834],[-94.44922,38.64303],[-94.46762,38.64323],[-94.46766,38.64452],[-94.46831,38.64508],[-94.47081,38.64544],[-94.47165,38.64577],[-94.47232,38.64543],[-94.47396,38.64546],[-94.47588,38.64693],[-94.47673,38.64689],[-94.47692,38.64777],[-94.50195,38.66808],[-94.52954,38.66915],[-94.53151,38.66789],[-94.53246,38.66763],[-94.53262,38.66737],[-94.53184,38.66731],[-94.53127,38.66676],[-94.52841,38.66574],[-94.52825,38.6655],[-94.52833,38.66469],[-94.52742,38.6645],[-94.52441,38.66444],[-94.52127,38.66385],[-94.51967,38.6643],[-94.51803,38.66411],[-94.51457,38.66476],[-94.51362,38.66475],[-94.51237,38.66417],[-94.51219,38.66264],[-94.5123,38.66139],[-94.51276,38.66125],[-94.51487,38.66161],[-94.51538,38.66144],[-94.51526,38.66069],[-94.51397,38.65999],[-94.51331,38.65925],[-94.51329,38.65898],[-94.5138,38.65802],[-94.51525,38.65682],[-94.51611,38.65681],[-94.51897,38.65766],[-94.51977,38.65764],[-94.51995,38.6575],[-94.52012,38.65657],[-94.51985,38.65565],[-94.51885,38.65508],[-94.51847,38.65397],[-94.5179,38.65349],[-94.52208,38.65356],[-94.52262,38.64189],[-94.52285,38.6419],[-94.52297,38.63894],[-94.53153,38.63937],[-94.53103,38.63695],[-94.53104,38.63589],[-94.54141,38.63603],[-94.54245,38.61432],[-94.54689,38.61443],[-94.54704,38.61425],[-94.54718,38.61109],[-94.54729,38.61091],[-94.55179,38.61097],[-94.55273,38.59382]]]}},{"type":"Feature","properties":{"ZIP":"64747"},"geometry":{"type":"Polygon","coordinates":[[[-94.28584,38.55859],[-94.28586,38.55816],[-94.27942,38.55795],[-94.28021,38.54597],[-94.27725,38.54355],[-94.28068,38.53862],[-94.28129,38.5291],[-94.27851,38.52903],[-94.27905,38.51818],[-94.26907,38.51789],[-94.26981,38.49875],[-94.25633,38.48983],[-94.2565,38.48483],[-94.25187,38.48471],[-94.2526,38.47016],[-94.254,38.4702],[-94.25426,38.46512],[-94.24983,38.46502],[-94.24967,38.46106],[-94.24987,38.45591],[-94.24816,38.45558],[-94.24689,38.45507],[-94.24536,38.45539],[-94.24488,38.45563],[-94.24429,38.45677],[-94.24291,38.4574],[-94.24271,38.45774],[-94.24289,38.45833],[-94.24279,38.45846],[-94.24145,38.4585],[-94.23983,38.46013],[-94.23933,38.46026],[-94.23868,38.46022],[-94.23814,38.45999],[-94.23779,38.45973],[-94.23748,38.45915],[-94.23805,38.45833],[-94.23956,38.45739],[-94.23976,38.4571],[-94.23982,38.45648],[-94.23929,38.45575],[-94.23889,38.45561],[-94.23799,38.45611],[-94.23703,38.45701],[-94.23605,38.45732],[-94.2353,38.45801],[-94.23417,38.45806],[-94.23293,38.45782],[-94.23154,38.45839],[-94.23037,38.45791],[-94.22717,38.45727],[-94.22635,38.45779],[-94.2263,38.45814],[-94.22685,38.45915],[-94.22669,38.45924],[-94.22586,38.45875],[-94.22498,38.45742],[-94.22514,38.45664],[-94.22571,38.45605],[-94.22641,38.45563],[-94.22709,38.45551],[-94.22832,38.45572],[-94.22888,38.45542],[-94.22892,38.45503],[-94.22779,38.45413],[-94.22663,38.45386],[-94.22612,38.45353],[-94.22614,38.45332],[-94.22638,38.45285],[-94.22667,38.45266],[-94.22902,38.45303],[-94.22946,38.45298],[-94.22949,38.45271],[-94.22926,38.45237],[-94.22763,38.45171],[-94.2269,38.45123],[-94.22594,38.45104],[-94.22544,38.45155],[-94.22521,38.45244],[-94.22483,38.45292],[-94.2235,38.45302],[-94.22288,38.4529],[-94.22236,38.45231],[-94.2223,38.45178],[-94.22247,38.45093],[-94.22309,38.44979],[-94.22367,38.44917],[-94.22381,38.44869],[-94.22355,38.4484],[-94.22282,38.44831],[-94.22093,38.44918],[-94.21936,38.44947],[-94.21849,38.45007],[-94.21793,38.45018],[-94.21738,38.44979],[-94.21718,38.44888],[-94.21657,38.4478],[-94.21659,38.44684],[-94.21619,38.44675],[-94.21479,38.44819],[-94.21296,38.44838],[-94.21197,38.44785],[-94.21202,38.44675],[-94.21167,38.44659],[-94.21098,38.44659],[-94.20981,38.44712],[-94.20926,38.44787],[-94.20952,38.44835],[-94.21124,38.4489],[-94.21133,38.44943],[-94.21105,38.44981],[-94.20783,38.45085],[-94.20708,38.45048],[-94.2067,38.44989],[-94.20617,38.4471],[-94.20568,38.44703],[-94.20463,38.44781],[-94.20373,38.44787],[-94.2032,38.44755],[-94.20286,38.44648],[-94.20152,38.4462],[-94.20035,38.44527],[-94.19894,38.4459],[-94.19491,38.44689],[-94.19316,38.44762],[-94.19241,38.44774],[-94.19089,38.44717],[-94.18996,38.44726],[-94.18894,38.44813],[-94.18766,38.44872],[-94.18764,38.449],[-94.18793,38.4493],[-94.18964,38.44978],[-94.18999,38.45003],[-94.18996,38.45044],[-94.18964,38.45062],[-94.18892,38.4506],[-94.18839,38.45037],[-94.18766,38.44971],[-94.18667,38.44936],[-94.18621,38.449],[-94.18592,38.4484],[-94.18598,38.44685],[-94.18566,38.44643],[-94.1849,38.44614],[-94.1826,38.44611],[-94.18222,38.44646],[-94.18216,38.44762],[-94.18176,38.44788],[-94.1808,38.44742],[-94.18007,38.4465],[-94.17989,38.44586],[-94.17952,38.44563],[-94.17847,38.446],[-94.17725,38.44609],[-94.17495,38.44538],[-94.1741,38.44545],[-94.17393,38.44563],[-94.17425,38.44646],[-94.17404,38.44691],[-94.17221,38.44664],[-94.17096,38.446],[-94.17049,38.44609],[-94.17038,38.44627],[-94.17061,38.44685],[-94.17282,38.44804],[-94.17358,38.44881],[-94.17393,38.44952],[-94.17355,38.45003],[-94.17297,38.45005],[-94.17157,38.44945],[-94.17049,38.4487],[-94.16942,38.44822],[-94.16849,38.44717],[-94.1679,38.44721],[-94.16755,38.44758],[-94.16761,38.4484],[-94.16808,38.45019],[-94.1679,38.45048],[-94.16752,38.45064],[-94.16668,38.45067],[-94.1656,38.45037],[-94.16444,38.44922],[-94.16394,38.44925],[-94.16153,38.44984],[-94.1613,38.45002],[-94.16103,38.45078],[-94.16045,38.45105],[-94.15969,38.45103],[-94.15908,38.45071],[-94.15894,38.44959],[-94.15833,38.44881],[-94.15784,38.44863],[-94.15696,38.44863],[-94.15613,38.44911],[-94.15522,38.45008],[-94.15452,38.45018],[-94.15293,38.44978],[-94.15226,38.44989],[-94.15202,38.45061],[-94.15212,38.45111],[-94.15323,38.45296],[-94.15205,38.45347],[-94.15139,38.45342],[-94.15035,38.45254],[-94.15,38.45158],[-94.14961,38.45123],[-94.14911,38.45085],[-94.14831,38.45065],[-94.14751,38.45067],[-94.14579,38.45126],[-94.14305,38.45123],[-94.14213,38.45137],[-94.14093,38.45172],[-94.13833,38.45336],[-94.13414,38.45384],[-94.13277,38.45383],[-94.12878,38.45326],[-94.12485,38.45294],[-94.11829,38.45182],[-94.11785,38.45244],[-94.11697,38.45289],[-94.11448,38.45221],[-94.11299,38.45244],[-94.11081,38.45247],[-94.10935,38.45295],[-94.10868,38.45352],[-94.10822,38.45425],[-94.10816,38.45466],[-94.109,38.45537],[-94.10923,38.45579],[-94.1088,38.45595],[-94.10609,38.45588],[-94.10801,38.45765],[-94.10975,38.45892],[-94.10982,38.45911],[-94.11153,38.46],[-94.115,38.46135],[-94.11596,38.46157],[-94.12001,38.46203],[-94.12982,38.4621],[-94.13032,38.4629],[-94.13014,38.4664],[-94.12988,38.4668],[-94.13191,38.46934],[-94.14137,38.47962],[-94.14189,38.46746],[-94.16034,38.46791],[-94.1603,38.46964],[-94.16007,38.47008],[-94.15984,38.48169],[-94.15915,38.49869],[-94.16921,38.50548],[-94.17708,38.51044],[-94.17703,38.5118],[-94.17247,38.51168],[-94.17247,38.51185],[-94.18792,38.52659],[-94.1764,38.52633],[-94.17631,38.53103],[-94.15791,38.53046],[-94.15697,38.55495],[-94.12024,38.55416],[-94.11966,38.56871],[-94.10116,38.56813],[-94.06807,38.56757],[-94.06432,38.56738],[-94.03157,38.56666],[-94.03133,38.57484],[-94.03106,38.57948],[-94.03078,38.58062],[-94.03035,38.58117],[-94.02621,38.58109],[-94.02644,38.58132],[-94.02532,38.60645],[-94.03462,38.60679],[-94.03474,38.60701],[-94.03457,38.61038],[-94.0485,38.61075],[-94.04821,38.61792],[-94.05257,38.6181],[-94.05284,38.61829],[-94.05223,38.63264],[-94.06105,38.6326],[-94.08458,38.63323],[-94.08442,38.63418],[-94.08486,38.63553],[-94.08433,38.63654],[-94.08469,38.63833],[-94.08447,38.64209],[-94.08452,38.64424],[-94.08438,38.64516],[-94.08359,38.64742],[-94.08467,38.65044],[-94.08496,38.65179],[-94.08659,38.6538],[-94.08686,38.6546],[-94.08681,38.65624],[-94.08632,38.66023],[-94.08634,38.66157],[-94.08651,38.6622],[-94.08625,38.66423],[-94.08635,38.66462],[-94.08657,38.66228],[-94.08747,38.66308],[-94.0888,38.6637],[-94.09028,38.66405],[-94.09174,38.66461],[-94.09489,38.6651],[-94.09764,38.66428],[-94.09863,38.66348],[-94.10283,38.66173],[-94.10534,38.66136],[-94.10758,38.66122],[-94.10896,38.6608],[-94.11163,38.66119],[-94.11322,38.66195],[-94.11462,38.6638],[-94.11546,38.66521],[-94.11621,38.66603],[-94.1162,38.66644],[-94.11597,38.6669],[-94.11542,38.66741],[-94.11528,38.66789],[-94.1146,38.66878],[-94.11484,38.66947],[-94.11549,38.66996],[-94.11659,38.67029],[-94.12432,38.67045],[-94.13217,38.67126],[-94.13311,38.6718],[-94.13328,38.67214],[-94.13324,38.67263],[-94.13284,38.67302],[-94.13271,38.67358],[-94.13274,38.67437],[-94.13307,38.6747],[-94.13369,38.67469],[-94.13377,38.67385],[-94.13417,38.67366],[-94.13443,38.67372],[-94.13478,38.67443],[-94.13565,38.67436],[-94.13634,38.67458],[-94.13661,38.67516],[-94.13612,38.67625],[-94.13631,38.67659],[-94.1367,38.67676],[-94.13734,38.67663],[-94.13842,38.67536],[-94.13908,38.6753],[-94.13968,38.67603],[-94.1397,38.67655],[-94.13856,38.67739],[-94.13852,38.67776],[-94.13873,38.67811],[-94.14208,38.67906],[-94.14212,38.6793],[-94.1423,38.67933],[-94.14229,38.67907],[-94.14321,38.67905],[-94.14386,38.67947],[-94.14442,38.68035],[-94.14455,38.68131],[-94.14516,38.6817],[-94.14502,38.68962],[-94.14463,38.6931],[-94.14829,38.69318],[-94.14844,38.70047],[-94.16189,38.70076],[-94.16453,38.70098],[-94.16536,38.70089],[-94.17402,38.70112],[-94.17589,38.67184],[-94.18445,38.67212],[-94.18352,38.68675],[-94.18405,38.68665],[-94.22087,38.68777],[-94.22173,38.67095],[-94.22196,38.67003],[-94.21712,38.6698],[-94.21656,38.67123],[-94.21634,38.67229],[-94.21589,38.67276],[-94.21539,38.67295],[-94.21369,38.67303],[-94.20297,38.6727],[-94.20345,38.6628],[-94.20391,38.66245],[-94.20587,38.66208],[-94.20666,38.6618],[-94.2068,38.6616],[-94.20677,38.66026],[-94.20625,38.65938],[-94.20588,38.6582],[-94.20052,38.6579],[-94.19932,38.65798],[-94.19915,38.65782],[-94.199,38.65797],[-94.18996,38.65771],[-94.19069,38.63473],[-94.19075,38.63461],[-94.19088,38.63509],[-94.19116,38.63541],[-94.19199,38.63571],[-94.20908,38.63618],[-94.20962,38.62495],[-94.21023,38.62506],[-94.22239,38.62523],[-94.22766,38.62452],[-94.22802,38.62497],[-94.22842,38.61483],[-94.27378,38.61603],[-94.27318,38.61551],[-94.27166,38.6151],[-94.27081,38.61511],[-94.27065,38.6148],[-94.2708,38.6143],[-94.27015,38.6142],[-94.26981,38.61398],[-94.26988,38.61299],[-94.26927,38.61273],[-94.26945,38.61244],[-94.2694,38.61219],[-94.26963,38.61203],[-94.2691,38.61147],[-94.26915,38.61102],[-94.26957,38.61073],[-94.27108,38.61039],[-94.27104,38.61002],[-94.27009,38.6093],[-94.27008,38.60896],[-94.27126,38.60906],[-94.2714,38.60854],[-94.27167,38.60835],[-94.27155,38.60809],[-94.27071,38.60795],[-94.27065,38.60755],[-94.27022,38.60717],[-94.27116,38.60712],[-94.27145,38.60686],[-94.27161,38.60701],[-94.27198,38.60696],[-94.272,38.60668],[-94.2715,38.60608],[-94.27085,38.60619],[-94.2707,38.60598],[-94.27072,38.60557],[-94.27097,38.60517],[-94.27036,38.6047],[-94.27055,38.60453],[-94.27129,38.60448],[-94.27114,38.60399],[-94.27015,38.60316],[-94.2699,38.60257],[-94.26611,38.60177],[-94.26611,38.60153],[-94.26987,38.6023],[-94.26983,38.60202],[-94.27024,38.60137],[-94.27032,38.60094],[-94.27094,38.60064],[-94.27082,38.60031],[-94.27238,38.60017],[-94.27277,38.60027],[-94.27333,38.59996],[-94.27314,38.59968],[-94.27325,38.5995],[-94.2731,38.59887],[-94.27395,38.59864],[-94.27456,38.59866],[-94.27415,38.59808],[-94.27481,38.59809],[-94.27541,38.59834],[-94.27572,38.59801],[-94.27615,38.59794],[-94.27568,38.59714],[-94.27636,38.59638],[-94.27638,38.59576],[-94.2782,38.59495],[-94.27845,38.59497],[-94.27868,38.59535],[-94.27889,38.59528],[-94.27939,38.59495],[-94.2791,38.59448],[-94.27925,38.59436],[-94.28038,38.59425],[-94.28042,38.59373],[-94.27981,38.5937],[-94.2798,38.5929],[-94.28093,38.59252],[-94.28114,38.59216],[-94.2803,38.59162],[-94.28054,38.59066],[-94.28039,38.59035],[-94.28087,38.58997],[-94.28024,38.58962],[-94.28026,38.58892],[-94.28062,38.58806],[-94.28138,38.58724],[-94.28134,38.58711],[-94.2809,38.5871],[-94.28087,38.58695],[-94.28141,38.58561],[-94.28136,38.58506],[-94.28158,38.58463],[-94.28153,38.58421],[-94.28204,38.58275],[-94.28306,38.58202],[-94.28489,38.58149],[-94.28584,38.55859]]]}},{"type":"Feature","properties":{"ZIP":"64788"},"geometry":{"type":"Polygon","coordinates":[[[-94.15375,38.42308],[-94.15364,38.42279],[-94.14831,38.42265],[-94.14727,38.42222],[-94.14705,38.42162],[-94.14711,38.41922],[-94.14655,38.41887],[-94.13584,38.41865],[-94.13598,38.41574],[-94.13575,38.41468],[-94.13593,38.41138],[-94.13565,38.41125],[-94.13569,38.41099],[-94.13536,38.4111],[-94.11238,38.3998],[-94.11684,38.39987],[-94.11908,38.40029],[-94.12978,38.40047],[-94.13088,38.40027],[-94.13152,38.39974],[-94.13176,38.39928],[-94.13184,38.39864],[-94.13282,38.37685],[-94.13333,38.37617],[-94.13429,38.37574],[-94.14042,38.37578],[-94.14152,38.37542],[-94.14198,38.37494],[-94.14219,38.37426],[-94.14232,38.37003],[-94.1429,38.36849],[-94.14252,38.36813],[-94.14242,38.36778],[-94.14261,38.36142],[-94.10359,38.36033],[-94.10406,38.34929],[-94.10366,38.34836],[-94.10097,38.34613],[-94.10028,38.3458],[-94.0889,38.34538],[-94.07891,38.34525],[-94.07821,38.35974],[-94.06917,38.35948],[-94.07046,38.33054],[-94.06063,38.33033],[-94.06007,38.34464],[-94.05089,38.34447],[-94.04997,38.3675],[-94.03336,38.35859],[-94.03199,38.35856],[-94.03202,38.35785],[-94.02118,38.35211],[-94.01395,38.34756],[-94.01412,38.3434],[-93.99562,38.34308],[-93.99505,38.35759],[-93.97662,38.35715],[-93.97594,38.37163],[-93.9666,38.37142],[-93.96616,38.37795],[-93.965,38.3797],[-93.96438,38.3824],[-93.96327,38.38582],[-93.95651,38.38565],[-93.95648,38.38624],[-93.95532,38.38598],[-93.95567,38.38633],[-93.95646,38.38656],[-93.95518,38.41457],[-93.93006,38.41402],[-93.91966,38.4143],[-93.91939,38.41353],[-93.91704,38.41342],[-93.91649,38.41278],[-93.91603,38.41136],[-93.91479,38.40995],[-93.91334,38.40903],[-93.90917,38.40705],[-93.90878,38.40704],[-93.90806,38.40744],[-93.90622,38.40733],[-93.90554,38.407],[-93.90391,38.40558],[-93.90434,38.40693],[-93.90564,38.40801],[-93.90594,38.40857],[-93.90662,38.41073],[-93.90661,38.41115],[-93.90606,38.41143],[-93.90472,38.41109],[-93.90346,38.41098],[-93.9021,38.41116],[-93.90115,38.41086],[-93.90071,38.41494],[-93.90055,38.42593],[-93.90066,38.42787],[-93.90051,38.42963],[-93.89968,38.43121],[-93.89999,38.43386],[-93.89948,38.43398],[-93.90002,38.43511],[-93.89942,38.44549],[-93.89881,38.46212],[-93.90175,38.46217],[-93.90153,38.46606],[-93.9137,38.46623],[-93.91366,38.46674],[-93.91437,38.46706],[-93.91456,38.46729],[-93.91443,38.46828],[-93.91605,38.46926],[-93.91636,38.46983],[-93.91632,38.47026],[-93.91601,38.47043],[-93.91524,38.47043],[-93.9138,38.46994],[-93.91295,38.46982],[-93.91177,38.47002],[-93.91134,38.47034],[-93.91133,38.47062],[-93.91167,38.47077],[-93.91289,38.47069],[-93.91365,38.47115],[-93.91358,38.47167],[-93.91303,38.47266],[-93.9134,38.47311],[-93.91693,38.47334],[-93.91691,38.47356],[-93.91543,38.4745],[-93.91524,38.47512],[-93.91548,38.47544],[-93.91589,38.47557],[-93.91757,38.47545],[-93.91789,38.47552],[-93.91808,38.47578],[-93.91802,38.47609],[-93.9173,38.47677],[-93.91724,38.47708],[-93.91744,38.47725],[-93.91826,38.47729],[-93.9188,38.4776],[-93.91891,38.4779],[-93.91758,38.47924],[-93.9175,38.47971],[-93.91764,38.48],[-93.91841,38.48042],[-93.91928,38.48057],[-93.9213,38.48059],[-93.92218,38.4802],[-93.92281,38.48024],[-93.9239,38.48098],[-93.92387,38.48148],[-93.92406,38.48172],[-93.92485,38.48216],[-93.92585,38.48243],[-93.92604,38.48304],[-93.92629,38.48329],[-93.9299,38.48497],[-93.93264,38.48563],[-93.93341,38.48596],[-93.93324,38.49212],[-93.93719,38.49217],[-93.93686,38.50014],[-93.93749,38.50007],[-93.93709,38.51133],[-93.93841,38.51156],[-93.94022,38.51118],[-93.94078,38.51214],[-93.94128,38.51266],[-93.94335,38.51421],[-93.94611,38.51678],[-93.94884,38.51799],[-93.94958,38.51882],[-93.95109,38.52121],[-93.95459,38.52519],[-93.95536,38.5103],[-93.95543,38.5105],[-93.95572,38.51059],[-93.96418,38.51078],[-93.96449,38.51091],[-93.96416,38.52143],[-93.96431,38.52161],[-93.98736,38.52226],[-93.9871,38.53067],[-94.02852,38.52895],[-94.03012,38.4866],[-94.03033,38.48173],[-94.03058,38.48117],[-94.02699,38.47927],[-94.02786,38.47896],[-94.02928,38.47959],[-94.05502,38.48018],[-94.05522,38.47965],[-94.05404,38.47918],[-94.05367,38.47885],[-94.05294,38.47918],[-94.05167,38.47899],[-94.05098,38.47849],[-94.05061,38.4785],[-94.05014,38.47894],[-94.04979,38.47896],[-94.04937,38.47858],[-94.04919,38.47799],[-94.04937,38.47777],[-94.05009,38.4776],[-94.04998,38.47725],[-94.04967,38.47701],[-94.04936,38.47699],[-94.04846,38.4777],[-94.04782,38.47769],[-94.04737,38.47701],[-94.04668,38.47658],[-94.04665,38.4763],[-94.04699,38.47536],[-94.04668,38.47463],[-94.04632,38.47451],[-94.04539,38.47469],[-94.04484,38.47402],[-94.04464,38.47398],[-94.04372,38.47441],[-94.04314,38.47393],[-94.04292,38.47345],[-94.04287,38.47283],[-94.04252,38.47248],[-94.0418,38.47263],[-94.04129,38.47341],[-94.04078,38.47364],[-94.03982,38.47285],[-94.03949,38.47227],[-94.03953,38.47146],[-94.03899,38.4709],[-94.03958,38.47035],[-94.03969,38.47004],[-94.03943,38.46993],[-94.03893,38.47001],[-94.03867,38.46957],[-94.03899,38.46935],[-94.0401,38.46919],[-94.04071,38.46934],[-94.04136,38.4699],[-94.04171,38.46975],[-94.04179,38.4694],[-94.04146,38.46838],[-94.04048,38.46836],[-94.03986,38.46884],[-94.03942,38.46887],[-94.03914,38.4687],[-94.03899,38.46804],[-94.03922,38.46794],[-94.03985,38.46805],[-94.04066,38.46733],[-94.0416,38.46755],[-94.04215,38.46716],[-94.04228,38.46681],[-94.04196,38.46641],[-94.04101,38.46611],[-94.03883,38.46681],[-94.03847,38.46661],[-94.03865,38.46615],[-94.03948,38.46562],[-94.03964,38.46508],[-94.04022,38.46486],[-94.04001,38.46407],[-94.04031,38.46384],[-94.04104,38.46389],[-94.04117,38.46357],[-94.04028,38.46265],[-94.03925,38.46073],[-94.03665,38.45961],[-94.03608,38.45905],[-94.03601,38.45806],[-94.03629,38.45422],[-94.03601,38.45319],[-94.03815,38.45305],[-94.04246,38.45207],[-94.06112,38.44729],[-94.06353,38.44707],[-94.06627,38.44707],[-94.07011,38.44659],[-94.07086,38.44675],[-94.07137,38.44729],[-94.0723,38.4488],[-94.07298,38.44915],[-94.07339,38.44896],[-94.07373,38.44789],[-94.07419,38.44777],[-94.07614,38.44767],[-94.07792,38.44797],[-94.07808,38.44811],[-94.07809,38.44848],[-94.07614,38.44903],[-94.07598,38.44916],[-94.07586,38.44984],[-94.07587,38.45046],[-94.07622,38.45123],[-94.07672,38.45177],[-94.07729,38.45199],[-94.07899,38.45189],[-94.07974,38.45133],[-94.08043,38.44969],[-94.08077,38.44953],[-94.08144,38.44962],[-94.08224,38.45063],[-94.08267,38.45314],[-94.08437,38.45355],[-94.08548,38.45524],[-94.08641,38.45593],[-94.08732,38.45572],[-94.08892,38.4527],[-94.08932,38.45243],[-94.0897,38.45245],[-94.09005,38.45266],[-94.0902,38.45295],[-94.09046,38.45474],[-94.09092,38.45586],[-94.09148,38.45634],[-94.0927,38.45698],[-94.09299,38.45803],[-94.09346,38.45851],[-94.09375,38.4586],[-94.09424,38.45835],[-94.09494,38.45691],[-94.09543,38.45638],[-94.09584,38.45526],[-94.09718,38.45465],[-94.10164,38.4546],[-94.10213,38.45476],[-94.10239,38.45506],[-94.10254,38.45563],[-94.1088,38.45595],[-94.10923,38.45579],[-94.10926,38.45565],[-94.10816,38.45466],[-94.10822,38.45425],[-94.10868,38.45352],[-94.10935,38.45295],[-94.11081,38.45247],[-94.11299,38.45244],[-94.11448,38.45221],[-94.11697,38.45289],[-94.11785,38.45244],[-94.11829,38.45182],[-94.12485,38.45294],[-94.12878,38.45326],[-94.13277,38.45383],[-94.13585,38.4537],[-94.13833,38.45336],[-94.14093,38.45172],[-94.14213,38.45137],[-94.14596,38.45118],[-94.1427,38.45096],[-94.14283,38.45019],[-94.14352,38.44898],[-94.14397,38.44066],[-94.14832,38.44073],[-94.14858,38.43722],[-94.14882,38.43708],[-94.15128,38.4371],[-94.15191,38.43621],[-94.15312,38.43547],[-94.15375,38.42308]]]}},{"type":"Feature","properties":{"ZIP":"66002"},"geometry":{"type":"Polygon","coordinates":[[[-95.28384,39.65305],[-95.28398,39.65305],[-95.28377,39.65127],[-95.2833,39.63818],[-95.28341,39.62364],[-95.28066,39.62362],[-95.27949,39.6225],[-95.27885,39.62145],[-95.27707,39.62099],[-95.2764,39.62053],[-95.27518,39.62048],[-95.2747,39.62015],[-95.27441,39.61953],[-95.27404,39.61963],[-95.27276,39.61928],[-95.27234,39.61944],[-95.27134,39.61933],[-95.27098,39.61935],[-95.27084,39.61959],[-95.26942,39.61981],[-95.26899,39.61926],[-95.26901,39.61867],[-95.26878,39.61818],[-95.26686,39.61724],[-95.26592,39.61608],[-95.26552,39.6159],[-95.26431,39.61575],[-95.26338,39.61603],[-95.26291,39.61633],[-95.26203,39.61735],[-95.26094,39.61705],[-95.26029,39.61661],[-95.26013,39.61628],[-95.25821,39.61653],[-95.25755,39.61634],[-95.25715,39.61595],[-95.25681,39.61453],[-95.25562,39.61233],[-95.25553,39.60942],[-95.25524,39.6091],[-95.24608,39.6091],[-95.24607,39.56559],[-95.25395,39.56559],[-95.25397,39.54935],[-95.23522,39.54924],[-95.23521,39.53501],[-95.22915,39.53505],[-95.23026,39.53335],[-95.23019,39.53312],[-95.22931,39.53266],[-95.22925,39.53241],[-95.2298,39.5317],[-95.2295,39.53134],[-95.22977,39.53105],[-95.2298,39.53075],[-95.23004,39.53072],[-95.23003,39.53094],[-95.23022,39.53098],[-95.23042,39.53082],[-95.23022,39.53006],[-95.22985,39.52958],[-95.2305,39.5287],[-95.23111,39.52873],[-95.2318,39.52822],[-95.2316,39.5272],[-95.23215,39.52645],[-95.23173,39.52518],[-95.23176,39.52429],[-95.23212,39.52392],[-95.23211,39.52333],[-95.23245,39.5231],[-95.23171,39.52278],[-95.23215,39.52228],[-95.23247,39.52221],[-95.23227,39.52191],[-95.23199,39.52184],[-95.23196,39.52133],[-95.23157,39.52121],[-95.23169,39.52047],[-95.21742,39.52073],[-95.20081,39.52074],[-95.19929,39.52055],[-95.20186,39.5135],[-95.1982,39.51347],[-95.19846,39.51319],[-95.19829,39.4843],[-95.2025,39.48433],[-95.20286,39.4842],[-95.20297,39.48393],[-95.20289,39.47733],[-95.20306,39.47707],[-95.20349,39.47699],[-95.20629,39.47701],[-95.20665,39.47649],[-95.20761,39.47604],[-95.20786,39.46266],[-95.19876,39.46271],[-95.1949,39.462],[-95.19266,39.46183],[-95.19002,39.46213],[-95.18709,39.46276],[-95.18234,39.46279],[-95.18201,39.46266],[-95.18232,39.46228],[-95.18225,39.46109],[-95.18092,39.46087],[-95.17959,39.4599],[-95.17856,39.45945],[-95.17748,39.45853],[-95.17698,39.45845],[-95.17653,39.45869],[-95.17614,39.45922],[-95.17581,39.46009],[-95.17511,39.46011],[-95.17465,39.45967],[-95.17486,39.45865],[-95.17638,39.45737],[-95.17674,39.45686],[-95.17701,39.45583],[-95.17866,39.45459],[-95.17956,39.45418],[-95.17975,39.45353],[-95.17974,39.45279],[-95.17909,39.45213],[-95.17791,39.45175],[-95.17716,39.45172],[-95.17594,39.45113],[-95.17563,39.45063],[-95.17559,39.45016],[-95.17484,39.44881],[-95.1742,39.44824],[-95.1733,39.44679],[-95.17266,39.44659],[-95.16889,39.44643],[-95.16652,39.44679],[-95.16417,39.44655],[-95.16344,39.44664],[-95.16234,39.44705],[-95.16196,39.44775],[-95.16096,39.44724],[-95.161,39.44254],[-95.16061,39.44078],[-95.16106,39.43923],[-95.16106,39.43469],[-95.16162,39.43451],[-95.16288,39.43455],[-95.16516,39.43406],[-95.16529,39.4338],[-95.16528,39.43215],[-95.16487,39.42929],[-95.16496,39.42894],[-95.16558,39.42861],[-95.16715,39.42864],[-95.16738,39.42848],[-95.16752,39.42727],[-95.16741,39.42646],[-95.19848,39.42641],[-95.19851,39.41917],[-95.20539,39.41905],[-95.22563,39.41921],[-95.22607,39.42304],[-95.23099,39.42289],[-95.23109,39.42648],[-95.24459,39.42654],[-95.24446,39.4192],[-95.25415,39.41936],[-95.2541,39.41022],[-95.25327,39.40962],[-95.25289,39.40684],[-95.25271,39.40659],[-95.25173,39.40606],[-95.25169,39.40585],[-95.25361,39.40553],[-95.25425,39.40608],[-95.25486,39.40626],[-95.25583,39.40476],[-95.2574,39.40417],[-95.25749,39.40383],[-95.25727,39.40277],[-95.2575,39.4024],[-95.25844,39.40182],[-95.25848,39.40109],[-95.25873,39.40075],[-95.25865,39.40005],[-95.25894,39.39972],[-95.25951,39.39969],[-95.26053,39.39906],[-95.26059,39.3986],[-95.25987,39.39802],[-95.25991,39.39754],[-95.25973,39.39707],[-95.25898,39.39688],[-95.25853,39.397],[-95.25813,39.39675],[-95.25788,39.3961],[-95.258,39.39558],[-95.25772,39.39512],[-95.25802,39.39501],[-95.25803,39.39486],[-95.25711,39.39453],[-95.25688,39.39418],[-95.25629,39.39414],[-95.25574,39.39533],[-95.25556,39.39547],[-95.25527,39.39531],[-95.25518,39.39426],[-95.25495,39.39415],[-95.25475,39.39425],[-95.25463,39.3941],[-95.25478,39.3936],[-95.25393,39.39034],[-95.25179,39.39033],[-95.25271,39.38839],[-95.25187,39.38733],[-95.2511,39.38698],[-95.25102,39.3867],[-95.25068,39.38667],[-95.25033,39.38692],[-95.24931,39.38607],[-95.24887,39.38608],[-95.24872,39.38519],[-95.24832,39.38495],[-95.24711,39.3847],[-95.24666,39.38411],[-95.24662,39.38361],[-95.24636,39.38327],[-95.24526,39.38329],[-95.24509,39.38315],[-95.24514,39.38298],[-95.24573,39.38297],[-95.24568,39.38218],[-95.24514,39.38192],[-95.24499,39.38125],[-95.24414,39.3809],[-95.24371,39.37994],[-95.24396,39.37958],[-95.24443,39.37972],[-95.24481,39.37964],[-95.24513,39.37915],[-95.24514,39.37885],[-95.2443,39.37784],[-95.24387,39.3777],[-95.24353,39.37689],[-95.24386,39.37665],[-95.24468,39.37677],[-95.24469,39.37583],[-95.23572,39.37567],[-95.21726,39.37573],[-95.21716,39.39016],[-95.20546,39.39015],[-95.20556,39.39064],[-95.20659,39.3916],[-95.20758,39.39148],[-95.20801,39.39176],[-95.2082,39.39286],[-95.2076,39.39383],[-95.20691,39.39401],[-95.20676,39.39437],[-95.20703,39.39475],[-95.20751,39.39469],[-95.20768,39.39528],[-95.20828,39.39535],[-95.2085,39.39517],[-95.20896,39.39529],[-95.21041,39.39505],[-95.21079,39.39471],[-95.21115,39.39471],[-95.21146,39.39508],[-95.2114,39.39551],[-95.21156,39.39583],[-95.21145,39.396],[-95.2107,39.39626],[-95.21067,39.39662],[-95.21118,39.39674],[-95.21148,39.39699],[-95.21148,39.39745],[-95.21078,39.39791],[-95.21064,39.39875],[-95.21007,39.39896],[-95.20916,39.39898],[-95.20883,39.3992],[-95.20839,39.40013],[-95.20865,39.40111],[-95.20795,39.40162],[-95.2078,39.40155],[-95.20775,39.40113],[-95.20688,39.40077],[-95.20625,39.40114],[-95.20631,39.40152],[-95.20654,39.40164],[-95.2064,39.40199],[-95.20541,39.40249],[-95.20502,39.40232],[-95.20448,39.40235],[-95.20391,39.40192],[-95.20349,39.40182],[-95.2031,39.40183],[-95.20228,39.40229],[-95.20029,39.40218],[-95.20005,39.40236],[-95.20001,39.40283],[-95.19864,39.40363],[-95.19853,39.40363],[-95.19847,39.39011],[-95.18592,39.3901],[-95.1819,39.38991],[-95.18159,39.39011],[-95.17993,39.39009],[-95.17991,39.40468],[-95.14241,39.40463],[-95.14241,39.40511],[-95.14132,39.40499],[-95.13999,39.40452],[-95.13191,39.39794],[-95.13094,39.3974],[-95.124,39.39728],[-95.12325,39.39701],[-95.12054,39.39528],[-95.11999,39.39571],[-95.11934,39.39585],[-95.11896,39.39558],[-95.11869,39.3949],[-95.11745,39.39417],[-95.11727,39.39386],[-95.1173,39.39226],[-95.11683,39.3911],[-95.11718,39.39003],[-95.11645,39.38974],[-95.11506,39.38968],[-95.11496,39.3908],[-95.11517,39.39381],[-95.115,39.3946],[-95.11395,39.3947],[-95.11285,39.39445],[-95.11203,39.39458],[-95.11169,39.39498],[-95.11172,39.3961],[-95.11137,39.39705],[-95.11032,39.39815],[-95.10964,39.3985],[-95.10766,39.39847],[-95.10576,39.39794],[-95.10527,39.39802],[-95.10485,39.39857],[-95.10489,39.39893],[-95.10511,39.39911],[-95.10418,39.39968],[-95.10394,39.40007],[-95.10186,39.40185],[-95.10108,39.40184],[-95.09961,39.40127],[-95.09744,39.40186],[-95.0933,39.40115],[-95.08893,39.39782],[-95.08816,39.39741],[-95.0871,39.39715],[-95.06711,39.39716],[-95.06722,39.39974],[-95.06698,39.41898],[-94.98901,39.41878],[-94.96898,39.41888],[-94.97296,39.4217],[-94.97513,39.42435],[-94.97613,39.42586],[-94.97661,39.4267],[-94.97713,39.42842],[-94.97806,39.43441],[-94.9788,39.43624],[-94.98042,39.43857],[-94.98215,39.44055],[-94.98479,39.4427],[-94.9875,39.44462],[-94.99018,39.44619],[-94.99285,39.44727],[-95.00024,39.44976],[-95.00338,39.45018],[-95.00762,39.45107],[-95.01577,39.4531],[-95.02203,39.45545],[-95.0285,39.45829],[-95.03341,39.46087],[-95.0375,39.46369],[-95.04078,39.46639],[-95.04467,39.47125],[-95.04767,39.47753],[-95.04837,39.48042],[-95.04876,39.48556],[-95.04874,39.48894],[-95.04922,39.49189],[-95.05056,39.49751],[-95.05218,39.49999],[-95.05348,39.50136],[-95.05446,39.50265],[-95.05613,39.50413],[-95.0593,39.50647],[-95.06099,39.5072],[-95.07081,39.51066],[-95.07744,39.51355],[-95.08272,39.51671],[-95.09271,39.52424],[-95.09742,39.52825],[-95.1013,39.53167],[-95.10459,39.53514],[-95.1066,39.53765],[-95.10807,39.53992],[-95.11037,39.54456],[-95.11312,39.55211],[-95.11356,39.55394],[-95.11361,39.55487],[-95.11329,39.55815],[-95.11307,39.55918],[-95.10985,39.56782],[-95.10748,39.57374],[-95.10639,39.57528],[-95.10495,39.5766],[-95.10323,39.57778],[-95.10129,39.5788],[-95.0991,39.57969],[-95.09574,39.58062],[-95.09215,39.58111],[-95.08952,39.58103],[-95.08744,39.58058],[-95.07669,39.57676],[-95.07521,39.57643],[-95.07216,39.57612],[-95.06932,39.57622],[-95.0671,39.5765],[-95.06339,39.57747],[-95.05952,39.57913],[-95.0569,39.58057],[-95.05478,39.58253],[-95.05059,39.58756],[-95.04928,39.58958],[-95.04851,39.59114],[-95.04669,39.59675],[-95.04636,39.59956],[-95.04645,39.6016],[-95.04682,39.60319],[-95.04791,39.60629],[-95.04956,39.60898],[-95.05189,39.61198],[-95.05361,39.61532],[-95.05495,39.62007],[-95.05515,39.62166],[-95.05493,39.62499],[-95.05427,39.62774],[-95.05337,39.63035],[-95.04952,39.63787],[-95.04456,39.64437],[-95.03997,39.64876],[-95.03996,39.64933],[-95.0397,39.64987],[-95.03976,39.65007],[-95.04007,39.65017],[-95.04015,39.65067],[-95.03992,39.65125],[-95.03994,39.65367],[-95.03897,39.65507],[-95.03856,39.65631],[-95.03761,39.65691],[-95.03668,39.65808],[-95.03556,39.66053],[-95.03478,39.66177],[-95.034,39.66433],[-95.03372,39.66787],[-95.03385,39.66963],[-95.03365,39.6712],[-95.03301,39.67167],[-95.03254,39.67228],[-95.0338,39.67303],[-95.03439,39.67396],[-95.0346,39.67392],[-95.0351,39.67329],[-95.03637,39.67315],[-95.03665,39.67344],[-95.03598,39.67447],[-95.03607,39.67467],[-95.03688,39.67497],[-95.03726,39.67535],[-95.03719,39.67569],[-95.03673,39.67614],[-95.0377,39.67654],[-95.0373,39.67729],[-95.03736,39.67746],[-95.0377,39.67761],[-95.0386,39.67739],[-95.03985,39.67762],[-95.0401,39.67787],[-95.0402,39.67843],[-95.04118,39.67952],[-95.04157,39.67972],[-95.04228,39.67954],[-95.04282,39.67967],[-95.04322,39.68011],[-95.04329,39.68073],[-95.04352,39.6811],[-95.04385,39.68132],[-95.04459,39.68132],[-95.04518,39.68184],[-95.04581,39.6821],[-95.04599,39.68289],[-95.04638,39.68348],[-95.04627,39.68407],[-95.04715,39.68466],[-95.04744,39.6851],[-95.04679,39.68643],[-95.04823,39.68718],[-95.04899,39.6878],[-95.04892,39.68804],[-95.0483,39.68848],[-95.04818,39.68882],[-95.04928,39.68892],[-95.04974,39.68913],[-95.04991,39.69005],[-95.04949,39.69049],[-95.04947,39.69072],[-95.05066,39.69114],[-95.05082,39.69172],[-95.0507,39.69235],[-95.05081,39.69254],[-95.05104,39.69269],[-95.05154,39.69248],[-95.05185,39.69262],[-95.05202,39.69326],[-95.05196,39.69434],[-95.05271,39.69476],[-95.05308,39.69605],[-95.0533,39.69635],[-95.05372,39.69639],[-95.05377,39.69581],[-95.05414,39.69568],[-95.05522,39.69641],[-95.05487,39.69717],[-95.05588,39.69795],[-95.05596,39.69882],[-95.05618,39.6992],[-95.05678,39.69945],[-95.0578,39.69943],[-95.05867,39.70019],[-95.06013,39.70054],[-95.06065,39.70122],[-95.0618,39.70135],[-95.06202,39.70163],[-95.06194,39.70188],[-95.06207,39.70209],[-95.06266,39.70236],[-95.06346,39.70228],[-95.06396,39.70259],[-95.06445,39.70455],[-95.06537,39.7048],[-95.06549,39.70495],[-95.06507,39.70559],[-95.06586,39.7066],[-95.06562,39.70741],[-95.067,39.70806],[-95.06726,39.70883],[-95.06798,39.70982],[-95.06783,39.71028],[-95.06721,39.7102],[-95.06682,39.71038],[-95.06673,39.71068],[-95.06687,39.71127],[-95.06726,39.71203],[-95.06828,39.71242],[-95.06873,39.71348],[-95.06991,39.71431],[-95.07027,39.7151],[-95.07271,39.71531],[-95.07317,39.71573],[-95.07321,39.71626],[-95.07456,39.71697],[-95.07463,39.71725],[-95.0739,39.71769],[-95.0746,39.71817],[-95.0747,39.71973],[-95.07492,39.7199],[-95.07585,39.72001],[-95.07634,39.72038],[-95.07527,39.72057],[-95.0762,39.72112],[-95.07622,39.72138],[-95.07573,39.72152],[-95.07638,39.72212],[-95.07613,39.72239],[-95.07514,39.72267],[-95.07507,39.72285],[-95.07542,39.72313],[-95.07537,39.72409],[-95.0757,39.72419],[-95.07631,39.72393],[-95.0765,39.72403],[-95.07605,39.72562],[-95.11526,39.72524],[-95.11522,39.73831],[-95.11551,39.73821],[-95.11615,39.7384],[-95.11805,39.7382],[-95.1183,39.73786],[-95.11836,39.73738],[-95.12015,39.73832],[-95.12062,39.73872],[-95.12211,39.73838],[-95.12174,39.73919],[-95.12217,39.73976],[-95.13406,39.73988],[-95.13416,39.72528],[-95.12457,39.72526],[-95.12419,39.6526],[-95.12525,39.65288],[-95.13857,39.65282],[-95.13858,39.65467],[-95.13878,39.65519],[-95.1408,39.65767],[-95.14163,39.65933],[-95.14331,39.66204],[-95.14337,39.68176],[-95.14599,39.68177],[-95.15773,39.68172],[-95.15845,39.68146],[-95.15913,39.68085],[-95.15955,39.68076],[-95.16001,39.68091],[-95.16097,39.68162],[-95.16186,39.68172],[-95.16174,39.68141],[-95.16182,39.68102],[-95.16255,39.67987],[-95.16254,39.67925],[-95.16307,39.6789],[-95.16321,39.67845],[-95.16346,39.67822],[-95.16336,39.67785],[-95.16438,39.67812],[-95.16451,39.67793],[-95.16422,39.67764],[-95.16434,39.67742],[-95.16462,39.67736],[-95.165,39.67751],[-95.16519,39.67796],[-95.16542,39.67809],[-95.16592,39.67748],[-95.16671,39.67731],[-95.16643,39.67674],[-95.16651,39.67631],[-95.16728,39.67621],[-95.16742,39.67598],[-95.16728,39.67578],[-95.16748,39.67562],[-95.16811,39.67581],[-95.16837,39.67571],[-95.16815,39.67535],[-95.16681,39.67447],[-95.16717,39.67392],[-95.16733,39.67266],[-95.16759,39.67251],[-95.16833,39.67259],[-95.16823,39.67176],[-95.16861,39.67137],[-95.16836,39.67071],[-95.16843,39.67046],[-95.16869,39.67035],[-95.16877,39.66981],[-95.16895,39.6697],[-95.17137,39.66888],[-95.17144,39.66853],[-95.17125,39.66783],[-95.1715,39.66737],[-95.17209,39.66718],[-95.17206,39.66689],[-95.17138,39.66603],[-95.17169,39.66579],[-95.17267,39.66603],[-95.17312,39.66562],[-95.17285,39.66535],[-95.17206,39.66518],[-95.17224,39.66391],[-95.17293,39.66307],[-95.17485,39.6627],[-95.17557,39.66164],[-95.17623,39.6613],[-95.17582,39.66068],[-95.17604,39.6604],[-95.17676,39.66063],[-95.17732,39.66126],[-95.17828,39.6619],[-95.17865,39.66189],[-95.17963,39.66135],[-95.18001,39.66137],[-95.18047,39.66161],[-95.18143,39.66156],[-95.18281,39.66203],[-95.18349,39.66205],[-95.18382,39.66255],[-95.18426,39.66213],[-95.18484,39.66086],[-95.18522,39.66116],[-95.18579,39.66113],[-95.18571,39.66173],[-95.18594,39.6618],[-95.18695,39.66128],[-95.18687,39.66105],[-95.18737,39.6604],[-95.18793,39.66061],[-95.18837,39.66027],[-95.18869,39.66111],[-95.18927,39.66139],[-95.18979,39.66143],[-95.19033,39.66066],[-95.19105,39.6601],[-95.19266,39.66024],[-95.19382,39.66123],[-95.19445,39.66228],[-95.19563,39.6632],[-95.19643,39.66468],[-95.19664,39.66543],[-95.19768,39.66638],[-95.19851,39.66765],[-95.19973,39.66782],[-95.20003,39.66846],[-95.20045,39.6685],[-95.20113,39.66823],[-95.2017,39.66849],[-95.20248,39.66959],[-95.20239,39.67092],[-95.20258,39.67092],[-95.20283,39.67047],[-95.2041,39.67045],[-95.20413,39.67079],[-95.20393,39.67117],[-95.20424,39.67143],[-95.20477,39.67146],[-95.20496,39.67262],[-95.20556,39.67371],[-95.20638,39.67385],[-95.20717,39.67343],[-95.20784,39.6733],[-95.20819,39.67339],[-95.20831,39.67352],[-95.2082,39.67386],[-95.20759,39.67418],[-95.20746,39.67451],[-95.21169,39.67312],[-95.21215,39.67251],[-95.21239,39.6714],[-95.21281,39.67102],[-95.21545,39.67021],[-95.21665,39.67022],[-95.21701,39.67006],[-95.21802,39.66917],[-95.21829,39.66741],[-95.22152,39.66737],[-95.22165,39.666],[-95.22256,39.66529],[-95.22341,39.66526],[-95.2272,39.66629],[-95.22752,39.65296],[-95.28384,39.65305]]]}},{"type":"Feature","properties":{"ZIP":"66007"},"geometry":{"type":"Polygon","coordinates":[[[-94.99411,39.16603],[-94.99386,39.16494],[-94.99405,39.16281],[-94.99408,39.15799],[-94.9922,39.1587],[-94.98507,39.15835],[-94.9848,39.1582],[-94.98498,39.14315],[-94.98409,39.14314],[-94.98467,39.14279],[-94.9859,39.14144],[-94.98651,39.14041],[-94.98737,39.13972],[-94.98768,39.13861],[-94.9877,39.13787],[-94.9875,39.13756],[-94.98747,39.13711],[-94.98785,39.13618],[-94.98781,39.1352],[-94.98837,39.13503],[-94.98851,39.13483],[-94.98855,39.13444],[-94.98829,39.13383],[-94.98879,39.13327],[-94.9885,39.13303],[-94.98846,39.13262],[-94.98815,39.13251],[-94.98818,39.13197],[-94.98756,39.1318],[-94.98706,39.13194],[-94.98685,39.1322],[-94.98707,39.13273],[-94.98642,39.13319],[-94.98576,39.1333],[-94.98569,39.13261],[-94.98513,39.13257],[-94.98482,39.13264],[-94.98445,39.1331],[-94.98342,39.1331],[-94.98295,39.13356],[-94.98148,39.13368],[-94.98136,39.13347],[-94.98147,39.13297],[-94.9807,39.13285],[-94.98035,39.1323],[-94.98035,39.13189],[-94.98103,39.13123],[-94.98151,39.13045],[-94.98116,39.12988],[-94.98132,39.12974],[-94.98117,39.12958],[-94.98141,39.12905],[-94.98098,39.12856],[-94.97416,39.1286],[-94.97395,39.12824],[-94.97328,39.12789],[-94.97275,39.12836],[-94.97199,39.12839],[-94.97168,39.12809],[-94.97162,39.12727],[-94.97043,39.12721],[-94.97021,39.12597],[-94.96927,39.12519],[-94.96891,39.12518],[-94.96795,39.12555],[-94.967,39.12529],[-94.96581,39.12535],[-94.96503,39.12467],[-94.96505,39.12382],[-94.96572,39.1238],[-94.96588,39.12365],[-94.96559,39.12273],[-94.9663,39.12282],[-94.96628,39.12353],[-94.9735,39.12348],[-94.97347,39.11988],[-94.96424,39.1199],[-94.96425,39.11601],[-94.96746,39.11604],[-94.97175,39.11637],[-94.98279,39.11637],[-94.98286,39.11301],[-94.98381,39.11305],[-94.98378,39.11264],[-94.9875,39.11264],[-94.98742,39.10362],[-94.98608,39.10355],[-94.98604,39.10254],[-94.98475,39.10243],[-94.98469,39.1017],[-94.98374,39.1017],[-94.98371,39.1005],[-94.9846,39.10057],[-94.98456,39.09811],[-94.98744,39.09819],[-94.98753,39.08813],[-94.98413,39.08809],[-94.98417,39.08745],[-94.9844,39.08716],[-94.98289,39.08716],[-94.98298,39.07543],[-94.96439,39.0795],[-94.96439,39.07961],[-94.94872,39.08265],[-94.94441,39.08329],[-94.92981,39.08462],[-94.92761,39.08531],[-94.92079,39.08838],[-94.91879,39.08894],[-94.91969,39.0918],[-94.92009,39.09235],[-94.92009,39.09261],[-94.91965,39.09285],[-94.91963,39.0931],[-94.92021,39.09363],[-94.92022,39.09399],[-94.91992,39.09422],[-94.91931,39.09408],[-94.91869,39.09428],[-94.91843,39.09463],[-94.91836,39.09524],[-94.91774,39.09545],[-94.9179,39.09608],[-94.91769,39.09657],[-94.91728,39.09694],[-94.91716,39.09746],[-94.91762,39.09792],[-94.91759,39.09813],[-94.9173,39.09838],[-94.91684,39.09847],[-94.91673,39.09909],[-94.91615,39.09956],[-94.91619,39.09983],[-94.91662,39.1001],[-94.91696,39.10076],[-94.91803,39.10103],[-94.91833,39.10149],[-94.91839,39.102],[-94.91913,39.10263],[-94.91899,39.1038],[-94.91996,39.10599],[-94.91984,39.10642],[-94.91951,39.10656],[-94.91927,39.10761],[-94.91868,39.10877],[-94.91779,39.10876],[-94.91772,39.11608],[-94.90847,39.116],[-94.90828,39.12865],[-94.9014,39.12868],[-94.90086,39.14226],[-94.90099,39.14737],[-94.90073,39.16451],[-94.90048,39.2015],[-94.90802,39.20128],[-94.91906,39.20137],[-94.91909,39.19332],[-94.9196,39.19267],[-94.92009,39.19096],[-94.92009,39.1879],[-94.92385,39.18799],[-94.92371,39.19035],[-94.92839,39.19038],[-94.92836,39.18678],[-94.95658,39.18667],[-94.95655,39.1938],[-94.97535,39.19376],[-94.97532,39.19074],[-94.9755,39.19047],[-94.97542,39.18979],[-94.97559,39.1893],[-94.97681,39.18958],[-94.97688,39.18907],[-94.9785,39.18738],[-94.97927,39.18612],[-94.98023,39.18567],[-94.98036,39.18516],[-94.98177,39.18457],[-94.98286,39.18276],[-94.9835,39.18213],[-94.98349,39.1817],[-94.98405,39.18055],[-94.98405,39.17975],[-94.98487,39.17931],[-94.98584,39.17955],[-94.98639,39.17918],[-94.98708,39.17902],[-94.9883,39.17927],[-94.98932,39.17794],[-94.98935,39.17749],[-94.98838,39.17717],[-94.98814,39.17693],[-94.98816,39.17653],[-94.98878,39.17625],[-94.98878,39.17579],[-94.98857,39.17549],[-94.9869,39.17424],[-94.98675,39.17389],[-94.98684,39.17338],[-94.98932,39.17327],[-94.99098,39.17231],[-94.99195,39.17069],[-94.99211,39.16956],[-94.99134,39.16878],[-94.98992,39.16832],[-94.98974,39.16778],[-94.9913,39.16703],[-94.99204,39.16695],[-94.9926,39.1665],[-94.99408,39.16647],[-94.99411,39.16603]]]}},{"type":"Feature","properties":{"ZIP":"66012"},"geometry":{"type":"Polygon","coordinates":[[[-95.00161,39.04952],[-95.00165,39.04374],[-95.00061,39.0443],[-94.99932,39.0437],[-94.99344,39.04367],[-94.98307,39.05389],[-94.98319,39.02913],[-94.97385,39.0291],[-94.97388,39.02183],[-94.96456,39.02183],[-94.96459,39.01453],[-94.9344,39.01447],[-94.93443,39.01118],[-94.92761,39.01124],[-94.92761,39.00285],[-94.92747,39.00204],[-94.92655,39.00235],[-94.92449,39.00271],[-94.92179,39.00229],[-94.9199,39.00154],[-94.91831,39.00041],[-94.91704,38.99885],[-94.91624,38.9969],[-94.91621,38.99563],[-94.91656,38.99448],[-94.91775,38.99282],[-94.91891,38.99186],[-94.91958,38.99093],[-94.92086,38.98872],[-94.92182,38.98638],[-94.92175,38.98578],[-94.92081,38.98426],[-94.9198,38.9836],[-94.91882,38.98363],[-94.9138,38.98648],[-94.91231,38.98773],[-94.90877,38.9914],[-94.90351,38.99763],[-94.90235,38.99877],[-94.8948,39.00727],[-94.88886,39.01537],[-94.88843,39.01614],[-94.8883,39.01675],[-94.88835,39.0201],[-94.89014,39.02315],[-94.89053,39.0244],[-94.89122,39.02789],[-94.89128,39.02932],[-94.89114,39.03068],[-94.88963,39.03418],[-94.88782,39.0371],[-94.88719,39.03845],[-94.88505,39.04475],[-94.88412,39.04928],[-94.88357,39.05069],[-94.87954,39.05456],[-94.87643,39.05714],[-94.87344,39.05867],[-94.87152,39.05938],[-94.87315,39.06108],[-94.86631,39.06373],[-94.86411,39.06416],[-94.86194,39.06419],[-94.8619,39.06531],[-94.8609,39.06564],[-94.86021,39.06553],[-94.85702,39.06578],[-94.85684,39.06574],[-94.85674,39.06546],[-94.85639,39.06566],[-94.85617,39.06556],[-94.85599,39.06577],[-94.85576,39.06543],[-94.85543,39.06556],[-94.8551,39.06541],[-94.85345,39.06536],[-94.85289,39.06548],[-94.85276,39.06576],[-94.85218,39.06569],[-94.85191,39.06598],[-94.84958,39.06591],[-94.84903,39.06566],[-94.84878,39.06576],[-94.84759,39.06562],[-94.84663,39.06577],[-94.84649,39.06546],[-94.84612,39.06554],[-94.84613,39.06585],[-94.84433,39.0657],[-94.84433,39.06539],[-94.83894,39.06538],[-94.83893,39.06384],[-94.83865,39.06382],[-94.83724,39.06381],[-94.83726,39.06538],[-94.83496,39.06537],[-94.83495,39.07986],[-94.84429,39.07986],[-94.84429,39.0889],[-94.84597,39.08807],[-94.84613,39.08765],[-94.84603,39.08695],[-94.84622,39.0867],[-94.84642,39.0866],[-94.84713,39.08696],[-94.84751,39.0879],[-94.84739,39.0882],[-94.84756,39.08932],[-94.84791,39.08995],[-94.84784,39.09069],[-94.84767,39.09092],[-94.84799,39.09109],[-94.84797,39.09141],[-94.84845,39.09146],[-94.84929,39.0922],[-94.84934,39.09259],[-94.84906,39.09298],[-94.84903,39.0941],[-94.84937,39.09428],[-94.84998,39.09424],[-94.84997,39.09452],[-94.84954,39.09463],[-94.84973,39.0952],[-94.84974,39.09594],[-94.85115,39.09695],[-94.85135,39.09765],[-94.85361,39.09882],[-94.85362,39.10413],[-94.85065,39.10479],[-94.84608,39.10547],[-94.83507,39.10594],[-94.83514,39.10836],[-94.83592,39.10924],[-94.83738,39.10975],[-94.84372,39.10911],[-94.84397,39.11057],[-94.84407,39.1177],[-94.84388,39.11829],[-94.8432,39.11914],[-94.84462,39.12006],[-94.84643,39.11844],[-94.84804,39.11741],[-94.85026,39.1166],[-94.85192,39.11625],[-94.85651,39.11604],[-94.89468,39.11591],[-94.89492,39.11612],[-94.89517,39.11609],[-94.89879,39.11926],[-94.90075,39.1214],[-94.90124,39.12238],[-94.90839,39.12232],[-94.90847,39.116],[-94.91772,39.11608],[-94.91779,39.10876],[-94.91868,39.10877],[-94.91927,39.10761],[-94.91951,39.10656],[-94.91984,39.10642],[-94.91996,39.10599],[-94.91899,39.1038],[-94.91913,39.10263],[-94.91839,39.102],[-94.91833,39.10149],[-94.91803,39.10103],[-94.91696,39.10076],[-94.91662,39.1001],[-94.91619,39.09983],[-94.91615,39.09956],[-94.91673,39.09909],[-94.91684,39.09847],[-94.9173,39.09838],[-94.91759,39.09813],[-94.91762,39.09792],[-94.91716,39.09746],[-94.91728,39.09694],[-94.91769,39.09657],[-94.9179,39.09608],[-94.91774,39.09545],[-94.91836,39.09524],[-94.91843,39.09463],[-94.91869,39.09428],[-94.91931,39.09408],[-94.91992,39.09422],[-94.92022,39.09399],[-94.92021,39.09363],[-94.91963,39.0931],[-94.91965,39.09285],[-94.92009,39.09261],[-94.92009,39.09235],[-94.91969,39.0918],[-94.91879,39.08894],[-94.92079,39.08838],[-94.92761,39.08531],[-94.92981,39.08462],[-94.94441,39.08329],[-94.94872,39.08265],[-94.96439,39.07961],[-94.96439,39.0795],[-94.99945,39.07183],[-94.99901,39.07151],[-94.99905,39.07131],[-95.0011,39.07088],[-95.00145,39.07055],[-95.00161,39.04952]]]}},{"type":"Feature","properties":{"ZIP":"66013"},"geometry":{"type":"Polygon","coordinates":[[[-94.76032,38.73842],[-94.76022,38.71653],[-94.75134,38.71649],[-94.75132,38.70916],[-94.74176,38.70914],[-94.74176,38.69459],[-94.7409,38.69458],[-94.74087,38.68712],[-94.73822,38.6873],[-94.73637,38.68716],[-94.73555,38.68687],[-94.73077,38.68702],[-94.72895,38.68786],[-94.72873,38.68847],[-94.72808,38.68865],[-94.72719,38.68917],[-94.72676,38.6896],[-94.72367,38.68949],[-94.72232,38.6905],[-94.7223,38.67219],[-94.68647,38.67163],[-94.68646,38.67903],[-94.68371,38.67903],[-94.68256,38.68492],[-94.68195,38.68676],[-94.68163,38.68751],[-94.67733,38.69429],[-94.67649,38.69631],[-94.6762,38.69844],[-94.67621,38.70784],[-94.66757,38.70792],[-94.6676,38.69601],[-94.6677,38.69516],[-94.66801,38.69453],[-94.61944,38.69447],[-94.61864,38.69513],[-94.61848,38.69562],[-94.61818,38.69542],[-94.61776,38.69576],[-94.61738,38.6966],[-94.61742,38.69693],[-94.6178,38.69739],[-94.61753,38.69763],[-94.61682,38.69749],[-94.61714,38.69817],[-94.61687,38.69843],[-94.61663,38.69905],[-94.61646,38.69909],[-94.61645,38.69969],[-94.61583,38.69961],[-94.61542,38.69995],[-94.61585,38.70027],[-94.61573,38.70053],[-94.61514,38.70046],[-94.61518,38.70079],[-94.61499,38.70096],[-94.61442,38.70053],[-94.61411,38.70053],[-94.61362,38.70091],[-94.61308,38.70185],[-94.61264,38.70229],[-94.61203,38.70261],[-94.61114,38.70279],[-94.61103,38.70297],[-94.61131,38.70328],[-94.61107,38.70359],[-94.60991,38.70402],[-94.60887,38.75269],[-94.66552,38.75269],[-94.66317,38.75462],[-94.66158,38.75644],[-94.65826,38.76206],[-94.65929,38.76258],[-94.66012,38.76262],[-94.66011,38.76354],[-94.66644,38.76354],[-94.66645,38.7663],[-94.66771,38.76627],[-94.66771,38.76723],[-94.67783,38.76727],[-94.67793,38.77449],[-94.68632,38.77454],[-94.68635,38.7818],[-94.67778,38.78184],[-94.67554,38.80363],[-94.68104,38.80362],[-94.68104,38.80445],[-94.68179,38.80529],[-94.68122,38.80568],[-94.67974,38.80601],[-94.67881,38.80658],[-94.67845,38.80713],[-94.6784,38.80787],[-94.6787,38.80801],[-94.68036,38.80805],[-94.68049,38.80863],[-94.68122,38.80893],[-94.68162,38.80958],[-94.68134,38.80987],[-94.68071,38.80988],[-94.6806,38.81061],[-94.68351,38.8121],[-94.68417,38.81207],[-94.68476,38.81227],[-94.68513,38.81214],[-94.6857,38.81228],[-94.68641,38.81217],[-94.68653,38.81087],[-94.70508,38.81093],[-94.70503,38.80365],[-94.72367,38.80368],[-94.72359,38.79639],[-94.74224,38.79641],[-94.74213,38.7866],[-94.74161,38.78649],[-94.74119,38.7862],[-94.74056,38.78634],[-94.74028,38.78694],[-94.73979,38.78706],[-94.73925,38.7875],[-94.73909,38.78784],[-94.73865,38.78805],[-94.73872,38.78858],[-94.73827,38.78896],[-94.737,38.7888],[-94.73469,38.78928],[-94.73291,38.78932],[-94.73293,38.78184],[-94.70485,38.78186],[-94.70493,38.76733],[-94.72329,38.7675],[-94.72326,38.75293],[-94.73301,38.75286],[-94.73296,38.76741],[-94.7464,38.76732],[-94.74644,38.76007],[-94.75106,38.76005],[-94.75104,38.75647],[-94.75573,38.7564],[-94.75568,38.75277],[-94.76029,38.75277],[-94.76032,38.73842]]]}},{"type":"Feature","properties":{"ZIP":"66018"},"geometry":{"type":"Polygon","coordinates":[[[-95.05647,38.96676],[-95.05647,38.96606],[-95.0517,38.96746],[-95.04985,38.96807],[-95.04012,38.97231],[-95.03636,38.97326],[-95.03643,38.97136],[-95.03548,38.9714],[-95.03563,38.96415],[-95.02757,38.96394],[-95.01938,38.96406],[-95.01936,38.95963],[-95.02233,38.95807],[-95.02512,38.95592],[-95.02643,38.95453],[-95.02981,38.94997],[-95.0322,38.94764],[-95.0353,38.9456],[-95.03785,38.94446],[-95.03784,38.94245],[-95.00647,38.94213],[-94.99852,38.94224],[-94.99726,38.94253],[-94.99599,38.94305],[-94.9943,38.94428],[-94.99357,38.94518],[-94.99311,38.94607],[-94.99266,38.94811],[-94.99229,38.9478],[-94.99214,38.94724],[-94.99213,38.93302],[-94.98483,38.93294],[-94.98442,38.93262],[-94.98355,38.9304],[-94.98298,38.93071],[-94.98299,38.93112],[-94.98331,38.93172],[-94.98289,38.93244],[-94.98235,38.93246],[-94.98202,38.93203],[-94.98133,38.93191],[-94.98129,38.93221],[-94.98187,38.93321],[-94.9813,38.93393],[-94.98031,38.93413],[-94.98,38.93441],[-94.98016,38.9347],[-94.98081,38.93493],[-94.98102,38.93514],[-94.98095,38.93525],[-94.98045,38.93544],[-94.97978,38.93544],[-94.97978,38.93528],[-94.97928,38.9349],[-94.97894,38.93482],[-94.97817,38.93545],[-94.97814,38.93574],[-94.97845,38.93614],[-94.97936,38.93664],[-94.98068,38.93699],[-94.98099,38.93759],[-94.98091,38.93779],[-94.97955,38.93798],[-94.97915,38.93826],[-94.97911,38.93851],[-94.97773,38.93865],[-94.97578,38.93817],[-94.97381,38.93701],[-94.97374,38.93487],[-94.97351,38.9347],[-94.95523,38.93466],[-94.95514,38.92744],[-94.94585,38.92742],[-94.94585,38.9202],[-94.92729,38.92005],[-94.92729,38.92139],[-94.92801,38.92161],[-94.9286,38.92229],[-94.92925,38.92253],[-94.92969,38.92355],[-94.92964,38.9245],[-94.93027,38.92474],[-94.93058,38.92502],[-94.93059,38.92557],[-94.93021,38.92592],[-94.93014,38.9265],[-94.93128,38.92706],[-94.93169,38.92807],[-94.93132,38.92868],[-94.93119,38.9293],[-94.93261,38.93058],[-94.93319,38.93074],[-94.93374,38.93126],[-94.9343,38.93135],[-94.93534,38.93082],[-94.93683,38.93191],[-94.93683,38.9324],[-94.9371,38.93303],[-94.93829,38.93364],[-94.93849,38.93445],[-94.93821,38.93557],[-94.93848,38.93618],[-94.93881,38.9365],[-94.93968,38.93658],[-94.94,38.93685],[-94.93969,38.93777],[-94.93983,38.93814],[-94.93972,38.93876],[-94.94009,38.93958],[-94.93988,38.93987],[-94.9394,38.94003],[-94.93901,38.93986],[-94.93881,38.93995],[-94.93936,38.94034],[-94.93955,38.94109],[-94.93919,38.94214],[-94.93719,38.94301],[-94.93629,38.94253],[-94.93499,38.94334],[-94.9337,38.94501],[-94.93267,38.94605],[-94.93288,38.94672],[-94.93156,38.94798],[-94.93143,38.94827],[-94.9316,38.94879],[-94.9314,38.94902],[-94.9297,38.94908],[-94.92952,38.94881],[-94.92913,38.94864],[-94.92833,38.94877],[-94.92818,38.94909],[-94.92785,38.94922],[-94.92752,38.94962],[-94.92622,38.95039],[-94.92612,38.9509],[-94.92627,38.95156],[-94.92562,38.95151],[-94.92504,38.95218],[-94.92471,38.9521],[-94.92399,38.95141],[-94.92345,38.95127],[-94.92307,38.95147],[-94.92295,38.9521],[-94.9227,38.95222],[-94.9224,38.9527],[-94.918,38.95267],[-94.91798,38.95504],[-94.91681,38.95527],[-94.91571,38.95527],[-94.91569,38.95265],[-94.91119,38.95261],[-94.91118,38.94995],[-94.90874,38.94993],[-94.90873,38.9656],[-94.90893,38.96555],[-94.90893,38.96623],[-94.90874,38.96623],[-94.90889,38.97071],[-94.90879,38.98532],[-94.9089,38.98976],[-94.90877,38.9914],[-94.91231,38.98773],[-94.9138,38.98648],[-94.91882,38.98363],[-94.91943,38.98354],[-94.92011,38.98373],[-94.9212,38.98475],[-94.92175,38.98578],[-94.92182,38.98638],[-94.92086,38.98872],[-94.91958,38.99093],[-94.91891,38.99186],[-94.91728,38.99338],[-94.91629,38.99515],[-94.91624,38.9969],[-94.91704,38.99885],[-94.91831,39.00041],[-94.9199,39.00154],[-94.92179,39.00229],[-94.92449,39.00271],[-94.92655,39.00235],[-94.92747,39.00204],[-94.92994,39.00196],[-94.93157,39.00146],[-94.93277,38.99994],[-94.93517,38.99747],[-94.93893,38.99466],[-94.94055,38.98998],[-94.94227,38.98821],[-94.94439,38.98639],[-94.94635,38.98545],[-94.94828,38.98421],[-94.94922,38.98391],[-94.9506,38.98388],[-94.95355,38.9828],[-94.95655,38.98197],[-94.96233,38.98191],[-94.96488,38.98214],[-94.9716,38.98519],[-94.97472,38.98787],[-94.97751,38.99058],[-94.9776,38.99087],[-94.97888,38.99124],[-94.98036,38.99241],[-94.98766,38.99408],[-94.99356,38.99504],[-94.9958,38.99571],[-95.00362,38.99893],[-95.01143,39.0008],[-95.01406,39.00086],[-95.01751,39.00031],[-95.02113,39.0],[-95.02182,38.99962],[-95.02304,38.99775],[-95.02464,38.99584],[-95.02543,38.99457],[-95.02607,38.99309],[-95.02604,38.99234],[-95.02459,38.98984],[-95.02383,38.98896],[-95.02364,38.98824],[-95.02417,38.98723],[-95.02451,38.98411],[-95.02529,38.98231],[-95.02625,38.98086],[-95.02818,38.97857],[-95.03055,38.97695],[-95.03327,38.9755],[-95.03509,38.97489],[-95.03837,38.9742],[-95.04067,38.97415],[-95.04391,38.97512],[-95.04986,38.97803],[-95.05626,38.98212],[-95.05647,38.96676]]]}},{"type":"Feature","properties":{"ZIP":"66020"},"geometry":{"type":"Polygon","coordinates":[[[-95.18024,39.375],[-95.17988,39.3179],[-95.16134,39.31775],[-95.16137,39.30305],[-95.16122,39.29577],[-95.1615,39.29445],[-95.1612,39.29309],[-95.16112,39.28869],[-95.16091,39.28843],[-95.16094,39.28813],[-95.16203,39.28612],[-95.16126,39.28508],[-95.16114,39.28374],[-95.16123,39.27752],[-95.1581,39.2775],[-95.15745,39.27735],[-95.15155,39.27773],[-95.15222,39.2812],[-95.1365,39.28179],[-95.13683,39.27837],[-95.13291,39.2784],[-95.13337,39.27487],[-95.13306,39.25942],[-95.10939,39.25953],[-95.10655,39.25951],[-95.10598,39.25934],[-95.08328,39.25962],[-95.08298,39.26053],[-95.08299,39.26101],[-95.08328,39.26338],[-95.08366,39.26489],[-95.08384,39.26514],[-95.08496,39.26551],[-95.08557,39.26596],[-95.08619,39.2667],[-95.07771,39.26662],[-95.07758,39.25925],[-95.07413,39.25963],[-95.06826,39.25918],[-95.05903,39.25915],[-95.05912,39.2646],[-95.0588,39.27652],[-95.05883,39.28959],[-95.0587,39.29568],[-95.05389,39.29571],[-95.05375,39.30287],[-95.04924,39.30281],[-95.04918,39.31021],[-95.04437,39.31007],[-95.04442,39.31711],[-95.05847,39.31709],[-95.05823,39.33186],[-95.06737,39.33186],[-95.0674,39.36094],[-95.05801,39.36092],[-95.058,39.36137],[-95.05714,39.36152],[-95.05663,39.36195],[-95.0564,39.36298],[-95.05659,39.36322],[-95.05798,39.3633],[-95.05798,39.36658],[-95.05748,39.36752],[-95.05695,39.36789],[-95.05618,39.36811],[-95.05203,39.36812],[-95.05073,39.36831],[-95.04993,39.36869],[-95.04737,39.36712],[-95.04476,39.36616],[-95.04266,39.36573],[-95.03794,39.36513],[-95.03,39.36316],[-95.02991,39.3702],[-95.03134,39.37049],[-95.03559,39.37074],[-95.04265,39.37172],[-95.04266,39.37279],[-95.04122,39.37277],[-95.04125,39.3754],[-95.04377,39.37544],[-95.0437,39.37903],[-95.04175,39.37899],[-95.04175,39.37875],[-95.04053,39.37866],[-95.04051,39.37992],[-95.04016,39.38051],[-95.03955,39.3806],[-95.03659,39.38075],[-95.03659,39.37982],[-95.02987,39.37986],[-95.02985,39.38138],[-95.02837,39.38137],[-95.0278,39.38101],[-95.02709,39.38136],[-95.02585,39.3824],[-95.02313,39.38256],[-95.02302,39.38619],[-95.02511,39.38615],[-95.02513,39.38993],[-95.01943,39.3898],[-95.02038,39.39052],[-95.02046,39.39175],[-95.02957,39.40434],[-95.0241,39.40433],[-95.02324,39.40461],[-95.02271,39.40516],[-95.02072,39.40639],[-95.02055,39.40667],[-95.01965,39.40687],[-95.01842,39.40758],[-95.01818,39.40871],[-95.01919,39.40919],[-95.01963,39.40964],[-95.01984,39.41056],[-95.02055,39.41106],[-95.02039,39.41169],[-95.02097,39.41217],[-95.02107,39.41276],[-95.0215,39.41321],[-95.02101,39.41418],[-95.0207,39.41424],[-95.0206,39.41487],[-95.02033,39.41492],[-95.02016,39.41471],[-95.01994,39.41472],[-95.01929,39.41525],[-95.0189,39.41527],[-95.01877,39.41543],[-95.01891,39.41563],[-95.01858,39.41582],[-95.01875,39.41601],[-95.01856,39.41641],[-95.01885,39.41654],[-95.01885,39.41679],[-95.01846,39.41751],[-95.0185,39.41787],[-95.01817,39.41889],[-95.06698,39.41898],[-95.06722,39.39974],[-95.06711,39.39716],[-95.0871,39.39715],[-95.08816,39.39741],[-95.08893,39.39782],[-95.0933,39.40115],[-95.09744,39.40186],[-95.09961,39.40127],[-95.10108,39.40184],[-95.10186,39.40185],[-95.10394,39.40007],[-95.10418,39.39968],[-95.10511,39.39911],[-95.10489,39.39893],[-95.10485,39.39857],[-95.10527,39.39802],[-95.10576,39.39794],[-95.10766,39.39847],[-95.10964,39.3985],[-95.11032,39.39815],[-95.11137,39.39705],[-95.11172,39.3961],[-95.11169,39.39498],[-95.11203,39.39458],[-95.11285,39.39445],[-95.11395,39.3947],[-95.115,39.3946],[-95.11517,39.39381],[-95.11496,39.3908],[-95.11506,39.38968],[-95.11645,39.38974],[-95.11718,39.39003],[-95.11683,39.3911],[-95.1173,39.39226],[-95.11727,39.39386],[-95.11745,39.39417],[-95.11869,39.3949],[-95.11896,39.39558],[-95.11934,39.39585],[-95.11999,39.39571],[-95.12054,39.39528],[-95.12325,39.39701],[-95.124,39.39728],[-95.13094,39.3974],[-95.13191,39.39794],[-95.1396,39.40424],[-95.13999,39.40452],[-95.14132,39.40499],[-95.14241,39.40511],[-95.14241,39.40463],[-95.17991,39.40468],[-95.17984,39.38492],[-95.17997,39.37841],[-95.18024,39.375]]]}},{"type":"Feature","properties":{"ZIP":"66021"},"geometry":{"type":"Polygon","coordinates":[[[-95.09341,38.77531],[-95.09341,38.76786],[-95.05633,38.76775],[-95.05641,38.73858],[-95.02987,38.73853],[-95.04749,38.72311],[-95.0488,38.72214],[-95.05035,38.72125],[-95.05368,38.72011],[-95.05641,38.71951],[-95.05644,38.70934],[-95.02867,38.70943],[-95.02871,38.70211],[-95.0285,38.702],[-95.02799,38.70114],[-95.02769,38.70097],[-95.02723,38.70109],[-95.02692,38.70143],[-95.02685,38.70214],[-95.02597,38.70276],[-95.02527,38.7027],[-95.02397,38.70209],[-95.02308,38.7019],[-95.02198,38.70226],[-95.02142,38.70332],[-95.0206,38.70339],[-95.02,38.70293],[-95.01964,38.70231],[-95.01964,38.70203],[-95.0202,38.70173],[-95.02022,38.7015],[-95.01928,38.70108],[-95.01822,38.70099],[-95.01788,38.70068],[-95.01719,38.69945],[-95.01631,38.69858],[-95.01613,38.69813],[-95.01544,38.69761],[-95.01513,38.69753],[-95.01419,38.69772],[-95.01361,38.69733],[-95.01299,38.69754],[-95.01261,38.69794],[-95.01121,38.69777],[-95.00984,38.69809],[-95.0092,38.69807],[-95.00891,38.69823],[-95.0089,38.69792],[-95.01005,38.69702],[-95.01121,38.69484],[-94.9862,38.69484],[-94.98608,38.68306],[-94.9847,38.68023],[-94.94795,38.67991],[-94.94706,38.67931],[-94.94679,38.67834],[-94.94685,38.66256],[-94.94497,38.66252],[-94.94497,38.66231],[-94.94436,38.6619],[-94.94268,38.66183],[-94.94267,38.6616],[-94.94327,38.66131],[-94.94309,38.66119],[-94.9423,38.66124],[-94.9415,38.66166],[-94.93967,38.66141],[-94.9393,38.66117],[-94.93994,38.66073],[-94.94045,38.65968],[-94.9402,38.65988],[-94.94019,38.65942],[-94.94005,38.65989],[-94.93927,38.66042],[-94.9385,38.66046],[-94.93782,38.66078],[-94.93727,38.6615],[-94.93644,38.66123],[-94.93505,38.66146],[-94.93442,38.66094],[-94.93383,38.66103],[-94.93319,38.66091],[-94.93255,38.66055],[-94.9301,38.66026],[-94.92979,38.66005],[-94.92997,38.65955],[-94.93057,38.65864],[-94.93163,38.65762],[-94.92989,38.65788],[-94.92956,38.65845],[-94.92906,38.65855],[-94.92904,38.65908],[-94.92849,38.65921],[-94.9278,38.66016],[-94.92759,38.66005],[-94.92707,38.65906],[-94.92686,38.66041],[-94.92663,38.66054],[-94.92622,38.66039],[-94.92628,38.66071],[-94.92577,38.66078],[-94.92497,38.66133],[-94.92471,38.66114],[-94.92451,38.66057],[-94.92382,38.6601],[-94.92361,38.66057],[-94.92376,38.66191],[-94.92327,38.66182],[-94.92311,38.66085],[-94.9226,38.6606],[-94.92192,38.66129],[-94.9221,38.66199],[-94.9215,38.66238],[-94.92102,38.66239],[-94.92047,38.66206],[-94.9204,38.66165],[-94.92056,38.66113],[-94.91989,38.66092],[-94.91979,38.66071],[-94.92078,38.65986],[-94.92091,38.65943],[-94.92056,38.65931],[-94.91961,38.65938],[-94.9194,38.6588],[-94.9189,38.65863],[-94.91894,38.67625],[-94.91906,38.67612],[-94.91951,38.67632],[-94.92039,38.67701],[-94.92099,38.67688],[-94.92134,38.67716],[-94.92137,38.67735],[-94.92087,38.678],[-94.92089,38.67823],[-94.92288,38.67791],[-94.92327,38.67821],[-94.923,38.67859],[-94.9223,38.67905],[-94.92148,38.67913],[-94.9208,38.67956],[-94.92103,38.68027],[-94.92185,38.68038],[-94.92193,38.68081],[-94.92213,38.68095],[-94.9217,38.68152],[-94.92206,38.68225],[-94.92239,38.68244],[-94.92244,38.68307],[-94.92231,38.68325],[-94.92272,38.68297],[-94.92257,38.68275],[-94.92301,38.68239],[-94.92329,38.68065],[-94.92353,38.68021],[-94.92381,38.68004],[-94.92404,38.68076],[-94.92496,38.68166],[-94.92448,38.68257],[-94.92475,38.6831],[-94.92452,38.68379],[-94.92479,38.68396],[-94.92495,38.68459],[-94.92473,38.68504],[-94.92502,38.68522],[-94.92603,38.6866],[-94.92704,38.68754],[-94.92814,38.68809],[-94.92895,38.688],[-94.92992,38.68853],[-94.93089,38.6883],[-94.93103,38.68794],[-94.93147,38.68805],[-94.93197,38.68795],[-94.9322,38.68828],[-94.93243,38.68831],[-94.93295,38.68815],[-94.93346,38.68769],[-94.93404,38.68784],[-94.93494,38.68775],[-94.93777,38.68876],[-94.93826,38.68899],[-94.93834,38.68942],[-94.93852,38.68941],[-94.93939,38.68923],[-94.9405,38.68827],[-94.94076,38.68839],[-94.94077,38.68863],[-94.94091,38.68853],[-94.94133,38.68785],[-94.94107,38.68748],[-94.94118,38.68735],[-94.94089,38.68707],[-94.94115,38.68617],[-94.94197,38.68601],[-94.94294,38.6862],[-94.94355,38.68667],[-94.94306,38.68685],[-94.94237,38.68815],[-94.94263,38.68842],[-94.94281,38.68902],[-94.9425,38.68954],[-94.94266,38.68979],[-94.94227,38.69054],[-94.94246,38.6905],[-94.94235,38.69104],[-94.9428,38.69164],[-94.94261,38.69249],[-94.94298,38.69284],[-94.94324,38.69346],[-94.94305,38.69364],[-94.94196,38.69363],[-94.94215,38.69379],[-94.94169,38.69414],[-94.94274,38.69408],[-94.94283,38.69427],[-94.94266,38.69464],[-94.94205,38.6949],[-94.94183,38.6953],[-94.94188,38.69564],[-94.94227,38.69577],[-94.94162,38.69605],[-94.94179,38.69678],[-94.94077,38.69722],[-94.94109,38.6974],[-94.94215,38.69741],[-94.94248,38.69724],[-94.94242,38.69791],[-94.94278,38.6987],[-94.94281,38.69925],[-94.94304,38.69886],[-94.94292,38.69818],[-94.94349,38.69746],[-94.94348,38.69721],[-94.94367,38.6971],[-94.94406,38.69734],[-94.94397,38.69691],[-94.94434,38.69629],[-94.94427,38.69599],[-94.94501,38.6956],[-94.94534,38.69465],[-94.94663,38.69289],[-94.94712,38.69413],[-94.94745,38.69427],[-94.94781,38.69491],[-94.94837,38.69531],[-94.94819,38.69555],[-94.94875,38.69555],[-94.94884,38.69615],[-94.94918,38.69683],[-94.95022,38.6983],[-94.95006,38.69912],[-94.95117,38.69965],[-94.95176,38.7004],[-94.95177,38.70114],[-94.95195,38.70159],[-94.95272,38.70198],[-94.95312,38.7019],[-94.95376,38.70143],[-94.95441,38.70135],[-94.95565,38.70185],[-94.95689,38.70193],[-94.95761,38.70288],[-94.95807,38.70322],[-94.95798,38.70351],[-94.95735,38.7037],[-94.95705,38.70406],[-94.95731,38.70385],[-94.9581,38.70374],[-94.95851,38.70352],[-94.95869,38.70408],[-94.95849,38.70457],[-94.95852,38.70508],[-94.95899,38.70564],[-94.96125,38.70735],[-94.96231,38.70873],[-94.96282,38.70904],[-94.96349,38.70912],[-94.96396,38.70859],[-94.9643,38.70899],[-94.96481,38.70893],[-94.96494,38.70906],[-94.96621,38.70853],[-94.96688,38.7086],[-94.96737,38.70887],[-94.96787,38.70945],[-94.96777,38.70992],[-94.9675,38.71018],[-94.96736,38.70964],[-94.96711,38.70964],[-94.96712,38.70983],[-94.96673,38.70994],[-94.96662,38.71013],[-94.96678,38.71028],[-94.96662,38.71058],[-94.96702,38.71101],[-94.96808,38.711],[-94.96831,38.71072],[-94.96856,38.71084],[-94.96864,38.71304],[-94.96804,38.71309],[-94.96782,38.7129],[-94.96769,38.71301],[-94.96773,38.71322],[-94.96875,38.71322],[-94.96899,38.71356],[-94.96712,38.71336],[-94.96907,38.71369],[-94.96959,38.71425],[-94.96975,38.71398],[-94.97022,38.714],[-94.97049,38.7144],[-94.97027,38.71536],[-94.97028,38.71636],[-94.97008,38.71663],[-94.96937,38.71698],[-94.96892,38.71762],[-94.969,38.7185],[-94.96913,38.71857],[-94.96925,38.7184],[-94.96938,38.71859],[-94.96934,38.71984],[-94.96914,38.7199],[-94.96862,38.71957],[-94.9681,38.71948],[-94.96761,38.71958],[-94.9672,38.71993],[-94.9674,38.72035],[-94.9685,38.72099],[-94.9687,38.72142],[-94.96855,38.72201],[-94.96795,38.72229],[-94.96775,38.72212],[-94.96775,38.72145],[-94.96541,38.72076],[-94.96449,38.72136],[-94.96294,38.72111],[-94.96254,38.72132],[-94.96249,38.72163],[-94.96282,38.72216],[-94.9626,38.72244],[-94.96254,38.72317],[-94.96158,38.72425],[-94.96163,38.72519],[-94.96137,38.72552],[-94.96033,38.72568],[-94.96057,38.72713],[-94.96115,38.72846],[-94.96033,38.72942],[-94.96184,38.73057],[-94.96165,38.73183],[-94.96103,38.73309],[-94.96053,38.73462],[-94.96068,38.73498],[-94.96221,38.73422],[-94.9626,38.73383],[-94.96323,38.73272],[-94.96365,38.73271],[-94.96466,38.73292],[-94.96639,38.73392],[-94.96922,38.73415],[-94.97026,38.73448],[-94.9707,38.73473],[-94.97106,38.73526],[-94.97114,38.73623],[-94.9709,38.73667],[-94.97039,38.73702],[-94.96906,38.73747],[-94.96792,38.73863],[-94.96399,38.73848],[-94.964,38.74212],[-94.95517,38.74211],[-94.95498,38.7419],[-94.94583,38.74203],[-94.94578,38.75302],[-94.93637,38.75299],[-94.93641,38.76385],[-94.9399,38.76386],[-94.93991,38.76747],[-94.94351,38.76748],[-94.94353,38.77049],[-94.94905,38.7673],[-94.94946,38.76736],[-94.94591,38.7693],[-94.94591,38.77127],[-94.94593,38.77111],[-94.95512,38.77115],[-94.95503,38.78208],[-94.94579,38.7821],[-94.94581,38.79838],[-94.96407,38.78921],[-94.96642,38.78892],[-94.96733,38.78845],[-94.96774,38.78768],[-94.96825,38.78718],[-94.96954,38.78633],[-94.97068,38.78581],[-94.97167,38.7852],[-94.97241,38.7845],[-94.97353,38.7839],[-94.97373,38.7974],[-94.97357,38.81116],[-94.99225,38.81117],[-94.99217,38.79676],[-95.00139,38.79678],[-95.0014,38.84036],[-95.03767,38.84061],[-95.05972,38.8406],[-95.05933,38.83891],[-95.05836,38.83766],[-95.0583,38.83683],[-95.05856,38.83611],[-95.05849,38.83566],[-95.05894,38.83429],[-95.0587,38.83376],[-95.05868,38.83309],[-95.05817,38.8328],[-95.05825,38.83248],[-95.05798,38.8315],[-95.05812,38.83056],[-95.05801,38.82985],[-95.05771,38.82942],[-95.05711,38.8293],[-95.05749,38.82884],[-95.05749,38.82863],[-95.05675,38.82847],[-95.05644,38.82823],[-95.0562,38.82829],[-95.05618,38.82598],[-95.07372,38.82599],[-95.07394,38.82575],[-95.07391,38.82532],[-95.07327,38.82507],[-95.07326,38.82468],[-95.07246,38.8235],[-95.07162,38.82276],[-95.07127,38.82148],[-95.07092,38.82093],[-95.06956,38.81975],[-95.06951,38.81917],[-95.06855,38.81805],[-95.06805,38.81704],[-95.06757,38.81529],[-95.06642,38.81401],[-95.06645,38.81378],[-95.06723,38.81317],[-95.06722,38.81293],[-95.06672,38.81216],[-95.06677,38.81138],[-95.07481,38.81134],[-95.07481,38.78218],[-95.0934,38.78219],[-95.09341,38.77531]]]}},{"type":"Feature","properties":{"ZIP":"66025"},"geometry":{"type":"Polygon","coordinates":[[[-95.16786,38.86975],[-95.16763,38.85513],[-95.14903,38.85516],[-95.14918,38.84063],[-95.13044,38.84043],[-95.11185,38.84066],[-95.09317,38.84061],[-95.09317,38.82599],[-95.11189,38.82608],[-95.11184,38.81146],[-95.09625,38.81146],[-95.0967,38.81123],[-95.09684,38.81096],[-95.09676,38.80959],[-95.0969,38.80938],[-95.09865,38.80905],[-95.10017,38.80764],[-95.0932,38.80534],[-95.0934,38.78219],[-95.07481,38.78218],[-95.07481,38.81134],[-95.06677,38.81138],[-95.06672,38.81216],[-95.06722,38.81293],[-95.06723,38.81317],[-95.06645,38.81378],[-95.06642,38.81401],[-95.06757,38.81529],[-95.06805,38.81704],[-95.06855,38.81805],[-95.06951,38.81917],[-95.06956,38.81975],[-95.07092,38.82093],[-95.07127,38.82148],[-95.07162,38.82276],[-95.07246,38.8235],[-95.07326,38.82468],[-95.07327,38.82507],[-95.07391,38.82532],[-95.07391,38.82586],[-95.07372,38.82599],[-95.05618,38.82598],[-95.0562,38.82829],[-95.05644,38.82823],[-95.05675,38.82847],[-95.05749,38.82863],[-95.05749,38.82884],[-95.05711,38.8293],[-95.05771,38.82942],[-95.05801,38.82985],[-95.05812,38.83056],[-95.05798,38.8315],[-95.05825,38.83248],[-95.05817,38.8328],[-95.05868,38.83309],[-95.0587,38.83376],[-95.05894,38.83429],[-95.05849,38.83566],[-95.05856,38.83611],[-95.0583,38.83683],[-95.05836,38.83766],[-95.05933,38.83891],[-95.05972,38.8406],[-95.03767,38.84061],[-95.03765,38.85519],[-95.01897,38.85495],[-95.01894,38.8695],[-95.00353,38.86946],[-95.00375,38.87018],[-95.00479,38.87044],[-95.00498,38.87073],[-95.00464,38.87113],[-95.00308,38.8717],[-95.00217,38.87162],[-95.00205,38.87178],[-95.00235,38.87269],[-95.00237,38.87339],[-95.00219,38.87397],[-95.00249,38.87464],[-95.00319,38.875],[-95.00323,38.87538],[-95.00306,38.87563],[-95.002,38.87613],[-95.00203,38.87732],[-95.00132,38.8781],[-95.00094,38.87901],[-95.00075,38.88032],[-94.99985,38.88044],[-94.99938,38.88067],[-94.99912,38.88181],[-94.99766,38.88229],[-94.99732,38.88303],[-94.99673,38.88359],[-94.99549,38.88403],[-94.99521,38.88452],[-94.99533,38.88546],[-94.99448,38.88599],[-94.99371,38.88706],[-94.99369,38.88723],[-94.99439,38.88813],[-94.99412,38.88877],[-94.99459,38.88996],[-94.99532,38.89013],[-94.99542,38.89024],[-94.99524,38.89058],[-94.99542,38.89079],[-94.99578,38.89091],[-94.99672,38.89084],[-94.99702,38.8911],[-94.99684,38.89144],[-94.99554,38.89164],[-94.99561,38.89233],[-94.99607,38.89247],[-94.99753,38.89203],[-94.99833,38.89229],[-94.99861,38.89275],[-94.99846,38.89338],[-94.99744,38.89411],[-94.99768,38.89492],[-94.99735,38.89598],[-94.99762,38.89641],[-94.99718,38.8965],[-94.99566,38.89626],[-94.99504,38.89649],[-94.99498,38.89675],[-94.99533,38.89723],[-94.99581,38.89881],[-94.99565,38.89919],[-94.99537,38.89935],[-94.99403,38.89925],[-94.99318,38.89941],[-94.9915,38.90057],[-94.99166,38.90087],[-94.99238,38.90136],[-94.99244,38.90184],[-94.99172,38.9029],[-94.98964,38.90393],[-94.98937,38.90433],[-94.98955,38.90465],[-94.99011,38.90478],[-94.99035,38.905],[-94.99039,38.90518],[-94.98991,38.90571],[-94.99054,38.90621],[-94.99054,38.90638],[-94.99015,38.9067],[-94.98911,38.90692],[-94.98896,38.90722],[-94.98918,38.90767],[-94.98852,38.90758],[-94.98792,38.90725],[-94.98771,38.90724],[-94.9875,38.90746],[-94.98799,38.908],[-94.98823,38.90854],[-94.98888,38.90872],[-94.98901,38.90888],[-94.98893,38.90917],[-94.98796,38.90928],[-94.98769,38.90919],[-94.98747,38.90887],[-94.987,38.90894],[-94.98646,38.90942],[-94.98508,38.91127],[-94.98477,38.91243],[-94.98487,38.91289],[-94.98526,38.91343],[-94.98521,38.91432],[-94.98409,38.91472],[-94.98385,38.91503],[-94.98382,38.91563],[-94.98412,38.91648],[-94.98424,38.91826],[-94.9845,38.91947],[-94.9843,38.91993],[-94.98443,38.92025],[-94.98387,38.92138],[-94.98438,38.92189],[-94.98543,38.9222],[-94.98551,38.92251],[-94.98501,38.92329],[-94.98564,38.92458],[-94.98551,38.92518],[-94.98463,38.92556],[-94.98438,38.92585],[-94.98505,38.92722],[-94.98501,38.92745],[-94.98532,38.92788],[-94.98525,38.92843],[-94.98506,38.92869],[-94.98413,38.92919],[-94.98401,38.93],[-94.98355,38.9304],[-94.98442,38.93262],[-94.98483,38.93294],[-94.99213,38.93302],[-94.99214,38.94724],[-94.99229,38.9478],[-94.99266,38.94811],[-94.99311,38.94607],[-94.99357,38.94518],[-94.9943,38.94428],[-94.99599,38.94305],[-94.99726,38.94253],[-94.99852,38.94224],[-95.00647,38.94213],[-95.03784,38.94245],[-95.03785,38.94446],[-95.0353,38.9456],[-95.0322,38.94764],[-95.02981,38.94997],[-95.02643,38.95453],[-95.02512,38.95592],[-95.02233,38.95807],[-95.01936,38.95963],[-95.01938,38.96406],[-95.02757,38.96394],[-95.03563,38.96415],[-95.03548,38.9714],[-95.03643,38.97136],[-95.03636,38.97326],[-95.04012,38.97231],[-95.04985,38.96807],[-95.05647,38.96606],[-95.05626,38.98212],[-95.06071,38.98562],[-95.06509,38.98677],[-95.06663,38.98705],[-95.06872,38.98712],[-95.07999,38.98421],[-95.08243,38.98329],[-95.08477,38.98236],[-95.08669,38.98022],[-95.08627,38.9785],[-95.0864,38.97854],[-95.08639,38.9778],[-95.08688,38.97662],[-95.0868,38.97433],[-95.08478,38.97239],[-95.08214,38.97125],[-95.07975,38.96952],[-95.07666,38.96695],[-95.07445,38.96437],[-95.07456,38.96211],[-95.07644,38.95983],[-95.0811,38.95698],[-95.08375,38.95466],[-95.08523,38.95383],[-95.08549,38.95394],[-95.08816,38.95384],[-95.0906,38.95507],[-95.09363,38.9556],[-95.09606,38.95634],[-95.10086,38.95622],[-95.10454,38.95907],[-95.10603,38.96186],[-95.10753,38.96667],[-95.1086,38.9681],[-95.10961,38.96888],[-95.11091,38.96934],[-95.11517,38.97004],[-95.11704,38.96994],[-95.11823,38.96966],[-95.12036,38.97016],[-95.12074,38.96997],[-95.12188,38.96992],[-95.12505,38.96793],[-95.12689,38.9677],[-95.13054,38.96843],[-95.13745,38.96905],[-95.13969,38.96939],[-95.14388,38.97161],[-95.14643,38.97236],[-95.14884,38.97434],[-95.14901,38.97396],[-95.14884,38.97332],[-95.1489,38.95689],[-95.15822,38.95688],[-95.15818,38.94988],[-95.14884,38.94976],[-95.14887,38.93909],[-95.1495,38.93665],[-95.1488,38.93063],[-95.1491,38.86965],[-95.16786,38.86975]]]}},{"type":"Feature","properties":{"ZIP":"66027"},"geometry":{"type":"Polygon","coordinates":[[[-94.94926,39.34176],[-94.94881,39.34083],[-94.94774,39.34031],[-94.94761,39.33953],[-94.94724,39.33865],[-94.94652,39.33781],[-94.94682,39.3373],[-94.94761,39.33733],[-94.94728,39.33569],[-94.94524,39.33491],[-94.94312,39.33504],[-94.9418,39.33533],[-94.9368,39.33752],[-94.92721,39.33808],[-94.9254,39.33773],[-94.92281,39.33662],[-94.92278,39.33604],[-94.92162,39.33561],[-94.92127,39.33168],[-94.92126,39.32966],[-94.92077,39.32837],[-94.91557,39.32865],[-94.90851,39.32975],[-94.90866,39.33356],[-94.90912,39.33852],[-94.90964,39.34064],[-94.90997,39.34347],[-94.91036,39.34473],[-94.91036,39.34604],[-94.91064,39.34833],[-94.91032,39.35129],[-94.91002,39.35254],[-94.9093,39.3542],[-94.90829,39.35564],[-94.90571,39.35798],[-94.9025,39.36038],[-94.90066,39.36136],[-94.8909,39.36393],[-94.88915,39.36456],[-94.88492,39.36651],[-94.88332,39.36792],[-94.88136,39.37038],[-94.88032,39.37244],[-94.87949,39.375],[-94.87909,39.3757],[-94.87905,39.37749],[-94.87928,39.37978],[-94.88098,39.3839],[-94.882,39.38565],[-94.88503,39.3898],[-94.8868,39.39132],[-94.88897,39.39243],[-94.89185,39.39331],[-94.89498,39.39356],[-94.89788,39.39362],[-94.90013,39.39333],[-94.90183,39.3928],[-94.9061,39.39097],[-94.91586,39.38635],[-94.91923,39.38517],[-94.923,39.38488],[-94.93058,39.38506],[-94.93365,39.38554],[-94.93716,39.38653],[-94.9382,39.38711],[-94.93836,39.37558],[-94.9456,39.37543],[-94.94581,39.35034],[-94.94367,39.35033],[-94.9478,39.34491],[-94.94748,39.34505],[-94.94645,39.34498],[-94.94641,39.34399],[-94.94682,39.34361],[-94.94812,39.34335],[-94.9491,39.34219],[-94.94926,39.34176]]]}},{"type":"Feature","properties":{"ZIP":"66030"},"geometry":{"type":"Polygon","coordinates":[[[-95.03768,38.84858],[-95.03767,38.84061],[-95.0014,38.84036],[-95.00139,38.79678],[-94.99217,38.79676],[-94.99225,38.81117],[-94.97357,38.81116],[-94.97373,38.7974],[-94.97353,38.7839],[-94.97241,38.7845],[-94.97167,38.7852],[-94.97068,38.78581],[-94.96954,38.78633],[-94.96825,38.78718],[-94.96774,38.78768],[-94.96733,38.78845],[-94.96642,38.78892],[-94.96407,38.78921],[-94.94581,38.79838],[-94.94579,38.7821],[-94.95503,38.78208],[-94.95512,38.77115],[-94.94593,38.77111],[-94.94591,38.77127],[-94.94591,38.7693],[-94.94946,38.76736],[-94.94905,38.7673],[-94.94353,38.77049],[-94.94351,38.76748],[-94.93991,38.76747],[-94.9399,38.76386],[-94.93641,38.76385],[-94.93637,38.75299],[-94.94578,38.75302],[-94.94583,38.74203],[-94.95484,38.74198],[-94.95505,38.74175],[-94.95504,38.73971],[-94.95681,38.73851],[-94.94564,38.73832],[-94.88999,38.73836],[-94.89007,38.75288],[-94.89909,38.75285],[-94.89904,38.76021],[-94.88051,38.7602],[-94.88071,38.77359],[-94.88056,38.77519],[-94.88063,38.78186],[-94.86184,38.78186],[-94.86193,38.80366],[-94.85334,38.8037],[-94.85331,38.81097],[-94.87142,38.81099],[-94.87137,38.81704],[-94.87826,38.81394],[-94.87828,38.81435],[-94.88091,38.81335],[-94.88088,38.81963],[-94.88371,38.81749],[-94.88736,38.81569],[-94.89042,38.81477],[-94.89618,38.81376],[-94.89747,38.81459],[-94.89822,38.81484],[-94.89929,38.81503],[-94.90066,38.81491],[-94.90178,38.81681],[-94.90204,38.8175],[-94.90202,38.81812],[-94.90898,38.81823],[-94.90897,38.84002],[-94.91819,38.84011],[-94.91819,38.84728],[-94.91114,38.84737],[-94.91129,38.8521],[-94.91332,38.85217],[-94.91346,38.85459],[-94.90898,38.85456],[-94.9089,38.86911],[-94.9274,38.86922],[-94.92733,38.87685],[-95.00203,38.87694],[-95.00207,38.87601],[-95.00306,38.87563],[-95.00323,38.87538],[-95.00319,38.875],[-95.00249,38.87464],[-95.00219,38.87397],[-95.00237,38.87339],[-95.00235,38.87269],[-95.00205,38.87178],[-95.00217,38.87162],[-95.00308,38.8717],[-95.00464,38.87113],[-95.00498,38.87073],[-95.00479,38.87044],[-95.00375,38.87018],[-95.00353,38.86946],[-95.01894,38.8695],[-95.01897,38.85495],[-95.03765,38.85519],[-95.03768,38.84858]]]}},{"type":"Feature","properties":{"ZIP":"66031"},"geometry":{"type":"Polygon","coordinates":[[[-94.90901,38.8255],[-94.90898,38.81823],[-94.90202,38.81812],[-94.90204,38.8175],[-94.90178,38.81681],[-94.90066,38.81491],[-94.89929,38.81503],[-94.89822,38.81484],[-94.89747,38.81459],[-94.89618,38.81376],[-94.89042,38.81477],[-94.88736,38.81569],[-94.88423,38.81718],[-94.88192,38.81874],[-94.8752,38.82459],[-94.8717,38.82794],[-94.87129,38.8288],[-94.87123,38.84006],[-94.88648,38.84004],[-94.88697,38.84028],[-94.88726,38.84072],[-94.88725,38.8455],[-94.88739,38.84603],[-94.8878,38.84651],[-94.88839,38.84685],[-94.88905,38.847],[-94.89405,38.84701],[-94.89487,38.84684],[-94.8956,38.84636],[-94.89599,38.84574],[-94.89611,38.84003],[-94.90897,38.84002],[-94.90901,38.8255]]]}},{"type":"Feature","properties":{"ZIP":"66040"},"geometry":{"type":"Polygon","coordinates":[[[-94.91794,38.30343],[-94.91779,38.29552],[-94.91796,38.29223],[-94.91794,38.28748],[-94.89948,38.28747],[-94.89958,38.30198],[-94.88109,38.30195],[-94.881,38.27292],[-94.84733,38.27264],[-94.81439,38.27275],[-94.79828,38.27248],[-94.7983,38.26531],[-94.79563,38.26518],[-94.79518,38.26476],[-94.79429,38.26319],[-94.79334,38.2628],[-94.79286,38.26291],[-94.79203,38.26349],[-94.79139,38.26369],[-94.78824,38.26341],[-94.78771,38.26348],[-94.78333,38.26524],[-94.77372,38.2652],[-94.77476,38.26765],[-94.77563,38.26822],[-94.77569,38.26843],[-94.7757,38.269],[-94.77594,38.26949],[-94.77589,38.27002],[-94.77517,38.27042],[-94.77532,38.27069],[-94.7753,38.27133],[-94.77563,38.27213],[-94.77555,38.27248],[-94.76396,38.27248],[-94.76303,38.272],[-94.76047,38.27245],[-94.7509,38.27247],[-94.72105,38.27179],[-94.7179,38.27233],[-94.71592,38.27248],[-94.71498,38.27147],[-94.71355,38.27215],[-94.7123,38.27244],[-94.6784,38.27246],[-94.6783,38.28701],[-94.70205,38.28699],[-94.70219,38.28744],[-94.70296,38.2878],[-94.70356,38.28855],[-94.70355,38.28892],[-94.70299,38.28987],[-94.70283,38.29002],[-94.70215,38.29009],[-94.70169,38.28981],[-94.70153,38.2893],[-94.70154,38.28842],[-94.70111,38.28752],[-94.70007,38.28736],[-94.6984,38.28787],[-94.69776,38.28889],[-94.69753,38.28973],[-94.6971,38.29016],[-94.69686,38.29106],[-94.69707,38.29139],[-94.69801,38.29176],[-94.69834,38.29226],[-94.69843,38.29287],[-94.69815,38.29312],[-94.69829,38.29342],[-94.6982,38.29361],[-94.69714,38.2936],[-94.69677,38.29296],[-94.69575,38.29258],[-94.69354,38.29241],[-94.69297,38.29275],[-94.69297,38.29354],[-94.69319,38.29361],[-94.69322,38.29384],[-94.69261,38.29477],[-94.69155,38.29461],[-94.69095,38.29434],[-94.69041,38.29441],[-94.68887,38.29407],[-94.68839,38.29419],[-94.68836,38.29441],[-94.68938,38.29523],[-94.68939,38.29561],[-94.68965,38.29589],[-94.68962,38.29622],[-94.68945,38.29673],[-94.68762,38.29927],[-94.68707,38.29933],[-94.68638,38.29918],[-94.68623,38.29891],[-94.68772,38.29686],[-94.68754,38.29635],[-94.68726,38.29621],[-94.68629,38.29619],[-94.68545,38.29667],[-94.68434,38.29828],[-94.6843,38.29907],[-94.68387,38.2996],[-94.68357,38.29971],[-94.6832,38.29943],[-94.68324,38.299],[-94.6836,38.29832],[-94.68344,38.29782],[-94.68223,38.29705],[-94.68205,38.29643],[-94.68187,38.29631],[-94.68075,38.29627],[-94.68045,38.29611],[-94.67979,38.29631],[-94.67937,38.29677],[-94.67877,38.29792],[-94.67879,38.29892],[-94.67801,38.29946],[-94.67757,38.29957],[-94.67758,38.30156],[-94.67205,38.30155],[-94.65581,38.30242],[-94.64133,38.30281],[-94.6384,38.30271],[-94.63654,38.30172],[-94.63564,38.30143],[-94.62495,38.30182],[-94.61937,38.30146],[-94.61524,38.30134],[-94.61268,38.30146],[-94.61267,38.31483],[-94.61327,38.36694],[-94.61314,38.36708],[-94.6131,38.3703],[-94.61324,38.3755],[-94.61346,38.42544],[-94.61327,38.44667],[-94.6146,38.4465],[-94.61479,38.44621],[-94.6151,38.44617],[-94.61507,38.44597],[-94.61534,38.44599],[-94.61553,38.44564],[-94.61623,38.44562],[-94.6169,38.44474],[-94.61777,38.44435],[-94.61841,38.4431],[-94.61891,38.44275],[-94.62012,38.44215],[-94.62049,38.44218],[-94.62058,38.44192],[-94.62092,38.44167],[-94.62155,38.44176],[-94.62206,38.44138],[-94.62217,38.44106],[-94.62308,38.44056],[-94.62394,38.44077],[-94.62389,38.4412],[-94.62885,38.45624],[-94.63121,38.45651],[-94.63176,38.45635],[-94.63227,38.45559],[-94.63218,38.45463],[-94.6316,38.4534],[-94.63067,38.45301],[-94.63062,38.4514],[-94.62922,38.44788],[-94.62914,38.44739],[-94.62952,38.44647],[-94.62926,38.4452],[-94.62941,38.44479],[-94.6314,38.44351],[-94.63209,38.4429],[-94.63233,38.4425],[-94.63244,38.44179],[-94.63284,38.44135],[-94.63258,38.44084],[-94.63311,38.44012],[-94.63276,38.43945],[-94.63289,38.43917],[-94.63424,38.43856],[-94.63521,38.4386],[-94.63579,38.43911],[-94.63625,38.43914],[-94.6365,38.43976],[-94.637,38.44026],[-94.63735,38.4403],[-94.63822,38.43995],[-94.63985,38.44044],[-94.64081,38.43973],[-94.64125,38.43791],[-94.64307,38.43696],[-94.64332,38.43637],[-94.64305,38.43596],[-94.64309,38.43575],[-94.64393,38.43554],[-94.6447,38.43503],[-94.6456,38.43484],[-94.6458,38.4345],[-94.64623,38.43425],[-94.64638,38.43388],[-94.64692,38.43351],[-94.64719,38.43255],[-94.64573,38.43188],[-94.64526,38.43141],[-94.64516,38.4311],[-94.6455,38.43049],[-94.64697,38.43041],[-94.64683,38.42939],[-94.64622,38.42832],[-94.64693,38.42747],[-94.64662,38.427],[-94.64666,38.42675],[-94.6472,38.42633],[-94.64914,38.42629],[-94.64956,38.42527],[-94.6493,38.4246],[-94.64943,38.42431],[-94.65045,38.42443],[-94.65087,38.42508],[-94.65111,38.42583],[-94.65176,38.426],[-94.65244,38.42585],[-94.65281,38.42552],[-94.65293,38.42507],[-94.6535,38.42482],[-94.6537,38.4244],[-94.65373,38.42335],[-94.65293,38.42239],[-94.65322,38.42178],[-94.65311,38.42137],[-94.65239,38.42102],[-94.65136,38.42082],[-94.65023,38.42124],[-94.64998,38.42106],[-94.65025,38.42065],[-94.65133,38.4198],[-94.65136,38.41919],[-94.65186,38.41915],[-94.65258,38.41983],[-94.65306,38.41973],[-94.65343,38.41893],[-94.65287,38.41762],[-94.6551,38.41763],[-94.65513,38.41057],[-94.65971,38.41044],[-94.6597,38.41162],[-94.66002,38.41396],[-94.66003,38.41867],[-94.65882,38.4324],[-94.65874,38.44691],[-94.67937,38.44713],[-94.68163,38.44658],[-94.68235,38.44656],[-94.68296,38.4463],[-94.68315,38.44595],[-94.68263,38.44496],[-94.68263,38.44448],[-94.68124,38.44401],[-94.6809,38.44316],[-94.68086,38.44182],[-94.68051,38.44151],[-94.67937,38.44109],[-94.6795,38.44055],[-94.67943,38.43993],[-94.67852,38.43755],[-94.67944,38.43578],[-94.67993,38.43523],[-94.68077,38.43461],[-94.68129,38.43447],[-94.68208,38.43458],[-94.68288,38.43431],[-94.68342,38.43383],[-94.68367,38.4333],[-94.68448,38.43266],[-94.69569,38.43281],[-94.69562,38.44729],[-94.7142,38.44744],[-94.7141,38.46211],[-94.73279,38.46204],[-94.73278,38.46926],[-94.76044,38.46935],[-94.76054,38.46207],[-94.76991,38.46212],[-94.76985,38.44804],[-94.7699,38.44782],[-94.77041,38.44748],[-94.77234,38.44745],[-94.77216,38.44717],[-94.7722,38.44359],[-94.77927,38.44361],[-94.77911,38.44023],[-94.79328,38.4403],[-94.79368,38.43742],[-94.79363,38.43642],[-94.7928,38.43506],[-94.79086,38.43324],[-94.79005,38.43214],[-94.78977,38.43147],[-94.78939,38.42947],[-94.78931,38.42801],[-94.78958,38.42668],[-94.79029,38.42526],[-94.79094,38.42449],[-94.79179,38.4238],[-94.79291,38.4233],[-94.7935,38.42321],[-94.79648,38.42348],[-94.79712,38.4233],[-94.79726,38.42306],[-94.79721,38.42234],[-94.79608,38.41991],[-94.79568,38.41829],[-94.79437,38.41558],[-94.79418,38.41489],[-94.79496,38.41208],[-94.79551,38.40797],[-94.79607,38.40684],[-94.79662,38.40618],[-94.79838,38.40501],[-94.80083,38.40447],[-94.80548,38.40398],[-94.80664,38.40357],[-94.80731,38.40306],[-94.80793,38.40229],[-94.80839,38.40139],[-94.80851,38.40081],[-94.80825,38.39974],[-94.80777,38.39911],[-94.80544,38.39844],[-94.80491,38.39813],[-94.80452,38.39768],[-94.80426,38.39715],[-94.80408,38.39616],[-94.80484,38.39381],[-94.80455,38.39329],[-94.80391,38.39289],[-94.80196,38.39254],[-94.79991,38.39271],[-94.79775,38.39264],[-94.79005,38.39152],[-94.78322,38.39166],[-94.78035,38.39109],[-94.77507,38.38908],[-94.77493,38.38899],[-94.77525,38.38899],[-94.77258,38.38742],[-94.77103,38.38612],[-94.7694,38.384],[-94.76901,38.38267],[-94.76907,38.38185],[-94.76926,38.38153],[-94.77127,38.37987],[-94.77524,38.37759],[-94.77586,38.37671],[-94.77614,38.37501],[-94.77664,38.37411],[-94.77796,38.37288],[-94.7835,38.37072],[-94.786,38.37007],[-94.78906,38.36978],[-94.78985,38.36928],[-94.78996,38.36829],[-94.78965,38.36771],[-94.78796,38.36623],[-94.78774,38.3658],[-94.78774,38.36508],[-94.78817,38.36488],[-94.78914,38.36467],[-94.79201,38.36452],[-94.7967,38.36603],[-94.80099,38.36664],[-94.80718,38.36649],[-94.80986,38.36655],[-94.81189,38.36679],[-94.81562,38.36779],[-94.81801,38.36884],[-94.81962,38.36936],[-94.82253,38.36949],[-94.82355,38.36933],[-94.82457,38.36887],[-94.82635,38.36735],[-94.82687,38.36647],[-94.82717,38.36558],[-94.82723,38.36476],[-94.82653,38.36214],[-94.82659,38.36107],[-94.82787,38.35895],[-94.82772,38.35719],[-94.82695,38.35612],[-94.82631,38.35558],[-94.82484,38.35488],[-94.82359,38.35487],[-94.82145,38.35578],[-94.81684,38.35556],[-94.81517,38.35579],[-94.81433,38.35617],[-94.81363,38.35674],[-94.81334,38.35734],[-94.81369,38.36141],[-94.8129,38.36166],[-94.81184,38.36143],[-94.81116,38.36096],[-94.81039,38.36003],[-94.8098,38.35888],[-94.80926,38.35845],[-94.80815,38.35847],[-94.80651,38.3596],[-94.80549,38.35976],[-94.80476,38.35947],[-94.80344,38.3581],[-94.80275,38.35763],[-94.80178,38.35766],[-94.80094,38.35797],[-94.8001,38.35864],[-94.7991,38.36059],[-94.7984,38.36102],[-94.79761,38.36101],[-94.79591,38.36035],[-94.79345,38.35854],[-94.79309,38.358],[-94.7926,38.35664],[-94.79201,38.3561],[-94.79146,38.35595],[-94.79067,38.35594],[-94.78933,38.35625],[-94.78671,38.35808],[-94.7856,38.35818],[-94.78491,38.35799],[-94.78349,38.3573],[-94.78267,38.35665],[-94.78221,38.35597],[-94.78224,38.35465],[-94.78376,38.35191],[-94.78377,38.35159],[-94.78327,38.3508],[-94.78277,38.35041],[-94.78194,38.35015],[-94.78088,38.35014],[-94.78027,38.35042],[-94.77957,38.35098],[-94.77919,38.35158],[-94.7787,38.35311],[-94.77791,38.35375],[-94.77694,38.35363],[-94.77538,38.35276],[-94.77443,38.35196],[-94.77357,38.35067],[-94.77374,38.34878],[-94.77216,38.34623],[-94.77066,38.34472],[-94.7675,38.34312],[-94.76719,38.34261],[-94.76725,38.34176],[-94.76753,38.34137],[-94.76893,38.34067],[-94.77095,38.33901],[-94.77141,38.33884],[-94.7722,38.33884],[-94.77275,38.33906],[-94.7742,38.34026],[-94.77619,38.34317],[-94.77674,38.3436],[-94.77738,38.34379],[-94.77835,38.34376],[-94.77984,38.34302],[-94.78031,38.34246],[-94.78046,38.34203],[-94.78047,38.34125],[-94.7802,38.34071],[-94.77893,38.33966],[-94.77838,38.33901],[-94.77835,38.33826],[-94.77868,38.3377],[-94.77985,38.33696],[-94.78091,38.33697],[-94.7816,38.33751],[-94.7825,38.33873],[-94.78296,38.33909],[-94.78337,38.33928],[-94.78411,38.33932],[-94.78551,38.33866],[-94.78612,38.3378],[-94.78611,38.33548],[-94.79787,38.3355],[-94.79792,38.3453],[-94.82449,38.34541],[-94.82444,38.3474],[-94.82466,38.34793],[-94.82558,38.34912],[-94.82558,38.35192],[-94.82583,38.35238],[-94.82665,38.3526],[-94.83693,38.35266],[-94.83794,38.35286],[-94.8387,38.35352],[-94.83944,38.35542],[-94.83932,38.357],[-94.83974,38.35963],[-94.84048,38.35989],[-94.84341,38.35991],[-94.84404,38.36018],[-94.84415,38.36131],[-94.84404,38.3744],[-94.85329,38.37443],[-94.85334,38.36788],[-94.85292,38.36247],[-94.85375,38.35377],[-94.85344,38.34548],[-94.86263,38.34543],[-94.86273,38.33587],[-94.89235,38.3359],[-94.91791,38.33634],[-94.91794,38.30343]]]}},{"type":"Feature","properties":{"ZIP":"66042"},"geometry":{"type":"Polygon","coordinates":[[[-95.1572,38.44294],[-95.15716,38.43363],[-95.13864,38.43352],[-95.13874,38.42776],[-95.13817,38.42683],[-95.13879,38.42623],[-95.13885,38.42597],[-95.13875,38.42517],[-95.13888,38.41175],[-95.12461,38.41177],[-95.12432,38.41297],[-95.12329,38.41406],[-95.12236,38.41676],[-95.12288,38.41796],[-95.12261,38.41933],[-95.12108,38.42209],[-95.11986,38.42302],[-95.12,38.42382],[-95.1207,38.42465],[-95.12114,38.42619],[-95.12117,38.42714],[-95.11958,38.42729],[-95.11937,38.42745],[-95.11858,38.42731],[-95.11812,38.42746],[-95.11714,38.42736],[-95.11674,38.42753],[-95.11579,38.4271],[-95.11614,38.426],[-95.116,38.42575],[-95.11643,38.42514],[-95.11612,38.42486],[-95.11521,38.42474],[-95.11511,38.42461],[-95.11429,38.42471],[-95.11335,38.42458],[-95.11289,38.42438],[-95.11251,38.42449],[-95.11236,38.42498],[-95.1116,38.42503],[-95.11146,38.4248],[-95.11156,38.42414],[-95.1114,38.42386],[-95.11164,38.42371],[-95.11163,38.42354],[-95.1114,38.42296],[-95.11066,38.42285],[-95.11084,38.42227],[-95.11053,38.42187],[-95.11046,38.42148],[-95.10925,38.42188],[-95.10919,38.42246],[-95.10951,38.42258],[-95.10952,38.42283],[-95.10985,38.42304],[-95.10971,38.4232],[-95.10866,38.42276],[-95.10821,38.42292],[-95.10827,38.42338],[-95.10859,38.42373],[-95.10905,38.42394],[-95.10997,38.42402],[-95.11005,38.42437],[-95.10988,38.42486],[-95.10857,38.42525],[-95.10826,38.42556],[-95.10816,38.42622],[-95.10793,38.42645],[-95.10756,38.42537],[-95.10742,38.42423],[-95.10684,38.42353],[-95.10553,38.4229],[-95.10427,38.42283],[-95.10402,38.42266],[-95.10395,38.42227],[-95.10481,38.4213],[-95.10518,38.42026],[-95.10492,38.41925],[-95.10383,38.41837],[-95.1039,38.41802],[-95.10366,38.41781],[-95.1035,38.41723],[-95.10349,38.41619],[-95.10422,38.41412],[-95.10353,38.41126],[-95.10352,38.40989],[-95.10447,38.40912],[-95.10451,38.40789],[-95.10468,38.40774],[-95.10582,38.40765],[-95.10676,38.40782],[-95.11022,38.40759],[-95.11077,38.40733],[-95.11322,38.40507],[-95.11342,38.40472],[-95.1119,38.40473],[-95.11601,38.39719],[-95.10439,38.39706],[-95.10297,38.39857],[-95.10273,38.3992],[-95.10278,38.41125],[-95.10257,38.41157],[-95.09175,38.41156],[-95.09039,38.41191],[-95.08853,38.41198],[-95.08648,38.41154],[-95.07531,38.41152],[-95.0766,38.40985],[-95.07698,38.4091],[-95.07709,38.40848],[-95.07693,38.40818],[-95.07648,38.40798],[-95.07491,38.40795],[-95.07188,38.40707],[-95.06996,38.40722],[-95.06643,38.40502],[-95.06596,38.40433],[-95.06583,38.38994],[-95.02204,38.38969],[-95.01046,38.38946],[-95.01044,38.41701],[-95.01059,38.43315],[-95.01978,38.42792],[-95.02001,38.44039],[-95.0287,38.44038],[-95.02865,38.44793],[-95.04707,38.44801],[-95.04692,38.45054],[-95.04705,38.45107],[-95.0485,38.45135],[-95.05838,38.45012],[-95.06535,38.44984],[-95.06559,38.47721],[-95.07487,38.47697],[-95.12119,38.47729],[-95.1212,38.46753],[-95.12126,38.4653],[-95.12141,38.46494],[-95.12122,38.46436],[-95.12119,38.46269],[-95.15699,38.46275],[-95.15706,38.44547],[-95.1572,38.44294]]]}},{"type":"Feature","properties":{"ZIP":"66043"},"geometry":{"type":"Polygon","coordinates":[[[-94.93281,39.25317],[-94.93281,39.25284],[-94.93259,39.25274],[-94.93275,39.25233],[-94.93198,39.25217],[-94.93147,39.25217],[-94.93119,39.25252],[-94.93059,39.25273],[-94.93014,39.25253],[-94.92954,39.25275],[-94.92816,39.25259],[-94.92793,39.25136],[-94.92493,39.24871],[-94.92331,39.24939],[-94.92308,39.24927],[-94.9226,39.24948],[-94.92221,39.24945],[-94.92209,39.24901],[-94.92166,39.24879],[-94.92167,39.24857],[-94.92203,39.24822],[-94.92202,39.248],[-94.92153,39.24733],[-94.92096,39.24733],[-94.92065,39.24817],[-94.92012,39.24814],[-94.91977,39.24795],[-94.91902,39.24796],[-94.91914,39.22361],[-94.91909,39.22341],[-94.91881,39.22341],[-94.91827,39.22298],[-94.91722,39.22265],[-94.91716,39.22244],[-94.91659,39.22209],[-94.91634,39.22171],[-94.91661,39.22135],[-94.91628,39.22114],[-94.91624,39.22032],[-94.91651,39.21997],[-94.91691,39.21992],[-94.91679,39.21968],[-94.91625,39.21954],[-94.91614,39.2198],[-94.91569,39.22005],[-94.91568,39.22118],[-94.91525,39.22118],[-94.91495,39.22073],[-94.91447,39.22086],[-94.91427,39.22106],[-94.91432,39.22148],[-94.9132,39.22247],[-94.91286,39.22245],[-94.9126,39.22179],[-94.91191,39.22175],[-94.91191,39.22199],[-94.91218,39.22226],[-94.91198,39.22248],[-94.91145,39.22259],[-94.9113,39.22213],[-94.91103,39.22215],[-94.90961,39.22348],[-94.90935,39.22343],[-94.90919,39.22288],[-94.90872,39.22274],[-94.90782,39.22289],[-94.90726,39.22332],[-94.90036,39.22333],[-94.90032,39.23064],[-94.88165,39.23063],[-94.88134,39.24999],[-94.88042,39.2505],[-94.87971,39.24968],[-94.87659,39.25136],[-94.87613,39.2507],[-94.87599,39.24894],[-94.87467,39.24737],[-94.86932,39.25023],[-94.87067,39.2521],[-94.87308,39.25472],[-94.87484,39.2575],[-94.88075,39.27069],[-94.88167,39.27417],[-94.8904,39.27421],[-94.89048,39.27054],[-94.89624,39.27059],[-94.89596,39.26693],[-94.89985,39.26697],[-94.89984,39.26869],[-94.90139,39.2687],[-94.90137,39.26696],[-94.93271,39.26672],[-94.93281,39.25317]]]}},{"type":"Feature","properties":{"ZIP":"66048"},"geometry":{"type":"Polygon","coordinates":[[[-95.13357,39.18102],[-95.13368,39.17953],[-95.13246,39.1795],[-95.13179,39.18013],[-95.12448,39.18487],[-95.12448,39.17958],[-95.1145,39.17961],[-95.11377,39.18103],[-95.11191,39.18176],[-95.11036,39.18167],[-95.10784,39.18221],[-95.10586,39.18236],[-95.10583,39.1817],[-95.10432,39.18131],[-95.10351,39.18167],[-95.10303,39.1808],[-95.10271,39.18063],[-95.10176,39.18093],[-95.10067,39.18089],[-95.09958,39.18044],[-95.09878,39.1798],[-95.09544,39.17994],[-95.09446,39.17969],[-95.09312,39.1797],[-95.0924,39.18029],[-95.09207,39.18027],[-95.09144,39.17991],[-95.09105,39.17989],[-95.09124,39.17903],[-95.09106,39.17867],[-95.08903,39.17861],[-95.08875,39.17812],[-95.08821,39.17816],[-95.08739,39.1786],[-95.08739,39.17587],[-95.07828,39.17587],[-95.07807,39.1757],[-95.07802,39.17306],[-95.07742,39.17239],[-95.07082,39.17235],[-95.06864,39.17415],[-95.06853,39.18388],[-95.06865,39.18882],[-95.0684,39.18803],[-95.06813,39.18772],[-95.06793,39.18771],[-95.06774,39.18802],[-95.06685,39.18841],[-95.06643,39.18843],[-95.06637,39.18731],[-95.06602,39.18691],[-95.06515,39.18701],[-95.06408,39.1874],[-95.06375,39.1869],[-95.06329,39.18713],[-95.0624,39.18683],[-95.06095,39.18678],[-95.0606,39.18658],[-95.05917,39.18683],[-95.05916,39.18764],[-95.06153,39.18765],[-95.06159,39.18856],[-95.06381,39.18856],[-95.06392,39.19087],[-95.06502,39.19087],[-95.06507,39.19404],[-95.06379,39.19411],[-95.06383,39.19939],[-95.06155,39.19942],[-95.06148,39.20047],[-95.05911,39.20047],[-95.05912,39.20133],[-95.04935,39.20123],[-95.04273,39.20133],[-95.04052,39.20078],[-95.03744,39.20126],[-95.03123,39.2013],[-95.03124,39.1868],[-95.01267,39.18665],[-95.01259,39.2012],[-95.00314,39.20123],[-95.0032,39.18671],[-94.9917,39.18674],[-94.99124,39.186],[-94.99018,39.18503],[-94.98972,39.18428],[-94.9895,39.18382],[-94.98951,39.1834],[-94.98985,39.18306],[-94.9897,39.1822],[-94.98955,39.18197],[-94.989,39.1819],[-94.98904,39.18115],[-94.99011,39.18119],[-94.99029,39.18103],[-94.99029,39.18067],[-94.98984,39.18004],[-94.98851,39.18005],[-94.98833,39.17924],[-94.98734,39.17904],[-94.98654,39.17912],[-94.98584,39.17955],[-94.98487,39.17931],[-94.98405,39.17975],[-94.98405,39.18055],[-94.98349,39.1817],[-94.9835,39.18213],[-94.98286,39.18276],[-94.98177,39.18457],[-94.98036,39.18516],[-94.98023,39.18567],[-94.97927,39.18612],[-94.9785,39.18738],[-94.97688,39.18907],[-94.97681,39.18958],[-94.97559,39.1893],[-94.97542,39.18979],[-94.9755,39.19047],[-94.97532,39.19074],[-94.97535,39.19376],[-94.95655,39.1938],[-94.95658,39.18667],[-94.92836,39.18678],[-94.92839,39.19038],[-94.92371,39.19035],[-94.92385,39.18799],[-94.92009,39.1879],[-94.92009,39.19096],[-94.9196,39.19267],[-94.91909,39.19332],[-94.91906,39.20137],[-94.90802,39.20128],[-94.90048,39.2015],[-94.90046,39.20199],[-94.9002,39.20198],[-94.90019,39.20291],[-94.8631,39.20226],[-94.86312,39.21663],[-94.85958,39.21666],[-94.85962,39.21952],[-94.85843,39.21956],[-94.85841,39.22325],[-94.85377,39.22326],[-94.85375,39.2159],[-94.84864,39.2158],[-94.84672,39.21626],[-94.84409,39.21634],[-94.84335,39.21627],[-94.8425,39.21577],[-94.84216,39.21579],[-94.84158,39.2161],[-94.84099,39.2168],[-94.83993,39.21701],[-94.8397,39.21743],[-94.83985,39.21784],[-94.8392,39.21829],[-94.83848,39.21855],[-94.83729,39.21863],[-94.83623,39.21902],[-94.8354,39.21912],[-94.83479,39.22103],[-94.83506,39.22251],[-94.83503,39.22325],[-94.83461,39.22442],[-94.8332,39.22667],[-94.83038,39.22984],[-94.82851,39.23267],[-94.82706,39.23549],[-94.82581,39.23947],[-94.82566,39.24173],[-94.82595,39.24389],[-94.82748,39.24989],[-94.82905,39.25297],[-94.83055,39.25513],[-94.832,39.25698],[-94.83459,39.25957],[-94.83786,39.26241],[-94.84289,39.26631],[-94.84632,39.26848],[-94.85314,39.272],[-94.85772,39.2741],[-94.86837,39.27821],[-94.87349,39.27966],[-94.8804,39.2822],[-94.88409,39.28451],[-94.8891,39.2888],[-94.8949,39.29438],[-94.89852,39.29845],[-94.90068,39.30187],[-94.90398,39.30858],[-94.90613,39.31472],[-94.90676,39.31736],[-94.90791,39.32345],[-94.90851,39.32975],[-94.91557,39.32865],[-94.92077,39.32837],[-94.92126,39.32966],[-94.92127,39.33168],[-94.92162,39.33561],[-94.92278,39.33604],[-94.92281,39.33662],[-94.9254,39.33773],[-94.92721,39.33808],[-94.9368,39.33752],[-94.9418,39.33533],[-94.94312,39.33504],[-94.94524,39.33491],[-94.94728,39.33569],[-94.94761,39.33733],[-94.94682,39.3373],[-94.94652,39.33781],[-94.94724,39.33865],[-94.94761,39.33953],[-94.94774,39.34031],[-94.94881,39.34083],[-94.94921,39.34144],[-94.94924,39.34191],[-94.94809,39.34337],[-94.94682,39.34361],[-94.94641,39.34399],[-94.94645,39.34498],[-94.94748,39.34505],[-94.9478,39.34491],[-94.94367,39.35033],[-94.94581,39.35034],[-94.9456,39.37543],[-94.93836,39.37558],[-94.9382,39.38711],[-94.94204,39.3895],[-94.94407,39.39159],[-94.94558,39.39385],[-94.94623,39.39565],[-94.94667,39.39972],[-94.94672,39.40092],[-94.94619,39.40356],[-94.9463,39.40564],[-94.94707,39.40732],[-94.94787,39.4086],[-94.94959,39.41029],[-94.95121,39.41171],[-94.95482,39.41384],[-94.95946,39.41541],[-94.96449,39.41672],[-94.96808,39.41833],[-94.96898,39.41888],[-95.01817,39.41889],[-95.0185,39.41787],[-95.01846,39.41751],[-95.01885,39.41679],[-95.01885,39.41654],[-95.01856,39.41641],[-95.01875,39.41601],[-95.01858,39.41582],[-95.01891,39.41563],[-95.01877,39.41543],[-95.0189,39.41527],[-95.01929,39.41525],[-95.01994,39.41472],[-95.02016,39.41471],[-95.02033,39.41492],[-95.0206,39.41487],[-95.0207,39.41424],[-95.02101,39.41418],[-95.0215,39.41321],[-95.02107,39.41276],[-95.02097,39.41217],[-95.02039,39.41169],[-95.02055,39.41106],[-95.01984,39.41056],[-95.01963,39.40964],[-95.01919,39.40919],[-95.01818,39.40871],[-95.01842,39.40758],[-95.01965,39.40687],[-95.02055,39.40667],[-95.02072,39.40639],[-95.02271,39.40516],[-95.02324,39.40461],[-95.0241,39.40433],[-95.02957,39.40434],[-95.02046,39.39175],[-95.02038,39.39052],[-95.01943,39.3898],[-95.02513,39.38993],[-95.02511,39.38615],[-95.02302,39.38619],[-95.02313,39.38256],[-95.02585,39.3824],[-95.02709,39.38136],[-95.0278,39.38101],[-95.02837,39.38137],[-95.02985,39.38138],[-95.02987,39.37986],[-95.03659,39.37982],[-95.03659,39.38075],[-95.03955,39.3806],[-95.04016,39.38051],[-95.04051,39.37992],[-95.04053,39.37866],[-95.04175,39.37875],[-95.04175,39.37899],[-95.0437,39.37903],[-95.04377,39.37544],[-95.04125,39.3754],[-95.04122,39.37277],[-95.04266,39.37279],[-95.04265,39.37172],[-95.03559,39.37074],[-95.03134,39.37049],[-95.02991,39.3702],[-95.03,39.36316],[-95.03794,39.36513],[-95.04266,39.36573],[-95.04476,39.36616],[-95.04737,39.36712],[-95.04993,39.36869],[-95.05073,39.36831],[-95.05203,39.36812],[-95.05618,39.36811],[-95.05695,39.36789],[-95.05748,39.36752],[-95.05798,39.36658],[-95.05798,39.3633],[-95.05659,39.36322],[-95.0564,39.36298],[-95.05663,39.36195],[-95.05714,39.36152],[-95.058,39.36137],[-95.05801,39.36092],[-95.0674,39.36094],[-95.06737,39.33186],[-95.05823,39.33186],[-95.05847,39.31709],[-95.04442,39.31711],[-95.04437,39.31007],[-95.04918,39.31021],[-95.04924,39.30281],[-95.05375,39.30287],[-95.05389,39.29571],[-95.0587,39.29568],[-95.05883,39.28959],[-95.0588,39.27652],[-95.05912,39.2646],[-95.05903,39.25915],[-95.06826,39.25918],[-95.07413,39.25963],[-95.07758,39.25925],[-95.07771,39.26662],[-95.08619,39.2667],[-95.08557,39.26596],[-95.08496,39.26551],[-95.08384,39.26514],[-95.08366,39.26489],[-95.08328,39.26338],[-95.08299,39.26101],[-95.08316,39.25993],[-95.08377,39.25846],[-95.08359,39.25781],[-95.08328,39.25737],[-95.08334,39.25722],[-95.08419,39.25711],[-95.08601,39.25808],[-95.08638,39.25809],[-95.08782,39.25771],[-95.08844,39.2572],[-95.08728,39.25538],[-95.08498,39.25409],[-95.08432,39.25336],[-95.08422,39.25279],[-95.08438,39.25163],[-95.08281,39.24795],[-95.08318,39.24732],[-95.08481,39.24732],[-95.08715,39.24608],[-95.08933,39.24515],[-95.09016,39.24453],[-95.09022,39.2439],[-95.08977,39.24358],[-95.08912,39.2436],[-95.08815,39.24397],[-95.0866,39.24426],[-95.08561,39.2448],[-95.08522,39.2448],[-95.08441,39.24343],[-95.08134,39.24203],[-95.08092,39.24139],[-95.08093,39.24092],[-95.08179,39.2393],[-95.08288,39.23846],[-95.08266,39.23752],[-95.08453,39.23718],[-95.087,39.23763],[-95.10557,39.23772],[-95.10573,39.23045],[-95.11508,39.2305],[-95.11508,39.20778],[-95.12178,39.208],[-95.12185,39.20336],[-95.12438,39.20337],[-95.12441,39.20133],[-95.12888,39.20137],[-95.12885,39.19418],[-95.13362,39.19423],[-95.13357,39.18102]],[[-94.93281,39.25284],[-94.93271,39.26672],[-94.90137,39.26696],[-94.90139,39.2687],[-94.89984,39.26869],[-94.89985,39.26697],[-94.89596,39.26693],[-94.89624,39.27059],[-94.89048,39.27054],[-94.8904,39.27421],[-94.88167,39.27417],[-94.88075,39.27069],[-94.87484,39.2575],[-94.87308,39.25472],[-94.87067,39.2521],[-94.86932,39.25023],[-94.87467,39.24737],[-94.87599,39.24894],[-94.87613,39.2507],[-94.87659,39.25136],[-94.87971,39.24968],[-94.88042,39.2505],[-94.88134,39.24999],[-94.88165,39.23063],[-94.90032,39.23064],[-94.90036,39.22333],[-94.90726,39.22332],[-94.90782,39.22289],[-94.90872,39.22274],[-94.90919,39.22288],[-94.90935,39.22343],[-94.90961,39.22348],[-94.91103,39.22215],[-94.9113,39.22213],[-94.91145,39.22259],[-94.91198,39.22248],[-94.91218,39.22226],[-94.91191,39.22199],[-94.91191,39.22175],[-94.9126,39.22179],[-94.91286,39.22245],[-94.9132,39.22247],[-94.91432,39.22148],[-94.91427,39.22106],[-94.91447,39.22086],[-94.91495,39.22073],[-94.91525,39.22118],[-94.91568,39.22118],[-94.91569,39.22005],[-94.91614,39.2198],[-94.91625,39.21954],[-94.91679,39.21968],[-94.91691,39.21992],[-94.91651,39.21997],[-94.91624,39.22032],[-94.91628,39.22114],[-94.91661,39.22135],[-94.91634,39.22171],[-94.91659,39.22209],[-94.91716,39.22244],[-94.91722,39.22265],[-94.91827,39.22298],[-94.91881,39.22341],[-94.91909,39.22341],[-94.91914,39.22361],[-94.91902,39.24796],[-94.91977,39.24795],[-94.92012,39.24814],[-94.92065,39.24817],[-94.92096,39.24733],[-94.92153,39.24733],[-94.92202,39.248],[-94.92203,39.24822],[-94.92167,39.24857],[-94.92166,39.24879],[-94.92209,39.24901],[-94.92221,39.24945],[-94.9226,39.24948],[-94.92308,39.24927],[-94.92331,39.24939],[-94.92493,39.24871],[-94.92793,39.25136],[-94.92816,39.25259],[-94.92954,39.25275],[-94.93014,39.25253],[-94.93059,39.25273],[-94.93119,39.25252],[-94.93167,39.25214],[-94.93275,39.25233],[-94.93259,39.25274],[-94.93281,39.25284]]]}},{"type":"Feature","properties":{"ZIP":"66052"},"geometry":{"type":"Polygon","coordinates":[[[-95.14079,39.00321],[-95.14027,39.0023],[-95.14073,39.00201],[-95.14077,39.00167],[-95.13469,39.00339],[-95.13094,39.00393],[-95.13063,38.97762],[-95.13047,38.9774],[-95.13037,38.96961],[-95.13054,38.96843],[-95.12689,38.9677],[-95.12505,38.96793],[-95.12188,38.96992],[-95.12074,38.96997],[-95.12036,38.97016],[-95.11823,38.96966],[-95.11704,38.96994],[-95.11517,38.97004],[-95.11091,38.96934],[-95.10961,38.96888],[-95.1086,38.9681],[-95.10753,38.96667],[-95.10603,38.96186],[-95.10454,38.95907],[-95.10086,38.95622],[-95.09606,38.95634],[-95.09363,38.9556],[-95.0906,38.95507],[-95.08816,38.95384],[-95.08549,38.95394],[-95.08523,38.95383],[-95.08375,38.95466],[-95.0811,38.95698],[-95.07644,38.95983],[-95.07456,38.96211],[-95.07445,38.96437],[-95.07666,38.96695],[-95.07975,38.96952],[-95.08214,38.97125],[-95.08478,38.97239],[-95.0868,38.97433],[-95.08688,38.97662],[-95.08639,38.9778],[-95.0864,38.97854],[-95.08627,38.9785],[-95.08669,38.98022],[-95.08477,38.98236],[-95.07999,38.98421],[-95.06872,38.98712],[-95.06663,38.98705],[-95.06509,38.98677],[-95.06071,38.98562],[-95.05626,38.98212],[-95.05177,38.97915],[-95.04986,38.97803],[-95.04391,38.97512],[-95.04067,38.97415],[-95.03837,38.9742],[-95.03509,38.97489],[-95.03327,38.9755],[-95.03144,38.97646],[-95.02818,38.97857],[-95.02625,38.98086],[-95.02529,38.98231],[-95.02451,38.98411],[-95.02417,38.98723],[-95.02364,38.98824],[-95.02383,38.98896],[-95.02459,38.98984],[-95.02604,38.99234],[-95.02607,38.99309],[-95.02543,38.99457],[-95.02464,38.99584],[-95.02304,38.99775],[-95.02182,38.99962],[-95.02113,39.0],[-95.01751,39.00031],[-95.01406,39.00086],[-95.01143,39.0008],[-95.00853,39.00019],[-95.00362,38.99893],[-94.9958,38.99571],[-94.99356,38.99504],[-94.98766,38.99408],[-94.98036,38.99241],[-94.97888,38.99124],[-94.9776,38.99087],[-94.97751,38.99058],[-94.97472,38.98787],[-94.9716,38.98519],[-94.96488,38.98214],[-94.96233,38.98191],[-94.95655,38.98197],[-94.95355,38.9828],[-94.9506,38.98388],[-94.94922,38.98391],[-94.94828,38.98421],[-94.94635,38.98545],[-94.94439,38.98639],[-94.94227,38.98821],[-94.94055,38.98998],[-94.93893,38.99466],[-94.93517,38.99747],[-94.93277,38.99994],[-94.93157,39.00146],[-94.92994,39.00196],[-94.92747,39.00204],[-94.92761,39.00285],[-94.92761,39.01124],[-94.93443,39.01118],[-94.9344,39.01447],[-94.96459,39.01453],[-94.96456,39.02183],[-94.97388,39.02183],[-94.97385,39.0291],[-94.98319,39.02913],[-94.98307,39.05389],[-94.99344,39.04367],[-94.99932,39.0437],[-95.00061,39.0443],[-95.00169,39.04373],[-95.0142,39.04375],[-95.01427,39.04447],[-95.01534,39.0456],[-95.01588,39.0471],[-95.01748,39.04979],[-95.01759,39.05038],[-95.01722,39.05102],[-95.01446,39.0521],[-95.01433,39.05229],[-95.01421,39.054],[-95.01403,39.05422],[-95.01353,39.05441],[-95.01224,39.05448],[-95.01239,39.05717],[-95.01271,39.05779],[-95.01272,39.05825],[-95.03776,39.05838],[-95.03774,39.05101],[-95.05628,39.05104],[-95.05629,39.04379],[-95.07492,39.04384],[-95.07497,39.05129],[-95.09099,39.04497],[-95.09498,39.04312],[-95.12869,39.02376],[-95.13114,39.02271],[-95.13113,39.02168],[-95.13232,39.02062],[-95.13218,39.02044],[-95.13226,39.02026],[-95.13341,39.01923],[-95.13342,39.01827],[-95.133,39.01783],[-95.13304,39.01754],[-95.13327,39.01738],[-95.13315,39.01701],[-95.13328,39.01503],[-95.13375,39.01282],[-95.13434,39.01262],[-95.13433,39.0115],[-95.13491,39.01021],[-95.13519,39.00863],[-95.13632,39.00821],[-95.13616,39.008],[-95.13627,39.00777],[-95.13667,39.00764],[-95.13724,39.00715],[-95.1383,39.00683],[-95.13889,39.00631],[-95.13924,39.00554],[-95.14011,39.00494],[-95.14046,39.00443],[-95.14055,39.00354],[-95.14079,39.00321]]]}},{"type":"Feature","properties":{"ZIP":"66053"},"geometry":{"type":"Polygon","coordinates":[[[-94.76911,38.61959],[-94.76906,38.6066],[-94.76363,38.60662],[-94.75249,38.60599],[-94.75144,38.6049],[-94.75098,38.60466],[-94.75029,38.60475],[-94.74856,38.60538],[-94.74791,38.60529],[-94.74762,38.60509],[-94.74729,38.60474],[-94.74741,38.60444],[-94.74812,38.60416],[-94.7489,38.60435],[-94.74918,38.60409],[-94.74845,38.60267],[-94.74839,38.60113],[-94.74855,38.60067],[-94.74801,38.60033],[-94.74771,38.5997],[-94.75078,38.59969],[-94.7508,38.59293],[-94.74132,38.59297],[-94.7413,38.5855],[-94.73203,38.58539],[-94.73206,38.57806],[-94.71333,38.57806],[-94.71359,38.54894],[-94.70427,38.54886],[-94.70438,38.53295],[-94.70466,38.5204],[-94.7045,38.50568],[-94.69567,38.50531],[-94.69528,38.50517],[-94.69533,38.48551],[-94.69555,38.46182],[-94.7141,38.46211],[-94.7142,38.44744],[-94.69562,38.44729],[-94.69569,38.43281],[-94.69367,38.43274],[-94.68448,38.43266],[-94.68367,38.4333],[-94.68342,38.43383],[-94.68288,38.43431],[-94.68208,38.43458],[-94.68129,38.43447],[-94.68077,38.43461],[-94.67953,38.43566],[-94.67852,38.43755],[-94.67943,38.43993],[-94.6795,38.44055],[-94.67933,38.441],[-94.67952,38.4412],[-94.68051,38.44151],[-94.68086,38.44182],[-94.6809,38.44316],[-94.68124,38.44401],[-94.68263,38.44448],[-94.68263,38.44496],[-94.68315,38.44595],[-94.68296,38.4463],[-94.68235,38.44656],[-94.68163,38.44658],[-94.67937,38.44713],[-94.65874,38.44691],[-94.65882,38.4324],[-94.66003,38.41867],[-94.66002,38.41396],[-94.6597,38.41162],[-94.65971,38.41044],[-94.65513,38.41057],[-94.6551,38.41763],[-94.65287,38.41762],[-94.65343,38.41893],[-94.65306,38.41973],[-94.65258,38.41983],[-94.65186,38.41915],[-94.65136,38.41919],[-94.65133,38.4198],[-94.65025,38.42065],[-94.64998,38.42106],[-94.65023,38.42124],[-94.65136,38.42082],[-94.65239,38.42102],[-94.65318,38.42144],[-94.65322,38.42178],[-94.65293,38.42239],[-94.65317,38.42281],[-94.65361,38.42313],[-94.65378,38.42361],[-94.6535,38.42482],[-94.65296,38.42503],[-94.65281,38.42552],[-94.65244,38.42585],[-94.6515,38.42598],[-94.65104,38.42573],[-94.65057,38.42452],[-94.65021,38.42431],[-94.64943,38.42431],[-94.6493,38.4246],[-94.64956,38.42527],[-94.64914,38.42629],[-94.6472,38.42633],[-94.64682,38.42656],[-94.6466,38.42687],[-94.64693,38.42747],[-94.64622,38.42832],[-94.64683,38.42939],[-94.64697,38.43041],[-94.6455,38.43049],[-94.64516,38.4311],[-94.64526,38.43141],[-94.64573,38.43188],[-94.64711,38.43245],[-94.64719,38.43271],[-94.647,38.43337],[-94.6456,38.43484],[-94.6447,38.43503],[-94.64393,38.43554],[-94.64309,38.43575],[-94.64305,38.43596],[-94.64332,38.43637],[-94.64323,38.43673],[-94.64296,38.43705],[-94.64125,38.43791],[-94.6407,38.43985],[-94.63985,38.44044],[-94.63822,38.43995],[-94.63722,38.4403],[-94.63682,38.44017],[-94.63625,38.43914],[-94.63579,38.43911],[-94.63537,38.43866],[-94.6345,38.43852],[-94.63379,38.43871],[-94.63281,38.43927],[-94.63282,38.43963],[-94.63311,38.44012],[-94.63258,38.44084],[-94.63284,38.44135],[-94.63244,38.44179],[-94.63233,38.4425],[-94.63209,38.4429],[-94.6314,38.44351],[-94.62964,38.44458],[-94.6293,38.44498],[-94.62952,38.44647],[-94.62916,38.4476],[-94.63062,38.4514],[-94.63067,38.45301],[-94.6316,38.4534],[-94.63229,38.45505],[-94.63227,38.45559],[-94.63176,38.45635],[-94.63121,38.45651],[-94.62885,38.45624],[-94.62389,38.4412],[-94.62394,38.44077],[-94.62308,38.44056],[-94.62217,38.44106],[-94.62206,38.44138],[-94.62155,38.44176],[-94.62092,38.44167],[-94.62058,38.44192],[-94.62049,38.44218],[-94.62012,38.44215],[-94.61891,38.44275],[-94.61841,38.4431],[-94.61777,38.44435],[-94.6169,38.44474],[-94.61623,38.44562],[-94.61553,38.44564],[-94.61534,38.44599],[-94.61507,38.44597],[-94.6151,38.44617],[-94.61479,38.44621],[-94.6146,38.4465],[-94.61327,38.44667],[-94.61335,38.4587],[-94.61303,38.4771],[-94.61288,38.47759],[-94.6127,38.48301],[-94.61288,38.48317],[-94.61287,38.48436],[-94.61243,38.50001],[-94.61227,38.54659],[-94.61211,38.54767],[-94.6121,38.54976],[-94.61217,38.56553],[-94.6118,38.57785],[-94.6119,38.6076],[-94.61175,38.6094],[-94.61147,38.625],[-94.61159,38.63474],[-94.61136,38.6348],[-94.6113,38.63505],[-94.61093,38.6493],[-94.60991,38.70402],[-94.61107,38.70359],[-94.61131,38.70328],[-94.61103,38.70297],[-94.61114,38.70279],[-94.61203,38.70261],[-94.61264,38.70229],[-94.61308,38.70185],[-94.61362,38.70091],[-94.61411,38.70053],[-94.61442,38.70053],[-94.61499,38.70096],[-94.61518,38.70079],[-94.61514,38.70046],[-94.61573,38.70053],[-94.61585,38.70027],[-94.61542,38.69995],[-94.61583,38.69961],[-94.61645,38.69969],[-94.61646,38.69909],[-94.61663,38.69905],[-94.61687,38.69843],[-94.61714,38.69817],[-94.61682,38.69749],[-94.61753,38.69763],[-94.6178,38.69739],[-94.61742,38.69693],[-94.61738,38.6966],[-94.61776,38.69576],[-94.61818,38.69542],[-94.61848,38.69562],[-94.61864,38.69513],[-94.61944,38.69447],[-94.66801,38.69453],[-94.6677,38.69516],[-94.6676,38.69601],[-94.66757,38.70792],[-94.67621,38.70784],[-94.6762,38.69844],[-94.67649,38.69631],[-94.67733,38.69429],[-94.68163,38.68751],[-94.68195,38.68676],[-94.68256,38.68492],[-94.68371,38.67903],[-94.68646,38.67903],[-94.68647,38.67163],[-94.7223,38.67219],[-94.72232,38.6905],[-94.72367,38.68949],[-94.72676,38.6896],[-94.72719,38.68917],[-94.72808,38.68865],[-94.72873,38.68847],[-94.72895,38.68786],[-94.73077,38.68702],[-94.73555,38.68687],[-94.73637,38.68716],[-94.7385,38.6873],[-94.74087,38.68712],[-94.74088,38.68696],[-94.74893,38.68702],[-94.75509,38.68279],[-94.75998,38.67979],[-94.75479,38.67974],[-94.75482,38.66501],[-94.73157,38.66498],[-94.73172,38.65168],[-94.73225,38.65174],[-94.73294,38.65238],[-94.73402,38.65245],[-94.73425,38.65264],[-94.73401,38.65381],[-94.7345,38.65418],[-94.7359,38.65385],[-94.73668,38.65318],[-94.73734,38.65323],[-94.73771,38.65393],[-94.7385,38.65407],[-94.73878,38.65432],[-94.73907,38.65492],[-94.7396,38.65531],[-94.73974,38.65583],[-94.73994,38.65594],[-94.74031,38.6559],[-94.74056,38.65562],[-94.7408,38.65464],[-94.7411,38.65413],[-94.74088,38.65339],[-94.74142,38.65235],[-94.74106,38.65191],[-94.74006,38.65147],[-94.73931,38.65143],[-94.73908,38.65124],[-94.73902,38.65085],[-94.73923,38.65027],[-94.73968,38.64984],[-94.7406,38.65004],[-94.74121,38.64988],[-94.74176,38.65006],[-94.74234,38.64953],[-94.74321,38.64915],[-94.74391,38.65007],[-94.7443,38.65033],[-94.74473,38.65033],[-94.74508,38.65017],[-94.74546,38.6497],[-94.74537,38.64905],[-94.74571,38.64886],[-94.74661,38.64915],[-94.74682,38.6499],[-94.74796,38.65001],[-94.74801,38.65031],[-94.74754,38.65156],[-94.74762,38.65181],[-94.74797,38.65198],[-94.74881,38.65183],[-94.75058,38.65079],[-94.75159,38.651],[-94.75218,38.65167],[-94.7525,38.65178],[-94.75443,38.65166],[-94.7551,38.65142],[-94.75555,38.65093],[-94.75576,38.65017],[-94.75463,38.64847],[-94.75422,38.64757],[-94.75413,38.64696],[-94.75431,38.64635],[-94.75466,38.64596],[-94.75601,38.64523],[-94.75608,38.6444],[-94.75328,38.64042],[-94.75315,38.63929],[-94.75326,38.63887],[-94.75423,38.63807],[-94.75532,38.63793],[-94.75538,38.63727],[-94.75598,38.63689],[-94.75778,38.63721],[-94.75834,38.63769],[-94.75889,38.63758],[-94.75908,38.63738],[-94.7587,38.63648],[-94.75835,38.63447],[-94.75871,38.63408],[-94.76005,38.63346],[-94.76009,38.62105],[-94.76909,38.6211],[-94.76911,38.61959]]]}},{"type":"Feature","properties":{"ZIP":"66061"},"geometry":{"type":"Polygon","coordinates":[[[-95.00207,38.87721],[-95.00203,38.87694],[-94.92733,38.87685],[-94.9274,38.86922],[-94.9089,38.86911],[-94.90898,38.85456],[-94.91346,38.85459],[-94.91332,38.85217],[-94.91129,38.8521],[-94.91114,38.84737],[-94.91819,38.84728],[-94.91819,38.84011],[-94.89611,38.84003],[-94.89599,38.84574],[-94.8956,38.84636],[-94.89512,38.84673],[-94.89421,38.847],[-94.88919,38.84701],[-94.88798,38.84665],[-94.88733,38.84587],[-94.88726,38.84072],[-94.88674,38.84013],[-94.8863,38.84001],[-94.87123,38.84006],[-94.87129,38.8288],[-94.8716,38.82809],[-94.87218,38.8274],[-94.88088,38.81963],[-94.88091,38.81335],[-94.87828,38.81435],[-94.87826,38.81394],[-94.87137,38.81704],[-94.87138,38.81677],[-94.86778,38.81871],[-94.86298,38.82207],[-94.85856,38.82541],[-94.85876,38.82558],[-94.853,38.82987],[-94.83791,38.83943],[-94.83697,38.83999],[-94.83647,38.83998],[-94.83437,38.8412],[-94.83441,38.84146],[-94.82991,38.84422],[-94.81644,38.85482],[-94.81584,38.85483],[-94.81584,38.85528],[-94.80431,38.86442],[-94.79642,38.87127],[-94.79527,38.87256],[-94.79457,38.87382],[-94.79146,38.88368],[-94.79119,38.88368],[-94.7883,38.89302],[-94.78696,38.89573],[-94.78508,38.89832],[-94.78539,38.89835],[-94.783,38.90165],[-94.77927,38.90586],[-94.77711,38.90793],[-94.77133,38.91279],[-94.76797,38.91596],[-94.76981,38.9148],[-94.77056,38.91529],[-94.77026,38.91553],[-94.77025,38.91643],[-94.77955,38.91647],[-94.77955,38.91686],[-94.78101,38.91685],[-94.781,38.91646],[-94.78888,38.9164],[-94.78878,38.92731],[-94.79347,38.92727],[-94.79342,38.93454],[-94.7841,38.93462],[-94.7841,38.93482],[-94.78409,38.93826],[-94.78876,38.93822],[-94.78878,38.94149],[-94.79812,38.94139],[-94.8137,38.94184],[-94.83226,38.94112],[-94.83457,38.94112],[-94.8346,38.94165],[-94.85265,38.94167],[-94.85263,38.94113],[-94.86166,38.94116],[-94.86414,38.9413],[-94.86853,38.94216],[-94.88188,38.9467],[-94.88462,38.94735],[-94.88892,38.94772],[-94.89659,38.9473],[-94.8998,38.94777],[-94.90162,38.94839],[-94.90293,38.94904],[-94.90874,38.95274],[-94.90874,38.94993],[-94.91118,38.94995],[-94.91119,38.95261],[-94.91569,38.95265],[-94.91571,38.95527],[-94.91703,38.95523],[-94.91802,38.95494],[-94.918,38.95267],[-94.9224,38.9527],[-94.9227,38.95222],[-94.92295,38.9521],[-94.92307,38.95147],[-94.92345,38.95127],[-94.92399,38.95141],[-94.92471,38.9521],[-94.92504,38.95218],[-94.92562,38.95151],[-94.92627,38.95156],[-94.92612,38.9509],[-94.92622,38.95039],[-94.92752,38.94962],[-94.92785,38.94922],[-94.92818,38.94909],[-94.92833,38.94877],[-94.92913,38.94864],[-94.92952,38.94881],[-94.9297,38.94908],[-94.9314,38.94902],[-94.9316,38.94879],[-94.93143,38.94827],[-94.93156,38.94798],[-94.93288,38.94672],[-94.93267,38.94605],[-94.9337,38.94501],[-94.93499,38.94334],[-94.93629,38.94253],[-94.93719,38.94301],[-94.93919,38.94214],[-94.93955,38.94109],[-94.93936,38.94034],[-94.93881,38.93995],[-94.93901,38.93986],[-94.9394,38.94003],[-94.93988,38.93987],[-94.94009,38.93958],[-94.93972,38.93876],[-94.93983,38.93814],[-94.93969,38.93777],[-94.94,38.93685],[-94.93968,38.93658],[-94.93881,38.9365],[-94.93848,38.93618],[-94.93821,38.93557],[-94.93849,38.93445],[-94.93829,38.93364],[-94.9371,38.93303],[-94.93683,38.9324],[-94.93683,38.93191],[-94.93534,38.93082],[-94.9343,38.93135],[-94.93374,38.93126],[-94.93319,38.93074],[-94.93261,38.93058],[-94.93119,38.9293],[-94.93132,38.92868],[-94.93169,38.92807],[-94.93128,38.92706],[-94.93014,38.9265],[-94.93021,38.92592],[-94.93059,38.92557],[-94.93058,38.92502],[-94.93027,38.92474],[-94.92964,38.9245],[-94.92969,38.92355],[-94.92925,38.92253],[-94.9286,38.92229],[-94.92801,38.92161],[-94.92729,38.92139],[-94.92729,38.92005],[-94.94585,38.9202],[-94.94585,38.92742],[-94.95514,38.92744],[-94.95523,38.93466],[-94.97351,38.9347],[-94.97374,38.93487],[-94.97375,38.93693],[-94.97435,38.93742],[-94.97578,38.93817],[-94.97773,38.93865],[-94.97911,38.93851],[-94.97915,38.93826],[-94.97955,38.93798],[-94.98091,38.93779],[-94.98091,38.93739],[-94.98051,38.93685],[-94.97936,38.93664],[-94.97845,38.93614],[-94.97813,38.93557],[-94.97894,38.93482],[-94.97928,38.9349],[-94.97978,38.93528],[-94.97978,38.93544],[-94.98045,38.93544],[-94.98095,38.93525],[-94.98102,38.93514],[-94.98081,38.93493],[-94.98016,38.9347],[-94.98,38.93441],[-94.98031,38.93413],[-94.9813,38.93393],[-94.98187,38.93321],[-94.98129,38.93221],[-94.98133,38.93191],[-94.98202,38.93203],[-94.98235,38.93246],[-94.98289,38.93244],[-94.98331,38.93172],[-94.98299,38.93112],[-94.98298,38.93071],[-94.98386,38.93025],[-94.98413,38.92919],[-94.98506,38.92869],[-94.98525,38.92843],[-94.98532,38.92788],[-94.98501,38.92745],[-94.98505,38.92722],[-94.98438,38.92585],[-94.98463,38.92556],[-94.98551,38.92518],[-94.98559,38.92432],[-94.98501,38.92324],[-94.9855,38.92236],[-94.98543,38.9222],[-94.98438,38.92189],[-94.98389,38.92149],[-94.98443,38.92025],[-94.9843,38.91993],[-94.9845,38.91947],[-94.98424,38.91826],[-94.98412,38.91648],[-94.98381,38.91553],[-94.98395,38.91482],[-94.98521,38.91432],[-94.98526,38.91343],[-94.98487,38.91289],[-94.98477,38.91243],[-94.98508,38.91127],[-94.98646,38.90942],[-94.987,38.90894],[-94.98747,38.90887],[-94.98769,38.90919],[-94.98796,38.90928],[-94.98893,38.90917],[-94.98901,38.90888],[-94.98888,38.90872],[-94.98823,38.90854],[-94.98799,38.908],[-94.9875,38.90746],[-94.98771,38.90724],[-94.98792,38.90725],[-94.98852,38.90758],[-94.98918,38.90767],[-94.98896,38.90722],[-94.98911,38.90692],[-94.99015,38.9067],[-94.99054,38.90638],[-94.99054,38.90621],[-94.98991,38.90571],[-94.99039,38.90518],[-94.99035,38.905],[-94.99011,38.90478],[-94.98955,38.90465],[-94.98937,38.90433],[-94.98964,38.90393],[-94.99172,38.9029],[-94.99244,38.90184],[-94.99238,38.90136],[-94.99166,38.90087],[-94.9915,38.90057],[-94.99318,38.89941],[-94.99403,38.89925],[-94.99537,38.89935],[-94.99565,38.89919],[-94.99581,38.89881],[-94.99533,38.89723],[-94.99498,38.89675],[-94.99504,38.89649],[-94.99566,38.89626],[-94.99718,38.8965],[-94.99762,38.89641],[-94.99735,38.89598],[-94.99768,38.89492],[-94.99744,38.89411],[-94.99846,38.89338],[-94.99861,38.89275],[-94.99833,38.89229],[-94.99753,38.89203],[-94.99607,38.89247],[-94.99561,38.89233],[-94.99554,38.89164],[-94.99684,38.89144],[-94.99702,38.8911],[-94.99672,38.89084],[-94.99578,38.89091],[-94.99542,38.89079],[-94.99524,38.89058],[-94.99542,38.89024],[-94.99532,38.89013],[-94.99459,38.88996],[-94.99412,38.88877],[-94.99439,38.88813],[-94.99369,38.88723],[-94.99371,38.88706],[-94.99448,38.88599],[-94.99533,38.88546],[-94.99521,38.88452],[-94.99549,38.88403],[-94.99673,38.88359],[-94.99732,38.88303],[-94.99766,38.88229],[-94.99912,38.88181],[-94.99938,38.88067],[-94.99985,38.88044],[-95.00075,38.88032],[-95.00094,38.87901],[-95.00132,38.8781],[-95.00207,38.87721]]]}},{"type":"Feature","properties":{"ZIP":"66062"},"geometry":{"type":"Polygon","coordinates":[[[-94.87141,38.81115],[-94.87142,38.81099],[-94.85331,38.81097],[-94.85334,38.8037],[-94.86193,38.80366],[-94.86184,38.78186],[-94.83901,38.78184],[-94.83907,38.78916],[-94.83436,38.78915],[-94.8344,38.79287],[-94.82514,38.79291],[-94.82514,38.79662],[-94.81586,38.79665],[-94.81558,38.79665],[-94.81557,38.79298],[-94.80653,38.7929],[-94.80653,38.78923],[-94.8019,38.78921],[-94.80189,38.78195],[-94.79726,38.78194],[-94.79724,38.78615],[-94.79292,38.78624],[-94.79288,38.78919],[-94.78858,38.78919],[-94.7885,38.78549],[-94.77929,38.78553],[-94.77925,38.78193],[-94.74207,38.78182],[-94.74224,38.79641],[-94.72359,38.79639],[-94.72367,38.80368],[-94.71547,38.80366],[-94.7156,38.8043],[-94.71681,38.80569],[-94.717,38.80613],[-94.71706,38.81096],[-94.73337,38.81098],[-94.73393,38.81083],[-94.73482,38.81014],[-94.736,38.81062],[-94.73771,38.81089],[-94.74237,38.81099],[-94.74252,38.82554],[-94.74243,38.84022],[-94.73635,38.84017],[-94.73633,38.84747],[-94.73308,38.84746],[-94.73304,38.85477],[-94.7144,38.85469],[-94.7144,38.85831],[-94.71907,38.85832],[-94.71908,38.86177],[-94.71907,38.86194],[-94.71438,38.86194],[-94.7144,38.86553],[-94.71906,38.86553],[-94.71906,38.86912],[-94.7423,38.86909],[-94.74248,38.9151],[-94.74227,38.92052],[-94.7441,38.92062],[-94.74488,38.92107],[-94.74477,38.92156],[-94.74638,38.9217],[-94.74765,38.92114],[-94.74851,38.92101],[-94.74935,38.92118],[-94.74916,38.92159],[-94.75158,38.92195],[-94.7516,38.92014],[-94.76414,38.92006],[-94.7687,38.91522],[-94.77133,38.91279],[-94.77711,38.90793],[-94.77927,38.90586],[-94.783,38.90165],[-94.78539,38.89835],[-94.78508,38.89832],[-94.78696,38.89573],[-94.7883,38.89302],[-94.79119,38.88368],[-94.79146,38.88368],[-94.79457,38.87382],[-94.79527,38.87256],[-94.79632,38.87137],[-94.80431,38.86442],[-94.81584,38.85528],[-94.81584,38.85483],[-94.81644,38.85482],[-94.82934,38.84462],[-94.83441,38.84146],[-94.83437,38.8412],[-94.83647,38.83998],[-94.83697,38.83999],[-94.83791,38.83943],[-94.853,38.82987],[-94.85876,38.82558],[-94.85856,38.82541],[-94.86555,38.82016],[-94.86874,38.81815],[-94.87138,38.81677],[-94.87141,38.81115]]]}},{"type":"Feature","properties":{"ZIP":"66064"},"geometry":{"type":"Polygon","coordinates":[[[-95.08542,38.51853],[-95.08539,38.51817],[-95.08515,38.5179],[-95.08414,38.51781],[-95.08386,38.51761],[-95.08412,38.49886],[-95.07486,38.49875],[-95.07487,38.47697],[-95.06559,38.47721],[-95.06535,38.44984],[-95.05838,38.45012],[-95.0485,38.45135],[-95.04705,38.45107],[-95.04692,38.45054],[-95.04707,38.44801],[-95.02865,38.44793],[-95.0287,38.44038],[-95.02001,38.44039],[-95.01978,38.42792],[-95.01059,38.43315],[-95.01044,38.41701],[-95.01046,38.38946],[-94.97349,38.38931],[-94.97347,38.39776],[-94.97329,38.39986],[-94.97262,38.39919],[-94.97222,38.3991],[-94.97113,38.39807],[-94.97067,38.39788],[-94.97055,38.39745],[-94.97078,38.39691],[-94.97068,38.39654],[-94.9694,38.39615],[-94.96845,38.39652],[-94.96829,38.39627],[-94.96857,38.39536],[-94.9679,38.39519],[-94.96687,38.39549],[-94.96651,38.39532],[-94.96601,38.39477],[-94.9662,38.39434],[-94.96614,38.39415],[-94.96572,38.39409],[-94.96545,38.39434],[-94.96516,38.39423],[-94.96519,38.3939],[-94.96599,38.39294],[-94.96582,38.39273],[-94.96514,38.39279],[-94.96498,38.39262],[-94.9645,38.39296],[-94.9627,38.39516],[-94.9585,38.40132],[-94.9577,38.40374],[-94.95322,38.40359],[-94.93661,38.4037],[-94.93679,38.41544],[-94.93674,38.43272],[-94.9183,38.43267],[-94.91835,38.44723],[-94.89984,38.44696],[-94.89987,38.46002],[-94.90006,38.46879],[-94.90906,38.46891],[-94.90901,38.47488],[-94.90808,38.47498],[-94.90631,38.47579],[-94.90339,38.47626],[-94.90283,38.47649],[-94.90002,38.47815],[-94.89988,38.47837],[-94.8949,38.48061],[-94.88869,38.48369],[-94.88804,38.48419],[-94.88681,38.48596],[-94.88611,38.48642],[-94.88537,38.48638],[-94.88399,38.48551],[-94.88331,38.48493],[-94.88187,38.48314],[-94.88153,38.48309],[-94.88155,38.48271],[-94.87999,38.48065],[-94.87872,38.47962],[-94.87754,38.47931],[-94.87532,38.47926],[-94.87334,38.47943],[-94.87245,38.47972],[-94.87246,38.47984],[-94.8712,38.4803],[-94.86933,38.48128],[-94.8664,38.48326],[-94.86671,38.48326],[-94.86648,38.48341],[-94.86767,38.48554],[-94.86782,38.4865],[-94.86751,38.49088],[-94.87273,38.49084],[-94.88207,38.49039],[-94.90037,38.49056],[-94.90073,38.50391],[-94.90059,38.51968],[-94.90812,38.51972],[-94.90613,38.52872],[-94.94064,38.52832],[-94.94186,38.52893],[-94.94823,38.52285],[-94.94896,38.52185],[-94.94967,38.52011],[-94.95285,38.52011],[-94.954,38.51935],[-94.95515,38.51937],[-94.95515,38.52018],[-94.97368,38.52032],[-94.97377,38.54432],[-94.98799,38.54959],[-94.99238,38.54968],[-94.99232,38.535],[-95.01078,38.53511],[-95.0108,38.53678],[-95.01032,38.53683],[-95.00983,38.5374],[-95.0088,38.53776],[-95.00869,38.54165],[-95.00741,38.54406],[-95.00784,38.54545],[-95.00781,38.5463],[-95.00728,38.54671],[-95.00641,38.54787],[-95.00656,38.54968],[-95.02808,38.5496],[-95.02807,38.54233],[-95.04659,38.54249],[-95.04662,38.55714],[-95.06507,38.55712],[-95.06525,38.55115],[-95.06534,38.5232],[-95.06548,38.5166],[-95.06566,38.51639],[-95.06852,38.5189],[-95.07185,38.52252],[-95.07422,38.52539],[-95.08379,38.53445],[-95.08383,38.52193],[-95.08402,38.5213],[-95.08504,38.51989],[-95.08542,38.51853]]]}},{"type":"Feature","properties":{"ZIP":"66071"},"geometry":{"type":"Polygon","coordinates":[[[-95.06531,38.61599],[-95.06511,38.59799],[-95.06528,38.5887],[-95.06506,38.57898],[-95.06507,38.55712],[-95.04662,38.55714],[-95.04659,38.54249],[-95.02807,38.54233],[-95.02808,38.5496],[-95.00656,38.54968],[-95.00641,38.54787],[-95.00728,38.54671],[-95.00781,38.5463],[-95.00784,38.54545],[-95.00741,38.54406],[-95.00869,38.54165],[-95.0088,38.53776],[-95.00983,38.5374],[-95.01032,38.53683],[-95.0108,38.53678],[-95.01078,38.53511],[-94.99232,38.535],[-94.99238,38.54968],[-94.98799,38.54959],[-94.97377,38.54432],[-94.97368,38.52032],[-94.95515,38.52018],[-94.95515,38.51937],[-94.954,38.51935],[-94.95285,38.52011],[-94.94967,38.52011],[-94.94896,38.52185],[-94.94823,38.52285],[-94.94186,38.52893],[-94.94064,38.52832],[-94.90613,38.52872],[-94.90812,38.51972],[-94.90059,38.51968],[-94.90073,38.50391],[-94.90037,38.49056],[-94.88207,38.49039],[-94.87273,38.49084],[-94.86751,38.49088],[-94.86782,38.4865],[-94.86767,38.48554],[-94.86648,38.48341],[-94.86671,38.48326],[-94.8664,38.48326],[-94.86933,38.48128],[-94.8712,38.4803],[-94.87246,38.47984],[-94.87245,38.47972],[-94.87334,38.47943],[-94.87625,38.4792],[-94.87754,38.47931],[-94.87872,38.47962],[-94.87999,38.48065],[-94.88155,38.48271],[-94.88153,38.48309],[-94.88187,38.48314],[-94.88331,38.48493],[-94.88537,38.48638],[-94.88611,38.48642],[-94.88681,38.48596],[-94.88804,38.48419],[-94.88869,38.48369],[-94.8949,38.48061],[-94.89988,38.47837],[-94.90002,38.47815],[-94.90283,38.47649],[-94.90339,38.47626],[-94.90631,38.47579],[-94.90808,38.47498],[-94.90901,38.47488],[-94.90906,38.46891],[-94.90006,38.46879],[-94.89982,38.44973],[-94.89999,38.43241],[-94.8736,38.43223],[-94.83509,38.43246],[-94.83521,38.44302],[-94.83507,38.44327],[-94.83352,38.44338],[-94.80132,38.44349],[-94.80083,38.44377],[-94.79859,38.44599],[-94.79819,38.44656],[-94.79788,38.4472],[-94.7978,38.44935],[-94.79696,38.44858],[-94.79605,38.44743],[-94.79511,38.4456],[-94.79344,38.4403],[-94.77911,38.44023],[-94.77927,38.44361],[-94.7722,38.44359],[-94.77216,38.44717],[-94.77234,38.44745],[-94.7706,38.44745],[-94.7699,38.44782],[-94.76991,38.46212],[-94.76054,38.46207],[-94.76044,38.46935],[-94.73278,38.46926],[-94.73279,38.46204],[-94.71334,38.46211],[-94.69555,38.46182],[-94.69524,38.50509],[-94.69567,38.50531],[-94.7045,38.50568],[-94.70466,38.5204],[-94.70438,38.53295],[-94.70427,38.54886],[-94.71359,38.54894],[-94.71333,38.57806],[-94.73206,38.57806],[-94.73203,38.58539],[-94.7413,38.5855],[-94.74132,38.59297],[-94.7508,38.59293],[-94.75078,38.59969],[-94.74771,38.5997],[-94.74801,38.60033],[-94.74855,38.60067],[-94.74839,38.60113],[-94.74845,38.60267],[-94.74918,38.60409],[-94.7489,38.60435],[-94.74812,38.60416],[-94.74741,38.60444],[-94.74729,38.60474],[-94.74762,38.60509],[-94.74791,38.60529],[-94.74856,38.60538],[-94.75029,38.60475],[-94.75098,38.60466],[-94.75144,38.6049],[-94.75249,38.60599],[-94.76363,38.60662],[-94.76906,38.6066],[-94.76909,38.6211],[-94.76009,38.62105],[-94.76005,38.63346],[-94.75871,38.63408],[-94.75835,38.63447],[-94.7587,38.63648],[-94.75908,38.63738],[-94.75889,38.63758],[-94.75834,38.63769],[-94.75778,38.63721],[-94.75598,38.63689],[-94.75538,38.63727],[-94.75532,38.63793],[-94.75423,38.63807],[-94.75326,38.63887],[-94.75312,38.63972],[-94.75328,38.64042],[-94.75608,38.6444],[-94.75601,38.64523],[-94.75466,38.64596],[-94.75431,38.64635],[-94.75413,38.64696],[-94.75422,38.64757],[-94.75463,38.64847],[-94.75576,38.65017],[-94.75537,38.65119],[-94.75443,38.65166],[-94.7525,38.65178],[-94.75218,38.65167],[-94.75159,38.651],[-94.75058,38.65079],[-94.74881,38.65183],[-94.74797,38.65198],[-94.74762,38.65181],[-94.74754,38.65156],[-94.74801,38.65031],[-94.74796,38.65001],[-94.74682,38.6499],[-94.74661,38.64915],[-94.74571,38.64886],[-94.74537,38.64905],[-94.74546,38.6497],[-94.74508,38.65017],[-94.74473,38.65033],[-94.7443,38.65033],[-94.74391,38.65007],[-94.74321,38.64915],[-94.74234,38.64953],[-94.74176,38.65006],[-94.74121,38.64988],[-94.7406,38.65004],[-94.73968,38.64984],[-94.73923,38.65027],[-94.73902,38.65085],[-94.73908,38.65124],[-94.73931,38.65143],[-94.74006,38.65147],[-94.74106,38.65191],[-94.74142,38.65235],[-94.74088,38.65339],[-94.74108,38.65423],[-94.7408,38.65464],[-94.74056,38.65562],[-94.74017,38.65594],[-94.73974,38.65583],[-94.7396,38.65531],[-94.73916,38.65504],[-94.7385,38.65407],[-94.73771,38.65393],[-94.73734,38.65323],[-94.73668,38.65318],[-94.7359,38.65385],[-94.7345,38.65418],[-94.73401,38.65381],[-94.73425,38.65264],[-94.73402,38.65245],[-94.73294,38.65238],[-94.73225,38.65174],[-94.73172,38.65168],[-94.73157,38.66498],[-94.75482,38.66501],[-94.75479,38.67974],[-94.76061,38.67979],[-94.7596,38.6814],[-94.75941,38.69302],[-94.75946,38.69414],[-94.75963,38.69461],[-94.76867,38.69461],[-94.76882,38.68699],[-94.78292,38.68693],[-94.7878,38.68707],[-94.78743,38.67971],[-94.80854,38.67914],[-94.80836,38.69438],[-94.80885,38.69467],[-94.80993,38.69455],[-94.81283,38.69371],[-94.81411,38.6929],[-94.81502,38.69263],[-94.8155,38.69278],[-94.81638,38.69348],[-94.81754,38.69394],[-94.81931,38.69411],[-94.82077,38.69385],[-94.82154,38.69338],[-94.82232,38.6924],[-94.823,38.69204],[-94.82362,38.69205],[-94.82451,38.69241],[-94.8249,38.69218],[-94.82639,38.69189],[-94.8268,38.69132],[-94.82684,38.69069],[-94.82777,38.68959],[-94.82906,38.68917],[-94.82994,38.68932],[-94.83114,38.68888],[-94.83118,38.6886],[-94.83082,38.68819],[-94.83073,38.68782],[-94.83144,38.68731],[-94.83225,38.68736],[-94.8331,38.6871],[-94.83367,38.68668],[-94.83587,38.68664],[-94.83599,38.68914],[-94.83629,38.68892],[-94.83646,38.69478],[-94.86653,38.69473],[-94.86661,38.69694],[-94.87125,38.69696],[-94.87151,38.69718],[-94.87149,38.69838],[-94.8809,38.6982],[-94.88092,38.70192],[-94.88711,38.70188],[-94.88934,38.70336],[-94.89098,38.70226],[-94.89105,38.70208],[-94.89083,38.70202],[-94.89115,38.70193],[-94.89126,38.70172],[-94.89186,38.69915],[-94.89253,38.69868],[-94.89312,38.69853],[-94.89384,38.69875],[-94.89404,38.69917],[-94.89403,38.69973],[-94.89434,38.69988],[-94.89472,38.7005],[-94.89526,38.70073],[-94.89466,38.70164],[-94.89504,38.70182],[-94.89579,38.70181],[-94.89566,38.70126],[-94.8961,38.70085],[-94.89625,38.70004],[-94.8957,38.69951],[-94.89589,38.69902],[-94.89516,38.6983],[-94.89517,38.69789],[-94.89559,38.69736],[-94.89584,38.69739],[-94.89624,38.69717],[-94.89629,38.69739],[-94.89659,38.69739],[-94.8972,38.69718],[-94.89686,38.69696],[-94.89633,38.69707],[-94.89627,38.69682],[-94.89582,38.69665],[-94.89595,38.69607],[-94.89643,38.69568],[-94.89595,38.69563],[-94.8959,38.69404],[-94.89645,38.69322],[-94.89795,38.69227],[-94.89849,38.69233],[-94.89852,38.69197],[-94.89886,38.69175],[-94.902,38.694],[-94.90348,38.6945],[-94.91,38.69467],[-94.9236,38.69471],[-94.92504,38.69488],[-94.92607,38.69537],[-94.92676,38.69487],[-94.92732,38.69474],[-94.93534,38.69478],[-94.93552,38.69414],[-94.93632,38.69357],[-94.93691,38.69353],[-94.93726,38.6933],[-94.93735,38.69207],[-94.93784,38.6916],[-94.93832,38.69059],[-94.9382,38.69026],[-94.93834,38.68942],[-94.93826,38.68899],[-94.93494,38.68775],[-94.93404,38.68784],[-94.93346,38.68769],[-94.93295,38.68815],[-94.93243,38.68831],[-94.9322,38.68828],[-94.93197,38.68795],[-94.93147,38.68805],[-94.93103,38.68794],[-94.93093,38.68827],[-94.93024,38.68854],[-94.92975,38.68848],[-94.92895,38.688],[-94.92814,38.68809],[-94.92704,38.68754],[-94.92603,38.6866],[-94.92472,38.68502],[-94.92495,38.68459],[-94.92479,38.68396],[-94.92452,38.68379],[-94.92475,38.6831],[-94.92448,38.68257],[-94.92496,38.68166],[-94.92404,38.68076],[-94.92381,38.68004],[-94.92353,38.68021],[-94.92329,38.68065],[-94.92301,38.68239],[-94.92257,38.68275],[-94.92272,38.68297],[-94.92231,38.68325],[-94.92244,38.68307],[-94.92239,38.68244],[-94.92206,38.68225],[-94.9217,38.68152],[-94.92213,38.68095],[-94.92193,38.68081],[-94.92185,38.68038],[-94.92101,38.68024],[-94.9208,38.67956],[-94.92096,38.67934],[-94.9223,38.67905],[-94.923,38.67859],[-94.92327,38.67821],[-94.92288,38.67791],[-94.92089,38.67823],[-94.92087,38.678],[-94.92137,38.67735],[-94.92134,38.67716],[-94.92099,38.67688],[-94.92039,38.67701],[-94.91951,38.67632],[-94.91906,38.67612],[-94.91894,38.67625],[-94.9189,38.65863],[-94.9194,38.6588],[-94.91961,38.65938],[-94.92056,38.65931],[-94.92091,38.65943],[-94.92078,38.65986],[-94.91992,38.66049],[-94.91979,38.66081],[-94.92061,38.6612],[-94.9204,38.66165],[-94.92051,38.66215],[-94.92137,38.66241],[-94.9221,38.66199],[-94.92192,38.66129],[-94.9226,38.6606],[-94.92311,38.66085],[-94.92327,38.66182],[-94.92376,38.66191],[-94.92361,38.66057],[-94.92382,38.6601],[-94.92451,38.66057],[-94.92471,38.66114],[-94.92497,38.66133],[-94.92577,38.66078],[-94.92628,38.66071],[-94.92622,38.66039],[-94.92663,38.66054],[-94.92686,38.66041],[-94.92707,38.65906],[-94.92759,38.66005],[-94.9278,38.66016],[-94.92849,38.65921],[-94.92904,38.65908],[-94.92906,38.65855],[-94.92956,38.65845],[-94.92989,38.65788],[-94.93163,38.65762],[-94.93057,38.65864],[-94.92997,38.65955],[-94.92979,38.66005],[-94.9301,38.66026],[-94.93255,38.66055],[-94.93319,38.66091],[-94.93383,38.66103],[-94.93442,38.66094],[-94.93505,38.66146],[-94.93644,38.66123],[-94.93727,38.6615],[-94.93782,38.66078],[-94.9385,38.66046],[-94.93927,38.66042],[-94.94005,38.65989],[-94.94019,38.65942],[-94.9402,38.65988],[-94.94045,38.65968],[-94.93994,38.66073],[-94.9393,38.66117],[-94.93967,38.66141],[-94.9415,38.66166],[-94.9423,38.66124],[-94.94309,38.66119],[-94.94327,38.66131],[-94.94267,38.6616],[-94.94268,38.66183],[-94.94436,38.6619],[-94.94497,38.66231],[-94.94497,38.66252],[-94.94685,38.66256],[-94.94679,38.67834],[-94.94695,38.67916],[-94.94756,38.67975],[-94.94851,38.68],[-94.9847,38.68023],[-94.98608,38.68306],[-94.9862,38.69484],[-94.99324,38.69484],[-94.9935,38.67974],[-94.9935,38.66572],[-94.9942,38.66577],[-94.99474,38.66614],[-95.0003,38.66614],[-95.0013,38.66595],[-95.00247,38.66638],[-95.00289,38.66601],[-95.00342,38.66581],[-95.01207,38.6659],[-95.01196,38.65132],[-95.02023,38.65145],[-95.01994,38.62992],[-95.02829,38.62986],[-95.02827,38.62261],[-95.0651,38.62285],[-95.06531,38.61599]]]}},{"type":"Feature","properties":{"ZIP":"66083"},"geometry":{"type":"Polygon","coordinates":[[[-94.97114,38.73623],[-94.97106,38.73526],[-94.9707,38.73473],[-94.97026,38.73448],[-94.96922,38.73415],[-94.96639,38.73392],[-94.96466,38.73292],[-94.96365,38.73271],[-94.96323,38.73272],[-94.9626,38.73383],[-94.96221,38.73422],[-94.96088,38.73496],[-94.96068,38.73498],[-94.96053,38.73462],[-94.96103,38.73309],[-94.96165,38.73183],[-94.96184,38.73057],[-94.96033,38.72942],[-94.96115,38.72846],[-94.96057,38.72713],[-94.96033,38.72568],[-94.96137,38.72552],[-94.96163,38.72519],[-94.96158,38.72425],[-94.96254,38.72317],[-94.9626,38.72244],[-94.96282,38.72216],[-94.96249,38.72163],[-94.96254,38.72132],[-94.96294,38.72111],[-94.96449,38.72136],[-94.96518,38.72082],[-94.96568,38.7208],[-94.96775,38.72145],[-94.96775,38.72212],[-94.96804,38.7223],[-94.96864,38.72189],[-94.9687,38.72142],[-94.96846,38.72094],[-94.96732,38.72027],[-94.96723,38.71987],[-94.96761,38.71958],[-94.9681,38.71948],[-94.96862,38.71957],[-94.96914,38.7199],[-94.96937,38.71976],[-94.96938,38.71859],[-94.96925,38.7184],[-94.96913,38.71857],[-94.969,38.7185],[-94.96892,38.71762],[-94.96937,38.71698],[-94.97008,38.71663],[-94.97028,38.71636],[-94.97027,38.71536],[-94.97049,38.7144],[-94.97022,38.714],[-94.96975,38.71398],[-94.96959,38.71425],[-94.96907,38.71369],[-94.96712,38.71336],[-94.96899,38.71356],[-94.96875,38.71322],[-94.96773,38.71322],[-94.96769,38.71301],[-94.96782,38.7129],[-94.96804,38.71309],[-94.96864,38.71304],[-94.96856,38.71084],[-94.96831,38.71072],[-94.96808,38.711],[-94.96702,38.71101],[-94.96662,38.71058],[-94.96678,38.71028],[-94.96662,38.71013],[-94.96673,38.70994],[-94.96712,38.70983],[-94.96711,38.70964],[-94.96736,38.70964],[-94.96746,38.71016],[-94.96767,38.71008],[-94.96789,38.70959],[-94.96778,38.70926],[-94.96722,38.70877],[-94.9665,38.70853],[-94.96595,38.7086],[-94.96583,38.70878],[-94.96521,38.70901],[-94.96523,38.70887],[-94.96499,38.70906],[-94.96481,38.70893],[-94.9643,38.70899],[-94.96396,38.70859],[-94.96349,38.70912],[-94.96282,38.70904],[-94.96231,38.70873],[-94.96125,38.70735],[-94.95899,38.70564],[-94.95852,38.70508],[-94.95849,38.70457],[-94.95869,38.70408],[-94.95851,38.70352],[-94.9581,38.70374],[-94.95731,38.70385],[-94.95705,38.70406],[-94.95735,38.7037],[-94.95798,38.70351],[-94.95807,38.70322],[-94.95761,38.70288],[-94.95689,38.70193],[-94.95565,38.70185],[-94.95432,38.70135],[-94.95376,38.70143],[-94.95306,38.70192],[-94.95272,38.70198],[-94.95215,38.70176],[-94.95182,38.70136],[-94.95176,38.7004],[-94.95117,38.69965],[-94.95006,38.69912],[-94.95022,38.6983],[-94.94918,38.69683],[-94.94884,38.69615],[-94.94875,38.69555],[-94.94819,38.69555],[-94.94837,38.69531],[-94.94781,38.69491],[-94.94745,38.69427],[-94.94712,38.69413],[-94.94663,38.69289],[-94.94534,38.69465],[-94.94501,38.6956],[-94.94427,38.69599],[-94.94434,38.69629],[-94.94397,38.69691],[-94.94406,38.69734],[-94.94367,38.6971],[-94.94348,38.69721],[-94.94349,38.69746],[-94.94292,38.69818],[-94.94304,38.69886],[-94.94281,38.69925],[-94.94278,38.6987],[-94.94242,38.69791],[-94.94248,38.69724],[-94.94215,38.69741],[-94.94109,38.6974],[-94.94077,38.69722],[-94.94179,38.69678],[-94.94162,38.69605],[-94.94227,38.69577],[-94.94188,38.69564],[-94.94183,38.6953],[-94.94205,38.6949],[-94.94266,38.69464],[-94.94283,38.69427],[-94.94274,38.69408],[-94.94169,38.69414],[-94.94215,38.69379],[-94.94196,38.69363],[-94.94305,38.69364],[-94.94324,38.69346],[-94.94298,38.69284],[-94.94262,38.69254],[-94.9428,38.69164],[-94.94235,38.69104],[-94.94246,38.6905],[-94.94229,38.69055],[-94.94228,38.6904],[-94.94266,38.68979],[-94.9425,38.68954],[-94.94281,38.68902],[-94.94263,38.68842],[-94.94237,38.68815],[-94.94306,38.68685],[-94.94355,38.68667],[-94.94269,38.6861],[-94.94197,38.68601],[-94.94107,38.68623],[-94.94089,38.68707],[-94.94118,38.68735],[-94.94107,38.68748],[-94.94133,38.68785],[-94.94091,38.68853],[-94.94077,38.68863],[-94.94076,38.68839],[-94.9405,38.68827],[-94.93939,38.68923],[-94.93834,38.68942],[-94.9382,38.69026],[-94.93832,38.69059],[-94.93784,38.6916],[-94.93735,38.69207],[-94.93726,38.6933],[-94.93691,38.69353],[-94.93632,38.69357],[-94.93552,38.69414],[-94.93534,38.69478],[-94.92732,38.69474],[-94.92676,38.69487],[-94.92607,38.69537],[-94.92504,38.69488],[-94.9236,38.69471],[-94.91,38.69467],[-94.90348,38.6945],[-94.902,38.694],[-94.89886,38.69175],[-94.89852,38.69197],[-94.89849,38.69233],[-94.89795,38.69227],[-94.89645,38.69322],[-94.8959,38.69404],[-94.89595,38.69563],[-94.89643,38.69568],[-94.89595,38.69607],[-94.89582,38.69665],[-94.89627,38.69682],[-94.89633,38.69707],[-94.89686,38.69696],[-94.8972,38.69718],[-94.89659,38.69739],[-94.89629,38.69739],[-94.89624,38.69717],[-94.89584,38.69739],[-94.89559,38.69736],[-94.89517,38.69789],[-94.89516,38.6983],[-94.89589,38.69902],[-94.8957,38.69951],[-94.89625,38.70004],[-94.8961,38.70085],[-94.89566,38.70126],[-94.89579,38.70181],[-94.89504,38.70182],[-94.89466,38.70164],[-94.89526,38.70073],[-94.89472,38.7005],[-94.89434,38.69988],[-94.89403,38.69973],[-94.89404,38.69917],[-94.89384,38.69875],[-94.89312,38.69853],[-94.89253,38.69868],[-94.89186,38.69915],[-94.89126,38.70172],[-94.89115,38.70193],[-94.89083,38.70202],[-94.89105,38.70208],[-94.89098,38.70226],[-94.88934,38.70336],[-94.88711,38.70188],[-94.88092,38.70192],[-94.8809,38.6982],[-94.87149,38.69838],[-94.87151,38.69718],[-94.87125,38.69696],[-94.86661,38.69694],[-94.86653,38.69473],[-94.83646,38.69478],[-94.83629,38.68892],[-94.83599,38.68914],[-94.83587,38.68664],[-94.83367,38.68668],[-94.8331,38.6871],[-94.83225,38.68736],[-94.83144,38.68731],[-94.83073,38.68782],[-94.83082,38.68819],[-94.83118,38.6886],[-94.83114,38.68888],[-94.82994,38.68932],[-94.82906,38.68917],[-94.82777,38.68959],[-94.82684,38.69069],[-94.8268,38.69132],[-94.82639,38.69189],[-94.8249,38.69218],[-94.82451,38.69241],[-94.82362,38.69205],[-94.823,38.69204],[-94.82232,38.6924],[-94.82154,38.69338],[-94.82077,38.69385],[-94.81931,38.69411],[-94.81754,38.69394],[-94.81638,38.69348],[-94.8155,38.69278],[-94.81502,38.69263],[-94.81411,38.6929],[-94.81283,38.69371],[-94.80993,38.69455],[-94.80885,38.69467],[-94.80836,38.69438],[-94.80854,38.67914],[-94.78743,38.67971],[-94.7878,38.68707],[-94.78292,38.68693],[-94.76882,38.68699],[-94.76867,38.69461],[-94.75963,38.69461],[-94.75946,38.69414],[-94.75941,38.69302],[-94.7596,38.6814],[-94.76061,38.67979],[-94.75998,38.67979],[-94.75509,38.68279],[-94.74893,38.68702],[-94.74088,38.68696],[-94.74086,38.68749],[-94.7409,38.69458],[-94.74176,38.69459],[-94.74176,38.70914],[-94.75132,38.70916],[-94.75134,38.71649],[-94.76022,38.71653],[-94.76029,38.75277],[-94.75568,38.75277],[-94.75573,38.7564],[-94.75104,38.75647],[-94.75106,38.76005],[-94.74644,38.76007],[-94.7464,38.76732],[-94.7358,38.7674],[-94.73296,38.76741],[-94.73301,38.75286],[-94.72326,38.75293],[-94.72329,38.7675],[-94.70493,38.76733],[-94.70485,38.78186],[-94.73293,38.78184],[-94.73291,38.78932],[-94.73312,38.78936],[-94.73469,38.78928],[-94.737,38.7888],[-94.73827,38.78896],[-94.73872,38.78858],[-94.73865,38.78805],[-94.73909,38.78784],[-94.73925,38.7875],[-94.73979,38.78706],[-94.74028,38.78694],[-94.74056,38.78634],[-94.74119,38.7862],[-94.74161,38.78649],[-94.74213,38.7866],[-94.74207,38.78182],[-94.77925,38.78193],[-94.77929,38.78553],[-94.7885,38.78549],[-94.78858,38.78919],[-94.79288,38.78919],[-94.79292,38.78624],[-94.79724,38.78615],[-94.79726,38.78194],[-94.80189,38.78195],[-94.8019,38.78921],[-94.80653,38.78923],[-94.80653,38.7929],[-94.81557,38.79298],[-94.81558,38.79665],[-94.82514,38.79662],[-94.82514,38.79291],[-94.8344,38.79287],[-94.83436,38.78915],[-94.83907,38.78916],[-94.83901,38.78184],[-94.88063,38.78186],[-94.88056,38.77519],[-94.88071,38.77359],[-94.88051,38.7602],[-94.89904,38.76021],[-94.89909,38.75285],[-94.89007,38.75288],[-94.88999,38.73836],[-94.94564,38.73832],[-94.95681,38.73851],[-94.95504,38.73971],[-94.95498,38.7419],[-94.95517,38.74211],[-94.964,38.74212],[-94.96399,38.73848],[-94.96792,38.73863],[-94.96906,38.73747],[-94.97039,38.73702],[-94.9709,38.73667],[-94.97114,38.73623]]]}},{"type":"Feature","properties":{"ZIP":"66085"},"geometry":{"type":"Polygon","coordinates":[[[-94.70521,38.8268],[-94.70521,38.82155],[-94.70487,38.82148],[-94.70467,38.81992],[-94.70364,38.81976],[-94.70269,38.8201],[-94.70208,38.82007],[-94.70149,38.81971],[-94.70107,38.81882],[-94.70076,38.81865],[-94.69901,38.81862],[-94.69864,38.8183],[-94.6982,38.81731],[-94.69624,38.81598],[-94.69425,38.81524],[-94.69293,38.81494],[-94.69222,38.81453],[-94.69211,38.81422],[-94.6923,38.81364],[-94.69225,38.8134],[-94.69199,38.81323],[-94.6906,38.81296],[-94.69024,38.81318],[-94.69008,38.81362],[-94.68957,38.81368],[-94.68855,38.81282],[-94.68763,38.81274],[-94.68756,38.81227],[-94.68737,38.81219],[-94.6857,38.81228],[-94.68513,38.81214],[-94.68476,38.81227],[-94.68417,38.81207],[-94.68351,38.8121],[-94.68134,38.81088],[-94.68078,38.81071],[-94.6806,38.81061],[-94.68063,38.81002],[-94.68071,38.80988],[-94.68153,38.8098],[-94.68162,38.80958],[-94.6815,38.80928],[-94.68122,38.80893],[-94.68049,38.80863],[-94.68036,38.80805],[-94.67852,38.80798],[-94.67833,38.80756],[-94.67855,38.80684],[-94.67881,38.80658],[-94.67974,38.80601],[-94.68122,38.80568],[-94.68179,38.80529],[-94.68104,38.80445],[-94.68104,38.80362],[-94.67554,38.80363],[-94.67778,38.78184],[-94.68635,38.7818],[-94.68632,38.77454],[-94.67793,38.77449],[-94.67783,38.76727],[-94.66771,38.76723],[-94.66771,38.76627],[-94.66645,38.7663],[-94.66644,38.76354],[-94.66011,38.76354],[-94.66012,38.76262],[-94.65929,38.76258],[-94.65826,38.76206],[-94.66158,38.75644],[-94.66317,38.75462],[-94.66552,38.75269],[-94.60887,38.75269],[-94.60849,38.77518],[-94.60817,38.81109],[-94.60803,38.81109],[-94.60763,38.82756],[-94.60784,38.83807],[-94.60904,38.83808],[-94.60909,38.83874],[-94.60944,38.83906],[-94.6105,38.83873],[-94.61189,38.83891],[-94.61192,38.84163],[-94.61217,38.8421],[-94.61345,38.84272],[-94.61394,38.84172],[-94.61441,38.84122],[-94.61601,38.84041],[-94.61673,38.84025],[-94.66771,38.84007],[-94.67936,38.83984],[-94.67942,38.83947],[-94.67997,38.83871],[-94.6812,38.83901],[-94.68285,38.83887],[-94.68276,38.83557],[-94.68318,38.83405],[-94.68283,38.833],[-94.68277,38.83198],[-94.68235,38.83086],[-94.68314,38.83062],[-94.68635,38.83079],[-94.68633,38.84002],[-94.70518,38.84009],[-94.70521,38.8268]]]}},{"type":"Feature","properties":{"ZIP":"66086"},"geometry":{"type":"Polygon","coordinates":[[[-95.19502,39.14825],[-95.19501,39.14806],[-95.19465,39.14778],[-95.1937,39.14747],[-95.19365,39.14717],[-95.19343,39.14713],[-95.19341,39.1469],[-95.19384,39.1466],[-95.19353,39.14566],[-95.19281,39.14542],[-95.19184,39.14405],[-95.19062,39.14353],[-95.18999,39.14377],[-95.18954,39.14377],[-95.18951,39.14331],[-95.18924,39.14308],[-95.18894,39.14204],[-95.18828,39.14203],[-95.18831,39.14241],[-95.18777,39.14258],[-95.18711,39.14225],[-95.18697,39.14176],[-95.18714,39.14094],[-95.18783,39.14033],[-95.18838,39.14012],[-95.18844,39.13948],[-95.18811,39.13921],[-95.18756,39.13815],[-95.18705,39.13677],[-95.18537,39.13635],[-95.18516,39.13621],[-95.18493,39.1356],[-95.18576,39.1333],[-95.18608,39.13289],[-95.18601,39.13247],[-95.18698,39.13212],[-95.18703,39.13193],[-95.18649,39.13116],[-95.18698,39.13068],[-95.18734,39.12968],[-95.18739,39.12917],[-95.1872,39.1289],[-95.18796,39.12891],[-95.18776,39.10866],[-95.18783,39.09649],[-95.18743,39.07636],[-95.18755,39.07596],[-95.18756,39.07311],[-95.17465,39.07299],[-95.17394,39.07262],[-95.17302,39.07278],[-95.17117,39.07223],[-95.16871,39.07124],[-95.16816,39.07125],[-95.16743,39.07171],[-95.1665,39.0716],[-95.16631,39.07115],[-95.16572,39.07097],[-95.16542,39.07063],[-95.16454,39.07059],[-95.16425,39.07037],[-95.16397,39.06965],[-95.16247,39.06823],[-95.16239,39.06757],[-95.16169,39.06697],[-95.16128,39.06697],[-95.16105,39.06716],[-95.16045,39.067],[-95.16034,39.06581],[-95.15865,39.06549],[-95.15826,39.06561],[-95.15784,39.06631],[-95.15712,39.06627],[-95.15685,39.06565],[-95.15562,39.06471],[-95.15493,39.06384],[-95.15511,39.06346],[-95.15508,39.06279],[-95.15533,39.06263],[-95.15517,39.06215],[-95.15537,39.06202],[-95.15538,39.06149],[-95.15574,39.06129],[-95.15576,39.06104],[-95.1552,39.06073],[-95.15526,39.06014],[-95.1545,39.06008],[-95.15434,39.05974],[-95.15299,39.0594],[-95.15291,39.05906],[-95.15323,39.05881],[-95.15333,39.05851],[-95.14166,39.05844],[-95.1416,39.05712],[-95.13997,39.05716],[-95.13974,39.05695],[-95.13974,39.05647],[-95.13929,39.05599],[-95.13808,39.0553],[-95.13751,39.05527],[-95.13706,39.05469],[-95.13569,39.05469],[-95.136,39.05442],[-95.13502,39.05251],[-95.13363,39.05226],[-95.13195,39.05223],[-95.13099,39.05138],[-95.13044,39.05122],[-95.12938,39.05115],[-95.12889,39.05149],[-95.12829,39.05132],[-95.12782,39.05062],[-95.12825,39.04998],[-95.1293,39.04967],[-95.13001,39.04974],[-95.13074,39.05001],[-95.13117,39.0507],[-95.13198,39.05126],[-95.13275,39.05077],[-95.13419,39.05029],[-95.13447,39.04997],[-95.13436,39.04929],[-95.13379,39.04833],[-95.13342,39.04813],[-95.13234,39.0481],[-95.13191,39.0479],[-95.13132,39.04715],[-95.13082,39.04679],[-95.13058,39.04697],[-95.13034,39.04811],[-95.12956,39.04844],[-95.12872,39.04827],[-95.12852,39.04693],[-95.12866,39.04652],[-95.12841,39.04594],[-95.12862,39.04527],[-95.12855,39.04509],[-95.12723,39.04524],[-95.12676,39.04492],[-95.12615,39.04544],[-95.12558,39.04558],[-95.12535,39.0455],[-95.12476,39.04478],[-95.12491,39.04384],[-95.12587,39.04336],[-95.12718,39.04321],[-95.12724,39.04152],[-95.12977,39.03974],[-95.1298,39.03802],[-95.13022,39.03673],[-95.13922,39.0368],[-95.13929,39.03541],[-95.1493,39.03534],[-95.14916,39.02944],[-95.13123,39.02947],[-95.13114,39.02271],[-95.12869,39.02376],[-95.09401,39.04363],[-95.09099,39.04497],[-95.07497,39.05129],[-95.07492,39.04384],[-95.05629,39.04379],[-95.05628,39.05104],[-95.03774,39.05101],[-95.03776,39.05838],[-95.01272,39.05825],[-95.01271,39.05779],[-95.01239,39.05717],[-95.01224,39.05448],[-95.01353,39.05441],[-95.01403,39.05422],[-95.01421,39.054],[-95.01433,39.05229],[-95.01446,39.0521],[-95.01722,39.05102],[-95.01759,39.05038],[-95.01748,39.04979],[-95.01588,39.0471],[-95.01534,39.0456],[-95.01427,39.04447],[-95.0142,39.04375],[-95.00165,39.04374],[-95.00141,39.07066],[-95.0011,39.07088],[-94.99905,39.07131],[-94.99901,39.07151],[-94.99945,39.07183],[-94.98298,39.07543],[-94.98289,39.08716],[-94.9844,39.08716],[-94.98417,39.08745],[-94.98413,39.08809],[-94.98753,39.08813],[-94.98744,39.09819],[-94.98456,39.09811],[-94.9846,39.10057],[-94.98371,39.1005],[-94.98374,39.1017],[-94.98469,39.1017],[-94.98475,39.10243],[-94.98604,39.10254],[-94.98608,39.10355],[-94.98742,39.10362],[-94.9875,39.11264],[-94.98378,39.11264],[-94.98381,39.11305],[-94.98286,39.11301],[-94.98279,39.11637],[-94.97175,39.11637],[-94.96746,39.11604],[-94.96425,39.11601],[-94.96424,39.1199],[-94.97347,39.11988],[-94.9735,39.12348],[-94.96628,39.12353],[-94.9663,39.12282],[-94.96559,39.12273],[-94.96588,39.12365],[-94.96572,39.1238],[-94.96505,39.12382],[-94.96496,39.12438],[-94.9651,39.12479],[-94.9656,39.12527],[-94.96651,39.1254],[-94.967,39.12529],[-94.96795,39.12555],[-94.96891,39.12518],[-94.96927,39.12519],[-94.97021,39.12597],[-94.97043,39.12721],[-94.97162,39.12727],[-94.97168,39.12809],[-94.97199,39.12839],[-94.97275,39.12836],[-94.97328,39.12789],[-94.97395,39.12824],[-94.97416,39.1286],[-94.98098,39.12856],[-94.98141,39.12905],[-94.98117,39.12958],[-94.98132,39.12974],[-94.98116,39.12988],[-94.98151,39.13045],[-94.98103,39.13123],[-94.98035,39.13189],[-94.98035,39.1323],[-94.9807,39.13285],[-94.98147,39.13297],[-94.98136,39.13347],[-94.98148,39.13368],[-94.98295,39.13356],[-94.98342,39.1331],[-94.98445,39.1331],[-94.98482,39.13264],[-94.98513,39.13257],[-94.98569,39.13261],[-94.98576,39.1333],[-94.98642,39.13319],[-94.98707,39.13273],[-94.98685,39.1322],[-94.98694,39.13204],[-94.98756,39.1318],[-94.98818,39.13197],[-94.98815,39.13251],[-94.98846,39.13262],[-94.9885,39.13303],[-94.98879,39.13327],[-94.98829,39.13383],[-94.98855,39.13444],[-94.98851,39.13483],[-94.98837,39.13503],[-94.98781,39.1352],[-94.98785,39.13618],[-94.98747,39.13711],[-94.9875,39.13756],[-94.9877,39.13787],[-94.98768,39.13861],[-94.98737,39.13972],[-94.98651,39.14041],[-94.9859,39.14144],[-94.98467,39.14279],[-94.98409,39.14314],[-94.98498,39.14315],[-94.9848,39.1582],[-94.98507,39.15835],[-94.9922,39.1587],[-94.99408,39.15799],[-94.99405,39.16281],[-94.99386,39.16494],[-94.99411,39.16603],[-94.99408,39.16647],[-94.9926,39.1665],[-94.99204,39.16695],[-94.9913,39.16703],[-94.98974,39.16778],[-94.98992,39.16832],[-94.99134,39.16878],[-94.99211,39.16956],[-94.99195,39.17069],[-94.99098,39.17231],[-94.98932,39.17327],[-94.98684,39.17338],[-94.98675,39.17389],[-94.98704,39.17439],[-94.98857,39.17549],[-94.98878,39.17579],[-94.98878,39.17625],[-94.98816,39.17653],[-94.98814,39.17693],[-94.98838,39.17717],[-94.98935,39.17749],[-94.9894,39.17767],[-94.98833,39.17924],[-94.98843,39.17999],[-94.98984,39.18004],[-94.99029,39.18067],[-94.99029,39.18103],[-94.99011,39.18119],[-94.98904,39.18115],[-94.989,39.1819],[-94.98955,39.18197],[-94.9897,39.1822],[-94.98985,39.18306],[-94.98951,39.1834],[-94.9895,39.18382],[-94.98972,39.18428],[-94.99018,39.18503],[-94.99124,39.186],[-94.9917,39.18674],[-95.0032,39.18671],[-95.00314,39.20123],[-95.01259,39.2012],[-95.01267,39.18665],[-95.03124,39.1868],[-95.03123,39.2013],[-95.03744,39.20126],[-95.04052,39.20078],[-95.04273,39.20133],[-95.04935,39.20123],[-95.05912,39.20133],[-95.05911,39.20047],[-95.06148,39.20047],[-95.06155,39.19942],[-95.06383,39.19939],[-95.06379,39.19411],[-95.06507,39.19404],[-95.06502,39.19087],[-95.06392,39.19087],[-95.06381,39.18856],[-95.06159,39.18856],[-95.06153,39.18765],[-95.05916,39.18764],[-95.05917,39.18683],[-95.0606,39.18658],[-95.06095,39.18678],[-95.0624,39.18683],[-95.06329,39.18713],[-95.06375,39.1869],[-95.06408,39.1874],[-95.06515,39.18701],[-95.06602,39.18691],[-95.06637,39.18731],[-95.06643,39.18843],[-95.06685,39.18841],[-95.06774,39.18802],[-95.06793,39.18771],[-95.06813,39.18772],[-95.0684,39.18803],[-95.06865,39.18882],[-95.06853,39.18388],[-95.06864,39.17415],[-95.07082,39.17235],[-95.07742,39.17239],[-95.07802,39.17306],[-95.07807,39.1757],[-95.07828,39.17587],[-95.08739,39.17587],[-95.08739,39.1786],[-95.08821,39.17816],[-95.08875,39.17812],[-95.08903,39.17861],[-95.09106,39.17867],[-95.09124,39.17903],[-95.09105,39.17989],[-95.09144,39.17991],[-95.09207,39.18027],[-95.0924,39.18029],[-95.09312,39.1797],[-95.09446,39.17969],[-95.09544,39.17994],[-95.09878,39.1798],[-95.09958,39.18044],[-95.10067,39.18089],[-95.10176,39.18093],[-95.10271,39.18063],[-95.10303,39.1808],[-95.10351,39.18167],[-95.10432,39.18131],[-95.10583,39.1817],[-95.10586,39.18236],[-95.10784,39.18221],[-95.11036,39.18167],[-95.11191,39.18176],[-95.11377,39.18103],[-95.1145,39.17961],[-95.12448,39.17958],[-95.12448,39.18487],[-95.13179,39.18013],[-95.13246,39.1795],[-95.12904,39.17969],[-95.12903,39.1762],[-95.13369,39.17605],[-95.1337,39.17235],[-95.13412,39.16506],[-95.138,39.16516],[-95.14131,39.16487],[-95.14743,39.16486],[-95.14998,39.16023],[-95.15673,39.147],[-95.15726,39.14649],[-95.16177,39.14969],[-95.1618,39.15338],[-95.16454,39.15369],[-95.16579,39.15411],[-95.16644,39.15404],[-95.17053,39.15794],[-95.18615,39.15792],[-95.18749,39.15804],[-95.19261,39.15788],[-95.19307,39.15765],[-95.19334,39.15713],[-95.19371,39.15539],[-95.19364,39.15495],[-95.19348,39.1547],[-95.1925,39.15456],[-95.19251,39.15423],[-95.19234,39.15411],[-95.19145,39.15395],[-95.19132,39.15348],[-95.19154,39.15287],[-95.19149,39.15234],[-95.19158,39.15215],[-95.19205,39.15204],[-95.19241,39.15159],[-95.19277,39.15151],[-95.19319,39.1511],[-95.19451,39.15033],[-95.19453,39.14991],[-95.19418,39.14917],[-95.19479,39.14877],[-95.19502,39.14825]]]}},{"type":"Feature","properties":{"ZIP":"66092"},"geometry":{"type":"Polygon","coordinates":[[[-95.24772,38.68838],[-95.2469,38.68829],[-95.24646,38.68844],[-95.24552,38.68818],[-95.24543,38.68791],[-95.24623,38.68738],[-95.24624,38.68703],[-95.24576,38.68677],[-95.24519,38.6868],[-95.2453,38.68618],[-95.24514,38.68598],[-95.24442,38.68643],[-95.24394,38.68621],[-95.24393,38.68578],[-95.24418,38.68543],[-95.24406,38.68486],[-95.24353,38.68462],[-95.24287,38.68468],[-95.24257,38.68501],[-95.24249,38.68573],[-95.24229,38.68604],[-95.24206,38.68611],[-95.24081,38.68544],[-95.24108,38.68493],[-95.24086,38.68462],[-95.24101,38.68433],[-95.24073,38.68401],[-95.23902,38.68284],[-95.23784,38.68271],[-95.23739,38.68252],[-95.23712,38.68219],[-95.23724,38.682],[-95.23796,38.68168],[-95.23878,38.68177],[-95.23969,38.68155],[-95.24041,38.68123],[-95.24045,38.68077],[-95.24029,38.68061],[-95.23914,38.68061],[-95.23836,38.68092],[-95.23793,38.68136],[-95.23707,38.68153],[-95.23656,38.68124],[-95.23655,38.68089],[-95.23721,38.68008],[-95.23827,38.67981],[-95.2386,38.67951],[-95.23852,38.67863],[-95.23878,38.67834],[-95.23869,38.67822],[-95.2385,38.67804],[-95.23694,38.67819],[-95.2365,38.67735],[-95.2357,38.67693],[-95.2352,38.67702],[-95.23474,38.67734],[-95.23416,38.67727],[-95.23378,38.6778],[-95.23331,38.67776],[-95.2331,38.67692],[-95.2336,38.67624],[-95.23423,38.67598],[-95.23395,38.67551],[-95.23462,38.67504],[-95.23466,38.67481],[-95.23329,38.67466],[-95.23297,38.67442],[-95.23293,38.67411],[-95.23351,38.67336],[-95.23446,38.67324],[-95.23458,38.67297],[-95.23423,38.67273],[-95.23294,38.67249],[-95.23216,38.67269],[-95.23132,38.67268],[-95.23121,38.67254],[-95.23133,38.67046],[-95.23084,38.66985],[-95.23113,38.66935],[-95.23189,38.66928],[-95.2318,38.66891],[-95.231,38.6687],[-95.23019,38.66896],[-95.23019,38.66661],[-95.22877,38.66661],[-95.22812,38.66719],[-95.2268,38.66736],[-95.22615,38.66801],[-95.22618,38.6685],[-95.22665,38.66917],[-95.22648,38.66951],[-95.22546,38.66988],[-95.22537,38.67029],[-95.22573,38.67092],[-95.2258,38.67152],[-95.22524,38.67211],[-95.22473,38.67238],[-95.22474,38.67378],[-95.2246,38.6741],[-95.22424,38.67429],[-95.22417,38.6746],[-95.22361,38.67461],[-95.22332,38.67445],[-95.22376,38.67345],[-95.22319,38.6728],[-95.22216,38.67253],[-95.2218,38.67285],[-95.22166,38.67345],[-95.22215,38.67387],[-95.2221,38.6748],[-95.22303,38.67536],[-95.22281,38.67586],[-95.22193,38.67625],[-95.22185,38.67694],[-95.22244,38.67748],[-95.22364,38.67779],[-95.2237,38.67823],[-95.22341,38.67877],[-95.22279,38.67921],[-95.22303,38.67941],[-95.22294,38.67983],[-95.22242,38.68002],[-95.22191,38.68055],[-95.22123,38.68079],[-95.22108,38.681],[-95.22146,38.68142],[-95.22155,38.68262],[-95.22051,38.68359],[-95.21972,38.68365],[-95.21963,38.684],[-95.21934,38.68405],[-95.2193,38.68446],[-95.21867,38.68443],[-95.21787,38.68577],[-95.21683,38.68628],[-95.21688,38.68721],[-95.21552,38.68738],[-95.21521,38.68836],[-95.21143,38.68836],[-95.21146,38.68104],[-95.1929,38.68112],[-95.1929,38.69501],[-95.17858,38.69499],[-95.17831,38.68137],[-95.15575,38.68121],[-95.15585,38.66913],[-95.15572,38.66665],[-95.14661,38.66662],[-95.14469,38.66677],[-95.14289,38.66659],[-95.13716,38.66653],[-95.13721,38.64641],[-95.13763,38.64657],[-95.13858,38.6465],[-95.13874,38.64625],[-95.13846,38.64579],[-95.13868,38.64567],[-95.13933,38.64618],[-95.13989,38.64623],[-95.14027,38.64664],[-95.14073,38.64661],[-95.14123,38.64614],[-95.14167,38.64616],[-95.14185,38.64642],[-95.1423,38.6456],[-95.14279,38.64518],[-95.14331,38.64519],[-95.14348,38.64548],[-95.14396,38.64541],[-95.14359,38.64566],[-95.14379,38.6459],[-95.14494,38.64568],[-95.14489,38.64598],[-95.14446,38.64621],[-95.14459,38.64637],[-95.14582,38.64612],[-95.14605,38.64617],[-95.14606,38.64639],[-95.14625,38.64645],[-95.14682,38.64604],[-95.14711,38.64618],[-95.14767,38.64609],[-95.14784,38.64566],[-95.14874,38.64532],[-95.14871,38.64493],[-95.14847,38.64456],[-95.14855,38.64436],[-95.14898,38.64434],[-95.14951,38.64464],[-95.14967,38.64396],[-95.15073,38.64402],[-95.15085,38.64382],[-95.1506,38.64312],[-95.15082,38.64285],[-95.15113,38.64279],[-95.15151,38.64309],[-95.15221,38.64325],[-95.15273,38.64314],[-95.15285,38.64188],[-95.15254,38.64168],[-95.15189,38.64161],[-95.1516,38.64105],[-95.15189,38.64099],[-95.15248,38.64121],[-95.15289,38.64087],[-95.1528,38.64066],[-95.15325,38.64053],[-95.15405,38.6409],[-95.15423,38.64084],[-95.15451,38.64026],[-95.15588,38.64011],[-95.15587,38.6375],[-95.13723,38.63741],[-95.13729,38.62285],[-95.12106,38.62272],[-95.12108,38.6089],[-95.12128,38.60842],[-95.12184,38.60822],[-95.12198,38.60803],[-95.12112,38.6073],[-95.12104,38.60684],[-95.12109,38.59356],[-95.11176,38.59371],[-95.1117,38.6082],[-95.08389,38.60817],[-95.08387,38.60189],[-95.08398,38.6016],[-95.08492,38.60071],[-95.08555,38.59937],[-95.08549,38.59886],[-95.08529,38.59866],[-95.08388,38.5983],[-95.0838,38.59012],[-95.06559,38.58999],[-95.06528,38.58979],[-95.06511,38.59799],[-95.06531,38.61599],[-95.0651,38.62285],[-95.02827,38.62261],[-95.02829,38.62986],[-95.01994,38.62992],[-95.02023,38.65145],[-95.01196,38.65132],[-95.01207,38.6659],[-95.00342,38.66581],[-95.00289,38.66601],[-95.00247,38.66638],[-95.0013,38.66595],[-95.0003,38.66614],[-94.99474,38.66614],[-94.9942,38.66577],[-94.9935,38.66572],[-94.9935,38.67974],[-94.99324,38.69484],[-95.01121,38.69484],[-95.01005,38.69702],[-95.0089,38.69792],[-95.00891,38.69823],[-95.0092,38.69807],[-95.00984,38.69809],[-95.01121,38.69777],[-95.01261,38.69794],[-95.01299,38.69754],[-95.01361,38.69733],[-95.01419,38.69772],[-95.01513,38.69753],[-95.01544,38.69761],[-95.01613,38.69813],[-95.01631,38.69858],[-95.01719,38.69945],[-95.01788,38.70068],[-95.01822,38.70099],[-95.01928,38.70108],[-95.02022,38.7015],[-95.0202,38.70173],[-95.01964,38.70203],[-95.01964,38.70231],[-95.02,38.70293],[-95.0206,38.70339],[-95.02142,38.70332],[-95.02198,38.70226],[-95.02308,38.7019],[-95.02397,38.70209],[-95.02527,38.7027],[-95.02597,38.70276],[-95.02685,38.70214],[-95.02703,38.70124],[-95.02744,38.70098],[-95.02783,38.70103],[-95.02871,38.70211],[-95.02867,38.70943],[-95.05644,38.70934],[-95.05641,38.71951],[-95.05368,38.72011],[-95.05035,38.72125],[-95.0488,38.72214],[-95.04749,38.72311],[-95.02987,38.73853],[-95.05641,38.73858],[-95.05633,38.76775],[-95.09341,38.76786],[-95.0932,38.80534],[-95.09995,38.80756],[-95.1024,38.80758],[-95.1024,38.80588],[-95.10372,38.80563],[-95.10568,38.80609],[-95.10606,38.80588],[-95.10602,38.80569],[-95.10717,38.80536],[-95.10737,38.80451],[-95.10783,38.80444],[-95.10843,38.80394],[-95.10913,38.80382],[-95.10913,38.80314],[-95.10982,38.80322],[-95.11022,38.80297],[-95.1107,38.80239],[-95.1111,38.80156],[-95.1115,38.80126],[-95.11187,38.80122],[-95.11186,38.79684],[-95.11814,38.79688],[-95.11901,38.79651],[-95.11903,38.79583],[-95.11927,38.79561],[-95.11979,38.7958],[-95.12017,38.79571],[-95.11978,38.79534],[-95.11992,38.7952],[-95.12071,38.79521],[-95.12106,38.79482],[-95.12152,38.79497],[-95.12182,38.79489],[-95.12234,38.79428],[-95.12252,38.79342],[-95.12411,38.79311],[-95.12545,38.7923],[-95.12553,38.79163],[-95.12499,38.7911],[-95.12515,38.79088],[-95.12555,38.79082],[-95.12554,38.79029],[-95.12655,38.7899],[-95.12689,38.79052],[-95.12727,38.79058],[-95.1283,38.78991],[-95.12876,38.78889],[-95.12815,38.78788],[-95.12811,38.78745],[-95.1284,38.78713],[-95.1288,38.7873],[-95.12903,38.78709],[-95.12927,38.78726],[-95.12936,38.78718],[-95.12904,38.78679],[-95.12932,38.7864],[-95.12948,38.78634],[-95.13,38.78665],[-95.13044,38.78653],[-95.13021,38.78609],[-95.13066,38.7856],[-95.13067,38.78229],[-95.13989,38.78229],[-95.13976,38.76761],[-95.13057,38.76766],[-95.13062,38.73862],[-95.14534,38.73848],[-95.18638,38.7385],[-95.18629,38.73117],[-95.20475,38.73123],[-95.20479,38.72405],[-95.22269,38.72414],[-95.22299,38.72397],[-95.22345,38.72275],[-95.22345,38.71737],[-95.22347,38.71708],[-95.2237,38.71688],[-95.24179,38.71684],[-95.24177,38.69503],[-95.24293,38.69494],[-95.24353,38.69459],[-95.24386,38.69414],[-95.2439,38.69055],[-95.24393,38.68992],[-95.24412,38.68965],[-95.24491,38.68927],[-95.24686,38.68911],[-95.24772,38.68838]]]}},{"type":"Feature","properties":{"ZIP":"66101"},"geometry":{"type":"Polygon","coordinates":[[[-94.63815,39.11554],[-94.63814,39.11457],[-94.63512,39.11458],[-94.6351,39.11269],[-94.63547,39.10985],[-94.63491,39.10986],[-94.63492,39.10948],[-94.63494,39.10861],[-94.63547,39.10861],[-94.63543,39.10373],[-94.63428,39.10373],[-94.63427,39.10042],[-94.63544,39.10082],[-94.63542,39.09796],[-94.63487,39.09797],[-94.63486,39.0963],[-94.63539,39.09629],[-94.63534,39.09199],[-94.63137,39.09151],[-94.62965,39.09159],[-94.62784,39.09192],[-94.62596,39.09279],[-94.62594,39.09221],[-94.61931,39.09497],[-94.61989,39.0958],[-94.62044,39.09717],[-94.62065,39.09943],[-94.62255,39.09915],[-94.62158,39.10117],[-94.62122,39.10697],[-94.6208,39.108],[-94.61957,39.10985],[-94.61638,39.11395],[-94.61578,39.11401],[-94.61473,39.11567],[-94.61522,39.11717],[-94.61513,39.12052],[-94.6138,39.12304],[-94.61354,39.12453],[-94.61227,39.12836],[-94.6123,39.12946],[-94.61252,39.13034],[-94.61448,39.13404],[-94.61653,39.13674],[-94.61888,39.13878],[-94.6231,39.14167],[-94.62574,39.1429],[-94.63084,39.14478],[-94.6324,39.1441],[-94.63484,39.1421],[-94.63491,39.13928],[-94.63232,39.13928],[-94.63249,39.13416],[-94.63501,39.13475],[-94.63517,39.12896],[-94.6344,39.12866],[-94.63216,39.12703],[-94.63242,39.12682],[-94.63194,39.12532],[-94.63236,39.12403],[-94.63235,39.12331],[-94.63512,39.12332],[-94.63512,39.11654],[-94.6371,39.11654],[-94.63736,39.11555],[-94.63815,39.11554]]]}},{"type":"Feature","properties":{"ZIP":"66102"},"geometry":{"type":"Polygon","coordinates":[[[-94.74564,39.12604],[-94.74533,39.1231],[-94.74465,39.12002],[-94.74214,39.11444],[-94.73845,39.10378],[-94.7379,39.1029],[-94.73657,39.1016],[-94.73504,39.10068],[-94.73366,39.10017],[-94.72434,39.09879],[-94.71611,39.09614],[-94.71335,39.09501],[-94.71004,39.0933],[-94.7079,39.09689],[-94.70642,39.09901],[-94.7042,39.10141],[-94.70236,39.10253],[-94.6992,39.10361],[-94.68894,39.1027],[-94.68294,39.1011],[-94.67995,39.0997],[-94.67945,39.10143],[-94.66974,39.09703],[-94.66766,39.09584],[-94.66459,39.09513],[-94.66203,39.09433],[-94.65804,39.09219],[-94.65722,39.09207],[-94.64938,39.09252],[-94.6494,39.09606],[-94.64621,39.09491],[-94.6424,39.093],[-94.63534,39.09199],[-94.63539,39.09629],[-94.63486,39.0963],[-94.63487,39.09797],[-94.63542,39.09796],[-94.63544,39.10082],[-94.63427,39.10042],[-94.63428,39.10373],[-94.63543,39.10373],[-94.63547,39.10861],[-94.63494,39.10861],[-94.63492,39.10948],[-94.63491,39.10986],[-94.63547,39.10985],[-94.6351,39.11269],[-94.63512,39.11458],[-94.63814,39.11457],[-94.63815,39.11554],[-94.63736,39.11555],[-94.6371,39.11654],[-94.63512,39.11654],[-94.63512,39.12332],[-94.63811,39.12331],[-94.63812,39.12403],[-94.64067,39.12403],[-94.64068,39.12329],[-94.6408,39.12319],[-94.64957,39.12319],[-94.64957,39.12277],[-94.65138,39.12276],[-94.65139,39.12236],[-94.65196,39.12236],[-94.65394,39.12243],[-94.65389,39.12362],[-94.65547,39.1236],[-94.65546,39.12406],[-94.66693,39.12405],[-94.66692,39.12438],[-94.66872,39.12445],[-94.66872,39.12498],[-94.66692,39.12498],[-94.66695,39.12837],[-94.67955,39.1285],[-94.67953,39.12801],[-94.6811,39.12802],[-94.68111,39.12782],[-94.68214,39.12853],[-94.68275,39.12853],[-94.7456,39.12854],[-94.74564,39.12604]]]}},{"type":"Feature","properties":{"ZIP":"66103"},"geometry":{"type":"Polygon","coordinates":[[[-94.65062,39.07154],[-94.65042,39.06929],[-94.64997,39.06775],[-94.64948,39.06675],[-94.64738,39.06372],[-94.64679,39.06235],[-94.64692,39.06235],[-94.6467,39.06121],[-94.64671,39.05994],[-94.64756,39.05386],[-94.6475,39.05177],[-94.64717,39.04996],[-94.64623,39.04742],[-94.64526,39.04579],[-94.64388,39.04404],[-94.63933,39.04405],[-94.63879,39.04378],[-94.63812,39.04407],[-94.60738,39.04408],[-94.60732,39.06056],[-94.60717,39.0646],[-94.60733,39.0647],[-94.60733,39.08169],[-94.6088,39.08172],[-94.60977,39.08143],[-94.61639,39.07762],[-94.61964,39.07595],[-94.62169,39.07504],[-94.62418,39.07421],[-94.62466,39.07527],[-94.63231,39.07372],[-94.63999,39.07354],[-94.64263,39.07372],[-94.64453,39.07413],[-94.64672,39.07495],[-94.64799,39.07587],[-94.64957,39.07761],[-94.65048,39.07288],[-94.64911,39.07286],[-94.64912,39.07154],[-94.65062,39.07154]],[[-94.61182,39.05371],[-94.61176,39.05738],[-94.60833,39.05734],[-94.60836,39.05672],[-94.60808,39.0563],[-94.60807,39.05546],[-94.60838,39.05488],[-94.60837,39.05438],[-94.61068,39.05431],[-94.61158,39.05398],[-94.61182,39.05371]]]}},{"type":"Feature","properties":{"ZIP":"66104"},"geometry":{"type":"Polygon","coordinates":[[[-94.745,39.16234],[-94.74467,39.16156],[-94.74443,39.16143],[-94.7445,39.16116],[-94.7442,39.1602],[-94.74389,39.15977],[-94.74403,39.15899],[-94.74428,39.15873],[-94.74388,39.1583],[-94.74376,39.15775],[-94.74346,39.15751],[-94.74381,39.15707],[-94.74388,39.15651],[-94.74417,39.15654],[-94.74421,39.1564],[-94.74376,39.15559],[-94.74325,39.15554],[-94.74334,39.15537],[-94.74308,39.15514],[-94.74309,39.15446],[-94.74249,39.15457],[-94.74229,39.15435],[-94.74208,39.15439],[-94.74187,39.15387],[-94.74062,39.15409],[-94.73949,39.15344],[-94.73911,39.15355],[-94.73881,39.15332],[-94.73892,39.15276],[-94.73847,39.15253],[-94.73866,39.15236],[-94.73825,39.15206],[-94.73844,39.15203],[-94.73847,39.15172],[-94.73819,39.15181],[-94.73794,39.15158],[-94.73825,39.15136],[-94.73802,39.15117],[-94.73806,39.15082],[-94.73844,39.15045],[-94.73388,39.15039],[-94.73397,39.14308],[-94.73483,39.14311],[-94.73481,39.14186],[-94.73626,39.14188],[-94.73625,39.13946],[-94.73401,39.13946],[-94.73398,39.1342],[-94.73697,39.13419],[-94.73655,39.13384],[-94.73709,39.13371],[-94.7367,39.133],[-94.73597,39.13247],[-94.73577,39.13213],[-94.73571,39.13173],[-94.73589,39.13157],[-94.73554,39.13118],[-94.73494,39.1311],[-94.73527,39.13092],[-94.73518,39.13062],[-94.73556,39.13044],[-94.73494,39.13005],[-94.73538,39.12983],[-94.73572,39.12985],[-94.73541,39.12953],[-94.73541,39.12929],[-94.73567,39.12907],[-94.73548,39.12851],[-94.68214,39.12853],[-94.68111,39.12782],[-94.6811,39.12802],[-94.67953,39.12801],[-94.67955,39.1285],[-94.66695,39.12837],[-94.66692,39.12498],[-94.66872,39.12498],[-94.66872,39.12445],[-94.66692,39.12438],[-94.66693,39.12405],[-94.65546,39.12406],[-94.65547,39.1236],[-94.65389,39.12362],[-94.65394,39.12243],[-94.65196,39.12236],[-94.65139,39.12236],[-94.65138,39.12276],[-94.64957,39.12277],[-94.64957,39.12319],[-94.6408,39.12319],[-94.64068,39.12329],[-94.64067,39.12403],[-94.63812,39.12403],[-94.63811,39.12331],[-94.63235,39.12331],[-94.63236,39.12403],[-94.63194,39.12532],[-94.63242,39.12682],[-94.63216,39.12703],[-94.6344,39.12866],[-94.63518,39.12903],[-94.63501,39.13475],[-94.63249,39.13416],[-94.63232,39.13928],[-94.63491,39.13928],[-94.63484,39.1421],[-94.6324,39.1441],[-94.63084,39.14478],[-94.63643,39.14679],[-94.64581,39.15103],[-94.65153,39.15294],[-94.65078,39.15412],[-94.65579,39.15568],[-94.65921,39.15784],[-94.6614,39.16274],[-94.66032,39.16805],[-94.65931,39.17006],[-94.65916,39.17412],[-94.66158,39.17736],[-94.66528,39.18038],[-94.66667,39.18116],[-94.66911,39.1822],[-94.6739,39.18355],[-94.67824,39.18417],[-94.68034,39.1843],[-94.68206,39.18422],[-94.68727,39.18367],[-94.68879,39.18323],[-94.69161,39.18196],[-94.69633,39.17896],[-94.70552,39.1738],[-94.70685,39.17374],[-94.71414,39.1704],[-94.72364,39.169],[-94.73574,39.16919],[-94.74078,39.16998],[-94.74186,39.17032],[-94.74266,39.16892],[-94.74255,39.16855],[-94.74291,39.16833],[-94.74282,39.16706],[-94.7423,39.16627],[-94.74382,39.16477],[-94.74382,39.16334],[-94.74438,39.16307],[-94.745,39.16234]]]}},{"type":"Feature","properties":{"ZIP":"66105"},"geometry":{"type":"Polygon","coordinates":[[[-94.67986,39.09997],[-94.67991,39.09971],[-94.6797,39.09976],[-94.67112,39.09474],[-94.65963,39.0874],[-94.65694,39.08617],[-94.65413,39.08445],[-94.65295,39.08303],[-94.6497,39.07776],[-94.64799,39.07587],[-94.64672,39.07495],[-94.64453,39.07413],[-94.64263,39.07372],[-94.63999,39.07354],[-94.63231,39.07372],[-94.62466,39.07527],[-94.62489,39.0758],[-94.62174,39.0771],[-94.62056,39.07773],[-94.62062,39.07787],[-94.62041,39.07777],[-94.61626,39.08054],[-94.61356,39.08258],[-94.61211,39.0839],[-94.61123,39.08497],[-94.61036,39.08656],[-94.60968,39.08849],[-94.60937,39.09],[-94.60946,39.09145],[-94.61017,39.09325],[-94.61287,39.09759],[-94.62594,39.09221],[-94.62596,39.09279],[-94.62784,39.09192],[-94.62965,39.09159],[-94.63137,39.09151],[-94.63256,39.09162],[-94.6424,39.093],[-94.64621,39.09491],[-94.6494,39.09606],[-94.64938,39.09252],[-94.65722,39.09207],[-94.65804,39.09219],[-94.66203,39.09433],[-94.66459,39.09513],[-94.66766,39.09584],[-94.66974,39.09703],[-94.67945,39.10143],[-94.67986,39.09997]]]}},{"type":"Feature","properties":{"ZIP":"66106"},"geometry":{"type":"Polygon","coordinates":[[[-94.78978,39.04558],[-94.78961,39.0436],[-94.78826,39.04379],[-94.78574,39.04364],[-94.76134,39.04365],[-94.73329,39.04399],[-94.73297,39.04439],[-94.73345,39.04486],[-94.73362,39.04527],[-94.73347,39.04548],[-94.73304,39.0456],[-94.73035,39.0448],[-94.729,39.04468],[-94.72854,39.04452],[-94.72849,39.04399],[-94.64388,39.04404],[-94.64526,39.04579],[-94.64623,39.04742],[-94.64692,39.04908],[-94.64747,39.05146],[-94.64756,39.05386],[-94.64671,39.05994],[-94.6467,39.06121],[-94.64692,39.06235],[-94.64679,39.06235],[-94.64738,39.06372],[-94.64948,39.06675],[-94.64997,39.06775],[-94.65042,39.06929],[-94.65057,39.07067],[-94.65062,39.07154],[-94.64912,39.07154],[-94.64911,39.07286],[-94.65048,39.07288],[-94.64957,39.07761],[-94.65295,39.08303],[-94.65413,39.08445],[-94.65694,39.08617],[-94.65963,39.0874],[-94.67112,39.09474],[-94.6797,39.09976],[-94.67995,39.0997],[-94.68294,39.1011],[-94.68894,39.1027],[-94.6992,39.10361],[-94.70236,39.10253],[-94.7042,39.10141],[-94.70642,39.09901],[-94.7079,39.09689],[-94.71004,39.0933],[-94.7116,39.09161],[-94.71571,39.08827],[-94.718,39.08539],[-94.71853,39.0845],[-94.72201,39.08189],[-94.7267,39.0791],[-94.72801,39.07918],[-94.73265,39.07888],[-94.73577,39.07843],[-94.74193,39.07741],[-94.74729,39.07632],[-94.74943,39.07556],[-94.75478,39.07254],[-94.75874,39.0694],[-94.76174,39.0661],[-94.76534,39.0625],[-94.76719,39.06033],[-94.76955,39.05684],[-94.77704,39.0518],[-94.78482,39.0473],[-94.78837,39.04586],[-94.78978,39.04558]]]}},{"type":"Feature","properties":{"ZIP":"66109"},"geometry":{"type":"Polygon","coordinates":[[[-94.90836,39.12527],[-94.90839,39.12232],[-94.90124,39.12238],[-94.90075,39.1214],[-94.89879,39.11926],[-94.89517,39.11609],[-94.89492,39.11612],[-94.89468,39.11591],[-94.85651,39.11604],[-94.85192,39.11625],[-94.84891,39.11704],[-94.84804,39.11741],[-94.84643,39.11844],[-94.84322,39.12126],[-94.84202,39.12197],[-94.83989,39.12282],[-94.83801,39.12319],[-94.83514,39.12328],[-94.83514,39.12862],[-94.81631,39.12862],[-94.81367,39.12322],[-94.81274,39.12334],[-94.81178,39.1231],[-94.81143,39.12383],[-94.8113,39.12643],[-94.81047,39.12646],[-94.80931,39.1268],[-94.80813,39.12663],[-94.80823,39.12859],[-94.77977,39.12859],[-94.77976,39.12901],[-94.77905,39.129],[-94.77889,39.12946],[-94.77842,39.12976],[-94.77703,39.12966],[-94.77704,39.1294],[-94.77648,39.1294],[-94.77646,39.12899],[-94.77572,39.12896],[-94.77572,39.12864],[-94.75243,39.12853],[-94.75243,39.12906],[-94.75025,39.12906],[-94.7503,39.12854],[-94.74979,39.12854],[-94.74978,39.12901],[-94.74614,39.12911],[-94.7456,39.12905],[-94.7456,39.12854],[-94.73548,39.12851],[-94.73567,39.12907],[-94.73541,39.12929],[-94.73541,39.12953],[-94.73572,39.12985],[-94.73538,39.12983],[-94.73494,39.13005],[-94.73556,39.13044],[-94.73518,39.13062],[-94.73527,39.13092],[-94.73494,39.1311],[-94.73554,39.13118],[-94.73589,39.13157],[-94.73571,39.13173],[-94.73577,39.13213],[-94.73597,39.13247],[-94.7367,39.133],[-94.73709,39.13371],[-94.73655,39.13384],[-94.73697,39.13419],[-94.73398,39.1342],[-94.73401,39.13946],[-94.73625,39.13946],[-94.73626,39.14188],[-94.73481,39.14186],[-94.73483,39.14311],[-94.73397,39.14308],[-94.73388,39.15039],[-94.73844,39.15045],[-94.73806,39.15082],[-94.73802,39.15117],[-94.73825,39.15136],[-94.73794,39.15158],[-94.73819,39.15181],[-94.73847,39.15172],[-94.73844,39.15203],[-94.73825,39.15206],[-94.73866,39.15236],[-94.73847,39.15253],[-94.73892,39.15276],[-94.73881,39.15332],[-94.73911,39.15355],[-94.73949,39.15344],[-94.74062,39.15409],[-94.74187,39.15387],[-94.74208,39.15439],[-94.74229,39.15435],[-94.74249,39.15457],[-94.74309,39.15446],[-94.74308,39.15514],[-94.74334,39.15537],[-94.74325,39.15554],[-94.74376,39.15559],[-94.74421,39.1564],[-94.74417,39.15654],[-94.74388,39.15651],[-94.74381,39.15707],[-94.74346,39.15751],[-94.74376,39.15775],[-94.74388,39.1583],[-94.74428,39.15873],[-94.74403,39.15899],[-94.74389,39.15977],[-94.7442,39.1602],[-94.7445,39.16116],[-94.74443,39.16143],[-94.74467,39.16156],[-94.745,39.16234],[-94.74438,39.16307],[-94.74382,39.16334],[-94.74382,39.16477],[-94.7423,39.16627],[-94.74282,39.16706],[-94.74291,39.16833],[-94.74255,39.16855],[-94.74266,39.16892],[-94.74186,39.17032],[-94.75229,39.17325],[-94.76286,39.17999],[-94.76709,39.18484],[-94.77025,39.18982],[-94.7712,39.19162],[-94.77355,39.19719],[-94.77473,39.19891],[-94.77553,39.2006],[-94.7764,39.20181],[-94.77784,39.20352],[-94.78225,39.20679],[-94.78295,39.20716],[-94.78487,39.20767],[-94.78736,39.20786],[-94.79178,39.20751],[-94.79373,39.20702],[-94.79735,39.2065],[-94.8026,39.20614],[-94.80848,39.20648],[-94.81154,39.2069],[-94.81893,39.20851],[-94.82194,39.20967],[-94.82459,39.21122],[-94.83168,39.21594],[-94.83346,39.21788],[-94.83479,39.22103],[-94.8354,39.21912],[-94.83623,39.21902],[-94.83729,39.21863],[-94.83848,39.21855],[-94.8392,39.21829],[-94.83985,39.21784],[-94.8397,39.21743],[-94.83993,39.21701],[-94.84099,39.2168],[-94.84158,39.2161],[-94.84216,39.21579],[-94.8425,39.21577],[-94.84335,39.21627],[-94.84409,39.21634],[-94.84672,39.21626],[-94.84864,39.2158],[-94.85375,39.2159],[-94.85377,39.22326],[-94.85841,39.22325],[-94.85843,39.21956],[-94.85962,39.21952],[-94.85958,39.21666],[-94.86312,39.21663],[-94.8631,39.20226],[-94.90019,39.20291],[-94.9002,39.20198],[-94.90046,39.20199],[-94.90048,39.20181],[-94.90073,39.16451],[-94.90099,39.14737],[-94.90086,39.14226],[-94.9014,39.12868],[-94.90828,39.12865],[-94.90836,39.12527]]]}},{"type":"Feature","properties":{"ZIP":"66111"},"geometry":{"type":"Polygon","coordinates":[[[-94.87315,39.06108],[-94.87152,39.05938],[-94.86826,39.06011],[-94.86328,39.06083],[-94.85441,39.06135],[-94.84526,39.06134],[-94.84384,39.06121],[-94.83928,39.05994],[-94.83414,39.05781],[-94.82673,39.054],[-94.82049,39.05023],[-94.80702,39.04519],[-94.80333,39.04352],[-94.78961,39.0436],[-94.78978,39.04558],[-94.78837,39.04586],[-94.78482,39.0473],[-94.77704,39.0518],[-94.76955,39.05684],[-94.76719,39.06033],[-94.76534,39.0625],[-94.76174,39.0661],[-94.75874,39.0694],[-94.75478,39.07254],[-94.74943,39.07556],[-94.74729,39.07632],[-94.74193,39.07741],[-94.73422,39.07867],[-94.72801,39.07918],[-94.7267,39.0791],[-94.72201,39.08189],[-94.71853,39.0845],[-94.718,39.08539],[-94.71571,39.08827],[-94.7116,39.09161],[-94.71004,39.0933],[-94.71335,39.09501],[-94.71611,39.09614],[-94.72434,39.09879],[-94.73366,39.10017],[-94.7355,39.10091],[-94.73687,39.10186],[-94.73813,39.1014],[-94.73907,39.10158],[-94.73964,39.10204],[-94.74077,39.10228],[-94.76879,39.1018],[-94.79771,39.10184],[-94.79772,39.12859],[-94.80823,39.12859],[-94.80813,39.12663],[-94.80931,39.1268],[-94.81047,39.12646],[-94.8113,39.12643],[-94.81143,39.12383],[-94.81178,39.1231],[-94.81274,39.12334],[-94.81367,39.12322],[-94.81631,39.12862],[-94.83514,39.12862],[-94.83514,39.12328],[-94.83801,39.12319],[-94.84067,39.12256],[-94.84322,39.12126],[-94.84462,39.12006],[-94.8432,39.11914],[-94.84388,39.11829],[-94.84407,39.1177],[-94.84397,39.11057],[-94.84372,39.10911],[-94.83776,39.10974],[-94.83651,39.10955],[-94.83559,39.10897],[-94.83515,39.10838],[-94.83507,39.10594],[-94.84608,39.10547],[-94.85065,39.10479],[-94.85362,39.10413],[-94.85361,39.09882],[-94.85135,39.09765],[-94.85115,39.09695],[-94.84974,39.09594],[-94.84973,39.0952],[-94.84954,39.09463],[-94.84997,39.09452],[-94.84998,39.09424],[-94.84937,39.09428],[-94.84903,39.0941],[-94.84906,39.09298],[-94.84934,39.09259],[-94.84929,39.0922],[-94.84845,39.09146],[-94.84797,39.09141],[-94.84799,39.09109],[-94.84767,39.09092],[-94.84784,39.09069],[-94.84791,39.08995],[-94.84756,39.08932],[-94.84739,39.0882],[-94.84751,39.0879],[-94.84713,39.08696],[-94.84642,39.0866],[-94.84622,39.0867],[-94.84603,39.08695],[-94.84613,39.08765],[-94.84597,39.08807],[-94.84429,39.0889],[-94.84429,39.07986],[-94.83495,39.07986],[-94.83496,39.06537],[-94.83726,39.06538],[-94.83724,39.06381],[-94.83865,39.06382],[-94.83893,39.06384],[-94.83894,39.06538],[-94.84433,39.06539],[-94.84433,39.0657],[-94.84613,39.06585],[-94.84612,39.06554],[-94.84649,39.06546],[-94.84663,39.06577],[-94.84759,39.06562],[-94.84878,39.06576],[-94.84903,39.06566],[-94.84958,39.06591],[-94.85191,39.06598],[-94.85218,39.06569],[-94.85276,39.06576],[-94.85289,39.06548],[-94.85345,39.06536],[-94.8551,39.06541],[-94.85543,39.06556],[-94.85576,39.06543],[-94.85599,39.06577],[-94.85617,39.06556],[-94.85639,39.06566],[-94.85674,39.06546],[-94.85684,39.06574],[-94.85702,39.06578],[-94.86021,39.06553],[-94.8609,39.06564],[-94.8619,39.06531],[-94.86194,39.06419],[-94.86411,39.06416],[-94.86631,39.06373],[-94.87315,39.06108]]]}},{"type":"Feature","properties":{"ZIP":"66112"},"geometry":{"type":"Polygon","coordinates":[[[-94.7978,39.12543],[-94.79771,39.10184],[-94.76879,39.1018],[-94.74077,39.10228],[-94.73964,39.10204],[-94.73907,39.10158],[-94.73813,39.1014],[-94.73687,39.10186],[-94.7379,39.1029],[-94.73845,39.10378],[-94.74214,39.11444],[-94.74465,39.12002],[-94.74512,39.12191],[-94.74563,39.12547],[-94.7456,39.12905],[-94.74978,39.12901],[-94.74979,39.12854],[-94.7503,39.12854],[-94.75025,39.12906],[-94.75243,39.12906],[-94.75243,39.12853],[-94.77572,39.12864],[-94.77572,39.12896],[-94.77646,39.12899],[-94.77648,39.1294],[-94.77704,39.1294],[-94.77703,39.12966],[-94.77842,39.12976],[-94.77889,39.12946],[-94.77905,39.129],[-94.77976,39.12901],[-94.77977,39.12859],[-94.79772,39.12859],[-94.7978,39.12543]]]}},{"type":"Feature","properties":{"ZIP":"66115"},"geometry":{"type":"Polygon","coordinates":[[[-94.65153,39.15294],[-94.64581,39.15103],[-94.63643,39.14679],[-94.62487,39.14253],[-94.62227,39.14119],[-94.61888,39.13878],[-94.61653,39.13674],[-94.61529,39.13523],[-94.6141,39.13333],[-94.61252,39.13034],[-94.61225,39.12891],[-94.61245,39.12755],[-94.61338,39.12508],[-94.6138,39.12304],[-94.61463,39.12132],[-94.61498,39.12088],[-94.61521,39.12013],[-94.61522,39.11717],[-94.61472,39.11576],[-94.61578,39.11401],[-94.61587,39.11391],[-94.61634,39.11399],[-94.61518,39.11331],[-94.61422,39.11411],[-94.61049,39.11538],[-94.60736,39.11344],[-94.60852,39.11624],[-94.60826,39.1183],[-94.60743,39.12025],[-94.6045,39.12388],[-94.59108,39.13684],[-94.5899,39.13898],[-94.5894,39.14054],[-94.58872,39.14502],[-94.58841,39.14987],[-94.58866,39.15116],[-94.59066,39.15477],[-94.59385,39.15683],[-94.60173,39.1596],[-94.60646,39.16082],[-94.60866,39.16104],[-94.61107,39.16088],[-94.61548,39.16014],[-94.62393,39.15661],[-94.63555,39.15408],[-94.63978,39.1537],[-94.65078,39.15412],[-94.65153,39.15294]]]}},{"type":"Feature","properties":{"ZIP":"66118"},"geometry":{"type":"Polygon","coordinates":[[[-94.62477,39.0758],[-94.62489,39.0758],[-94.62418,39.07421],[-94.62313,39.07452],[-94.62033,39.07562],[-94.61639,39.07762],[-94.60977,39.08143],[-94.6088,39.08172],[-94.60733,39.08169],[-94.60713,39.10067],[-94.60736,39.11344],[-94.61049,39.11538],[-94.61422,39.11411],[-94.61518,39.11331],[-94.61634,39.11399],[-94.61957,39.10985],[-94.6208,39.108],[-94.62122,39.10697],[-94.62158,39.10117],[-94.62255,39.09915],[-94.62065,39.09943],[-94.62044,39.09717],[-94.61989,39.0958],[-94.61931,39.09497],[-94.61287,39.09759],[-94.61171,39.09556],[-94.6103,39.09351],[-94.60946,39.09145],[-94.60937,39.09],[-94.60987,39.08783],[-94.61075,39.08574],[-94.61123,39.08497],[-94.61211,39.0839],[-94.61356,39.08258],[-94.61626,39.08054],[-94.62041,39.07777],[-94.62062,39.07787],[-94.62056,39.07773],[-94.62111,39.07741],[-94.62477,39.0758]]]}},{"type":"Feature","properties":{"ZIP":"66160"},"geometry":{"type":"Polygon","coordinates":[[[-94.61181,39.05503],[-94.61182,39.05371],[-94.61158,39.05398],[-94.61068,39.05431],[-94.60837,39.05438],[-94.60838,39.05488],[-94.60807,39.05546],[-94.60808,39.0563],[-94.60836,39.05672],[-94.60833,39.05734],[-94.61176,39.05738],[-94.61181,39.05503]]]}},{"type":"Feature","properties":{"ZIP":"66202"},"geometry":{"type":"Polygon","coordinates":[[[-94.69387,39.00887],[-94.69401,39.00762],[-94.69055,39.00765],[-94.69049,39.00596],[-94.69024,39.00581],[-94.68935,39.00575],[-94.68845,39.00586],[-94.68827,39.00601],[-94.68827,39.00767],[-94.67367,39.00779],[-94.65064,39.00763],[-94.65064,39.00717],[-94.64906,39.00716],[-94.64907,39.00812],[-94.64851,39.00813],[-94.64849,39.00865],[-94.64789,39.00861],[-94.64791,39.00948],[-94.64557,39.00949],[-94.64557,39.01131],[-94.64907,39.01128],[-94.64904,39.02583],[-94.64848,39.02583],[-94.64847,39.02742],[-94.64829,39.02781],[-94.64867,39.02863],[-94.64844,39.02885],[-94.64901,39.02937],[-94.64902,39.02955],[-94.64902,39.02995],[-94.64846,39.02992],[-94.64849,39.03274],[-94.64904,39.03275],[-94.64914,39.04403],[-94.65885,39.04404],[-94.66547,39.04237],[-94.67,39.04199],[-94.67161,39.04171],[-94.67577,39.04057],[-94.67831,39.03966],[-94.68064,39.03853],[-94.68494,39.03582],[-94.68601,39.03475],[-94.68895,39.03121],[-94.68962,39.02997],[-94.69089,39.02652],[-94.69309,39.0175],[-94.69387,39.00887]]]}},{"type":"Feature","properties":{"ZIP":"66203"},"geometry":{"type":"Polygon","coordinates":[[[-94.72395,39.02925],[-94.72394,39.02852],[-94.72279,39.02853],[-94.72277,39.02817],[-94.72229,39.02818],[-94.72229,39.02744],[-94.72278,39.02743],[-94.72274,39.02516],[-94.72392,39.02515],[-94.72386,39.01475],[-94.71823,39.0148],[-94.71814,39.0127],[-94.71855,39.01214],[-94.71856,39.01105],[-94.72384,39.01102],[-94.72375,38.99769],[-94.72026,38.99772],[-94.72025,38.99505],[-94.71869,38.99506],[-94.71869,38.99439],[-94.71951,38.99439],[-94.71952,38.99413],[-94.71981,38.99412],[-94.71966,38.99305],[-94.71868,38.99305],[-94.71868,38.99287],[-94.7051,38.99296],[-94.7051,38.99393],[-94.70185,38.99398],[-94.70158,38.99353],[-94.70159,38.99299],[-94.6981,38.99301],[-94.69626,38.9953],[-94.69565,38.99647],[-94.69516,38.99799],[-94.69387,39.00887],[-94.69293,39.0184],[-94.69089,39.02652],[-94.68962,39.02997],[-94.68868,39.03158],[-94.68563,39.03519],[-94.68456,39.03612],[-94.68064,39.03853],[-94.67769,39.03992],[-94.67161,39.04171],[-94.67,39.04199],[-94.66547,39.04237],[-94.65885,39.04404],[-94.72389,39.044],[-94.72389,39.03616],[-94.72336,39.03616],[-94.72338,39.03374],[-94.72391,39.03374],[-94.72395,39.02925]]]}},{"type":"Feature","properties":{"ZIP":"66204"},"geometry":{"type":"Polygon","coordinates":[[[-94.7051,38.9935],[-94.70502,38.97937],[-94.70375,38.9793],[-94.70375,38.97839],[-94.70038,38.97839],[-94.70029,38.97763],[-94.69895,38.97746],[-94.69811,38.97772],[-94.69745,38.97873],[-94.69632,38.97849],[-94.69514,38.97846],[-94.69514,38.97759],[-94.69231,38.97819],[-94.6924,38.9785],[-94.68636,38.97852],[-94.68635,38.97814],[-94.68471,38.9781],[-94.68224,38.97813],[-94.68224,38.97852],[-94.67949,38.97852],[-94.67937,38.97851],[-94.67935,38.97791],[-94.67825,38.97873],[-94.67731,38.97786],[-94.67702,38.97804],[-94.67692,38.97901],[-94.67609,38.97865],[-94.67525,38.97851],[-94.65946,38.97856],[-94.65948,38.97808],[-94.65889,38.97807],[-94.65889,38.97825],[-94.6583,38.97824],[-94.65838,38.98938],[-94.65927,38.98947],[-94.65929,38.99097],[-94.65837,38.99141],[-94.65837,38.99311],[-94.65019,38.9931],[-94.65022,38.99673],[-94.64906,38.99673],[-94.64907,39.00035],[-94.65141,39.00035],[-94.65139,39.00217],[-94.65217,39.00216],[-94.65218,39.00307],[-94.65204,39.00308],[-94.65203,39.0035],[-94.6514,39.00349],[-94.65139,39.00462],[-94.65026,39.00462],[-94.65026,39.00717],[-94.65064,39.00717],[-94.65064,39.00763],[-94.67367,39.00779],[-94.68827,39.00767],[-94.6883,39.00594],[-94.6897,39.00575],[-94.69049,39.00596],[-94.69055,39.00765],[-94.69401,39.00762],[-94.69516,38.99799],[-94.6959,38.99595],[-94.69713,38.99408],[-94.6981,38.99301],[-94.70159,38.99299],[-94.70158,38.99353],[-94.70185,38.99398],[-94.7051,38.99393],[-94.7051,38.9935]]]}},{"type":"Feature","properties":{"ZIP":"66205"},"geometry":{"type":"Polygon","coordinates":[[[-94.64913,39.04169],[-94.64904,39.03275],[-94.64849,39.03274],[-94.64846,39.02992],[-94.64902,39.02995],[-94.64902,39.02955],[-94.64901,39.02937],[-94.64844,39.02885],[-94.64867,39.02863],[-94.64829,39.02781],[-94.64847,39.02742],[-94.64848,39.02583],[-94.64904,39.02583],[-94.649,39.01489],[-94.6421,39.01497],[-94.64212,39.01544],[-94.6312,39.01562],[-94.63041,39.01563],[-94.63043,39.01509],[-94.62526,39.0151],[-94.62473,39.01797],[-94.62436,39.01818],[-94.6233,39.01829],[-94.62274,39.01858],[-94.62249,39.01894],[-94.62239,39.01956],[-94.62311,39.01955],[-94.62317,39.02095],[-94.62295,39.02196],[-94.62224,39.02197],[-94.62125,39.02355],[-94.62103,39.02422],[-94.62149,39.02481],[-94.62291,39.02521],[-94.62371,39.02768],[-94.62333,39.02795],[-94.62034,39.0263],[-94.61736,39.02569],[-94.61671,39.0252],[-94.61642,39.02454],[-94.61621,39.02453],[-94.61583,39.02476],[-94.61575,39.02525],[-94.61555,39.02547],[-94.61364,39.02627],[-94.61242,39.02632],[-94.61127,39.02762],[-94.61012,39.02807],[-94.60983,39.02855],[-94.61026,39.02921],[-94.61033,39.02964],[-94.61008,39.03021],[-94.61012,39.03071],[-94.6088,39.03164],[-94.60875,39.03285],[-94.60854,39.03336],[-94.60753,39.03335],[-94.60738,39.04408],[-94.63812,39.04407],[-94.63879,39.04378],[-94.63933,39.04405],[-94.64914,39.04403],[-94.64913,39.04169]]]}},{"type":"Feature","properties":{"ZIP":"66206"},"geometry":{"type":"Polygon","coordinates":[[[-94.63361,38.97551],[-94.63229,38.97446],[-94.63028,38.97441],[-94.63027,38.97319],[-94.63141,38.97319],[-94.63144,38.97156],[-94.63026,38.97141],[-94.63041,38.95683],[-94.63276,38.95684],[-94.633,38.95522],[-94.6322,38.9551],[-94.63039,38.95536],[-94.6302,38.94254],[-94.63023,38.9328],[-94.62387,38.93277],[-94.62022,38.93317],[-94.61759,38.9338],[-94.60798,38.93685],[-94.60815,38.94302],[-94.6081,38.9637],[-94.60821,38.9731],[-94.60846,38.9793],[-94.60811,38.98563],[-94.61065,38.98485],[-94.61089,38.98528],[-94.61246,38.98476],[-94.61331,38.98471],[-94.61338,38.98416],[-94.61887,38.98416],[-94.62107,38.98399],[-94.62106,38.98234],[-94.6257,38.98234],[-94.62568,38.9787],[-94.63032,38.9787],[-94.63032,38.97773],[-94.63199,38.97782],[-94.63199,38.97707],[-94.63032,38.97707],[-94.63031,38.97541],[-94.63115,38.9755],[-94.63279,38.97626],[-94.63361,38.97551]]]}},{"type":"Feature","properties":{"ZIP":"66207"},"geometry":{"type":"Polygon","coordinates":[[[-94.65992,38.95519],[-94.6599,38.95303],[-94.65892,38.95304],[-94.65869,38.9514],[-94.65819,38.94981],[-94.65768,38.94994],[-94.65713,38.9485],[-94.65696,38.94746],[-94.657,38.94646],[-94.65791,38.94246],[-94.65824,38.93478],[-94.65577,38.93478],[-94.65578,38.93319],[-94.65538,38.93272],[-94.65521,38.93219],[-94.65542,38.93115],[-94.65349,38.93134],[-94.6535,38.93479],[-94.64454,38.93485],[-94.64385,38.93525],[-94.64304,38.93605],[-94.64245,38.93626],[-94.63964,38.93629],[-94.63961,38.93249],[-94.63432,38.93284],[-94.63023,38.9328],[-94.6302,38.94254],[-94.63039,38.95536],[-94.6322,38.9551],[-94.633,38.95522],[-94.63276,38.95684],[-94.63041,38.95683],[-94.63026,38.97141],[-94.63144,38.97156],[-94.63141,38.97319],[-94.63027,38.97319],[-94.63028,38.97441],[-94.63229,38.97446],[-94.63361,38.97551],[-94.63279,38.97626],[-94.63115,38.9755],[-94.63031,38.97541],[-94.63032,38.97707],[-94.63277,38.97707],[-94.63309,38.97724],[-94.63434,38.97729],[-94.63434,38.97868],[-94.6583,38.97857],[-94.6583,38.97824],[-94.65889,38.97825],[-94.65904,38.97229],[-94.65831,38.97228],[-94.65832,38.96404],[-94.65935,38.96403],[-94.6594,38.96361],[-94.65918,38.96302],[-94.65833,38.96299],[-94.65834,38.95675],[-94.65889,38.95674],[-94.6589,38.95519],[-94.65992,38.95519]]]}},{"type":"Feature","properties":{"ZIP":"66208"},"geometry":{"type":"Polygon","coordinates":[[[-94.65929,38.99097],[-94.65927,38.98947],[-94.65838,38.98938],[-94.6583,38.97857],[-94.63434,38.97868],[-94.63434,38.97729],[-94.63199,38.97707],[-94.63199,38.97782],[-94.63032,38.97773],[-94.63032,38.9787],[-94.62568,38.9787],[-94.6257,38.98234],[-94.62106,38.98234],[-94.62107,38.98399],[-94.61887,38.98416],[-94.61338,38.98416],[-94.61331,38.98471],[-94.61246,38.98476],[-94.61089,38.98528],[-94.61065,38.98485],[-94.60811,38.98563],[-94.60753,39.03335],[-94.60854,39.03336],[-94.60875,39.03285],[-94.6088,39.03164],[-94.61012,39.03071],[-94.61008,39.03021],[-94.61033,39.02964],[-94.61026,39.02921],[-94.60983,39.02855],[-94.61012,39.02807],[-94.61127,39.02762],[-94.61242,39.02632],[-94.61364,39.02627],[-94.61555,39.02547],[-94.61575,39.02525],[-94.61583,39.02476],[-94.61621,39.02453],[-94.61642,39.02454],[-94.61671,39.0252],[-94.61736,39.02569],[-94.62034,39.0263],[-94.62333,39.02795],[-94.62371,39.02768],[-94.62291,39.02521],[-94.62149,39.02481],[-94.62103,39.02422],[-94.62125,39.02355],[-94.62224,39.02197],[-94.62295,39.02196],[-94.62317,39.02095],[-94.62311,39.01955],[-94.62239,39.01956],[-94.62249,39.01894],[-94.62274,39.01858],[-94.6233,39.01829],[-94.62436,39.01818],[-94.62473,39.01797],[-94.62526,39.0151],[-94.63043,39.01509],[-94.63041,39.01563],[-94.6312,39.01562],[-94.64212,39.01544],[-94.6421,39.01497],[-94.649,39.01489],[-94.64907,39.01128],[-94.64557,39.01131],[-94.64557,39.00949],[-94.64791,39.00948],[-94.64789,39.00861],[-94.64849,39.00865],[-94.64851,39.00813],[-94.64907,39.00812],[-94.64906,39.00716],[-94.65026,39.00717],[-94.65026,39.00462],[-94.65139,39.00462],[-94.6514,39.00349],[-94.65203,39.0035],[-94.65204,39.00308],[-94.65218,39.00307],[-94.65217,39.00216],[-94.65139,39.00217],[-94.65141,39.00035],[-94.64907,39.00035],[-94.64906,38.99673],[-94.65022,38.99673],[-94.65019,38.9931],[-94.65837,38.99311],[-94.65837,38.99141],[-94.65929,38.99097]]]}},{"type":"Feature","properties":{"ZIP":"66209"},"geometry":{"type":"Polygon","coordinates":[[[-94.66781,38.88876],[-94.6678,38.88664],[-94.66658,38.88663],[-94.66436,38.88622],[-94.66317,38.88622],[-94.66315,38.88374],[-94.64454,38.88374],[-94.64452,38.88592],[-94.63985,38.88594],[-94.63984,38.88373],[-94.62893,38.88377],[-94.62892,38.88468],[-94.62589,38.88465],[-94.62594,38.88377],[-94.60797,38.88382],[-94.60799,38.91292],[-94.63518,38.91291],[-94.63509,38.91372],[-94.63578,38.91388],[-94.63636,38.91425],[-94.63743,38.91422],[-94.63742,38.91349],[-94.63821,38.91352],[-94.6382,38.91378],[-94.63982,38.91379],[-94.63981,38.91471],[-94.64065,38.91472],[-94.64081,38.91496],[-94.64161,38.91471],[-94.64203,38.9147],[-94.64201,38.91496],[-94.64246,38.91498],[-94.64248,38.91475],[-94.6446,38.91482],[-94.6446,38.91529],[-94.64541,38.91532],[-94.64541,38.91494],[-94.64612,38.91493],[-94.6464,38.91507],[-94.64647,38.91494],[-94.64668,38.91503],[-94.64686,38.91478],[-94.64715,38.91492],[-94.64694,38.91521],[-94.64781,38.91521],[-94.64789,38.91418],[-94.64774,38.91378],[-94.64909,38.91406],[-94.64911,38.91293],[-94.66774,38.91286],[-94.66781,38.88876]]]}},{"type":"Feature","properties":{"ZIP":"66210"},"geometry":{"type":"Polygon","coordinates":[[[-94.74248,38.9151],[-94.74246,38.91297],[-94.74232,38.91285],[-94.72671,38.91285],[-94.7263,38.91419],[-94.72535,38.91416],[-94.72568,38.91391],[-94.72565,38.91355],[-94.72455,38.91353],[-94.72427,38.91329],[-94.72371,38.91327],[-94.72372,38.91286],[-94.7201,38.91284],[-94.71998,38.91356],[-94.71963,38.91405],[-94.71885,38.91437],[-94.71827,38.91437],[-94.7175,38.91436],[-94.71417,38.91378],[-94.71418,38.91282],[-94.66976,38.91292],[-94.66847,38.91517],[-94.66839,38.91433],[-94.66773,38.91352],[-94.66774,38.91286],[-94.66303,38.91284],[-94.66251,38.91488],[-94.66307,38.91611],[-94.66326,38.91728],[-94.66771,38.91777],[-94.66745,38.91947],[-94.66739,38.92223],[-94.66741,38.92518],[-94.66784,38.92897],[-94.66756,38.93424],[-94.6699,38.9342],[-94.67157,38.9334],[-94.67214,38.93341],[-94.67253,38.93362],[-94.67259,38.93289],[-94.67945,38.9341],[-94.68646,38.93428],[-94.69848,38.935],[-94.70859,38.93491],[-94.71273,38.93512],[-94.72185,38.93511],[-94.73895,38.93475],[-94.74191,38.93556],[-94.74191,38.93475],[-94.74217,38.93476],[-94.74212,38.92731],[-94.74248,38.9151]]]}},{"type":"Feature","properties":{"ZIP":"66211"},"geometry":{"type":"Polygon","coordinates":[[[-94.66783,38.92931],[-94.66738,38.92375],[-94.66745,38.91947],[-94.66771,38.91777],[-94.66342,38.91725],[-94.66265,38.9174],[-94.66124,38.91823],[-94.66017,38.92057],[-94.65894,38.92162],[-94.65819,38.92196],[-94.65677,38.92228],[-94.65548,38.92228],[-94.65427,38.922],[-94.65468,38.92143],[-94.65532,38.92105],[-94.65526,38.92023],[-94.65673,38.91828],[-94.65664,38.9177],[-94.65551,38.91595],[-94.65552,38.91391],[-94.65595,38.91362],[-94.65828,38.91361],[-94.65826,38.91297],[-94.64911,38.91293],[-94.64909,38.91406],[-94.64774,38.91378],[-94.64789,38.91418],[-94.64781,38.91521],[-94.64694,38.91521],[-94.64715,38.91492],[-94.64686,38.91478],[-94.64668,38.91503],[-94.64647,38.91494],[-94.6464,38.91507],[-94.64612,38.91493],[-94.64541,38.91494],[-94.64541,38.91532],[-94.6446,38.91529],[-94.6446,38.91482],[-94.64248,38.91475],[-94.64246,38.91498],[-94.64201,38.91496],[-94.64203,38.9147],[-94.64161,38.91471],[-94.64081,38.91496],[-94.64065,38.91472],[-94.63981,38.91471],[-94.63982,38.91379],[-94.6382,38.91378],[-94.63821,38.91352],[-94.63742,38.91349],[-94.63743,38.91422],[-94.63636,38.91425],[-94.63578,38.91388],[-94.63509,38.91372],[-94.63518,38.91291],[-94.60799,38.91292],[-94.60798,38.93685],[-94.61759,38.9338],[-94.6211,38.93303],[-94.62456,38.93275],[-94.63432,38.93284],[-94.63961,38.93249],[-94.63964,38.93629],[-94.64245,38.93626],[-94.64304,38.93605],[-94.64385,38.93525],[-94.64454,38.93485],[-94.6535,38.93479],[-94.65349,38.93134],[-94.65542,38.93115],[-94.65521,38.93219],[-94.65538,38.93272],[-94.65578,38.93319],[-94.65577,38.93478],[-94.66299,38.93477],[-94.66425,38.93425],[-94.66756,38.93424],[-94.66783,38.92931]]]}},{"type":"Feature","properties":{"ZIP":"66212"},"geometry":{"type":"Polygon","coordinates":[[[-94.70535,38.94595],[-94.70527,38.94376],[-94.7048,38.93992],[-94.70475,38.93495],[-94.69848,38.935],[-94.68646,38.93428],[-94.68014,38.93416],[-94.67767,38.93387],[-94.67259,38.93289],[-94.67253,38.93362],[-94.67214,38.93341],[-94.67157,38.9334],[-94.67038,38.93404],[-94.66971,38.93422],[-94.66438,38.93424],[-94.66299,38.93477],[-94.65824,38.93478],[-94.65791,38.94246],[-94.65695,38.94708],[-94.65708,38.94833],[-94.65768,38.94994],[-94.65819,38.94981],[-94.65869,38.9514],[-94.65892,38.95304],[-94.6599,38.95303],[-94.65992,38.95519],[-94.6589,38.95519],[-94.65889,38.95674],[-94.65834,38.95675],[-94.65833,38.96299],[-94.65918,38.96302],[-94.6594,38.96361],[-94.65935,38.96403],[-94.65832,38.96404],[-94.65831,38.97228],[-94.65904,38.97229],[-94.65889,38.97807],[-94.65948,38.97808],[-94.65946,38.97856],[-94.67525,38.97851],[-94.67609,38.97865],[-94.67692,38.97901],[-94.67702,38.97804],[-94.67731,38.97786],[-94.67825,38.97873],[-94.67935,38.97791],[-94.67937,38.97851],[-94.67949,38.97852],[-94.68224,38.97852],[-94.68224,38.97813],[-94.68471,38.9781],[-94.68635,38.97814],[-94.68636,38.97852],[-94.6924,38.9785],[-94.69231,38.97819],[-94.69514,38.97759],[-94.69514,38.97846],[-94.69632,38.97849],[-94.69745,38.97873],[-94.69811,38.97772],[-94.69895,38.97746],[-94.70029,38.97763],[-94.70038,38.97839],[-94.70502,38.97837],[-94.70499,38.96833],[-94.70473,38.96592],[-94.70498,38.96422],[-94.70496,38.95807],[-94.70444,38.95806],[-94.70435,38.95761],[-94.70444,38.95659],[-94.70496,38.95658],[-94.70489,38.9458],[-94.70535,38.94595]]]}},{"type":"Feature","properties":{"ZIP":"66213"},"geometry":{"type":"Polygon","coordinates":[[[-94.74242,38.91285],[-94.74236,38.88364],[-94.7283,38.88366],[-94.7283,38.88587],[-94.72631,38.88697],[-94.72557,38.88721],[-94.72439,38.88732],[-94.72187,38.88727],[-94.71941,38.88649],[-94.71762,38.88639],[-94.71656,38.88606],[-94.71567,38.88563],[-94.71636,38.88461],[-94.71637,38.88369],[-94.69594,38.88372],[-94.69594,38.88629],[-94.69357,38.88633],[-94.69174,38.88564],[-94.69053,38.88559],[-94.68939,38.8858],[-94.68767,38.88642],[-94.68469,38.88661],[-94.68269,38.88774],[-94.68199,38.88694],[-94.68185,38.88649],[-94.68185,38.88374],[-94.67154,38.88375],[-94.67154,38.88529],[-94.66999,38.88528],[-94.66992,38.8857],[-94.66945,38.88569],[-94.66946,38.88528],[-94.66889,38.8853],[-94.66907,38.8848],[-94.66992,38.88465],[-94.66992,38.88428],[-94.66848,38.88426],[-94.66845,38.88375],[-94.66779,38.88374],[-94.66772,38.91327],[-94.66778,38.91367],[-94.66839,38.91433],[-94.66847,38.91517],[-94.66976,38.91292],[-94.71418,38.91282],[-94.71417,38.91378],[-94.7175,38.91436],[-94.71827,38.91437],[-94.71885,38.91437],[-94.71963,38.91405],[-94.71998,38.91356],[-94.7201,38.91284],[-94.72372,38.91286],[-94.72371,38.91327],[-94.72427,38.91329],[-94.72455,38.91353],[-94.72565,38.91355],[-94.72568,38.91391],[-94.72535,38.91416],[-94.7263,38.91419],[-94.72671,38.91285],[-94.74242,38.91285]]]}},{"type":"Feature","properties":{"ZIP":"66214"},"geometry":{"type":"Polygon","coordinates":[[[-94.72372,38.99395],[-94.72369,38.98921],[-94.71905,38.98924],[-94.71904,38.98883],[-94.72141,38.98875],[-94.72264,38.98823],[-94.72235,38.98786],[-94.72234,38.98649],[-94.72251,38.98648],[-94.72252,38.9856],[-94.72367,38.9856],[-94.72366,38.98213],[-94.72128,38.98194],[-94.71793,38.9807],[-94.71888,38.97888],[-94.71889,38.97769],[-94.72142,38.97769],[-94.72257,38.97828],[-94.72364,38.97834],[-94.72365,38.9711],[-94.71904,38.97111],[-94.72364,38.96628],[-94.72361,38.96385],[-94.7213,38.96381],[-94.72129,38.96026],[-94.7236,38.96017],[-94.72353,38.93811],[-94.72365,38.93508],[-94.71273,38.93512],[-94.70859,38.93491],[-94.70475,38.93495],[-94.7048,38.93992],[-94.70527,38.94376],[-94.70535,38.94595],[-94.70489,38.9458],[-94.70496,38.95658],[-94.70444,38.95659],[-94.70435,38.95761],[-94.70444,38.95806],[-94.70496,38.95807],[-94.70498,38.96422],[-94.70473,38.96592],[-94.70499,38.96833],[-94.70502,38.97837],[-94.70375,38.97839],[-94.70375,38.9793],[-94.70502,38.97937],[-94.7051,38.99296],[-94.72026,38.99285],[-94.72026,38.99403],[-94.72113,38.99403],[-94.72113,38.99294],[-94.72226,38.99294],[-94.72224,38.99397],[-94.72372,38.99395]]]}},{"type":"Feature","properties":{"ZIP":"66215"},"geometry":{"type":"Polygon","coordinates":[[[-94.76487,38.92012],[-94.7516,38.92014],[-94.75158,38.92195],[-94.74916,38.92159],[-94.74935,38.92118],[-94.74851,38.92101],[-94.74765,38.92114],[-94.74638,38.9217],[-94.74477,38.92156],[-94.74488,38.92107],[-94.7441,38.92062],[-94.74227,38.92052],[-94.74212,38.92731],[-94.74217,38.93476],[-94.74191,38.93475],[-94.74191,38.93556],[-94.73895,38.93475],[-94.72365,38.93508],[-94.72353,38.93811],[-94.7236,38.96017],[-94.72129,38.96026],[-94.7213,38.96381],[-94.72361,38.96385],[-94.72364,38.96628],[-94.71904,38.97111],[-94.72365,38.9711],[-94.72364,38.97834],[-94.72257,38.97828],[-94.72142,38.97769],[-94.71889,38.97769],[-94.71888,38.97888],[-94.71793,38.9807],[-94.72128,38.98194],[-94.72366,38.98213],[-94.72367,38.9856],[-94.76109,38.98559],[-94.76089,38.9546],[-94.75914,38.95458],[-94.75913,38.95139],[-94.75854,38.9507],[-94.75853,38.94918],[-94.76086,38.94916],[-94.76082,38.93821],[-94.76023,38.93824],[-94.7602,38.9373],[-94.76023,38.93715],[-94.76082,38.93711],[-94.76081,38.92735],[-94.76072,38.92585],[-94.76026,38.9255],[-94.76487,38.92012]]]}},{"type":"Feature","properties":{"ZIP":"66216"},"geometry":{"type":"Polygon","coordinates":[[[-94.76133,39.02886],[-94.76117,39.00714],[-94.76033,39.00716],[-94.75978,39.00743],[-94.75794,39.00743],[-94.75794,39.00655],[-94.75702,39.00635],[-94.757,39.00369],[-94.75688,39.00342],[-94.756,39.00277],[-94.7554,39.00258],[-94.75444,39.0027],[-94.75409,39.00338],[-94.75344,39.00328],[-94.75463,39.00096],[-94.75558,39.00144],[-94.75709,39.00141],[-94.75772,39.0016],[-94.75855,39.00244],[-94.75876,39.00352],[-94.75912,39.00391],[-94.76117,39.00391],[-94.76109,38.98559],[-94.72252,38.9856],[-94.72251,38.98648],[-94.72234,38.98649],[-94.72235,38.98786],[-94.72264,38.98823],[-94.72141,38.98875],[-94.71904,38.98883],[-94.71905,38.98924],[-94.72369,38.98921],[-94.72372,38.99395],[-94.72224,38.99397],[-94.72226,38.99294],[-94.72113,38.99294],[-94.72113,38.99403],[-94.72026,38.99403],[-94.72026,38.99285],[-94.71868,38.99287],[-94.71868,38.99305],[-94.71966,38.99305],[-94.71965,38.99356],[-94.71981,38.99371],[-94.71981,38.99412],[-94.71952,38.99413],[-94.71951,38.99439],[-94.71869,38.99439],[-94.71869,38.99506],[-94.72025,38.99505],[-94.72026,38.99772],[-94.72375,38.99769],[-94.72384,39.01102],[-94.71856,39.01105],[-94.71855,39.01214],[-94.71814,39.0127],[-94.71823,39.0148],[-94.72386,39.01475],[-94.72392,39.02515],[-94.72274,39.02516],[-94.72278,39.02743],[-94.72229,39.02744],[-94.72229,39.02818],[-94.72277,39.02817],[-94.72279,39.02853],[-94.72394,39.02852],[-94.72391,39.03374],[-94.72338,39.03374],[-94.72336,39.03616],[-94.72389,39.03616],[-94.72389,39.044],[-94.72849,39.04399],[-94.72854,39.04452],[-94.729,39.04468],[-94.73035,39.0448],[-94.73304,39.0456],[-94.73347,39.04548],[-94.73362,39.04527],[-94.73345,39.04486],[-94.73297,39.04439],[-94.73329,39.04399],[-94.75875,39.04369],[-94.75875,39.04017],[-94.75901,39.04017],[-94.76026,39.03749],[-94.75949,39.03695],[-94.75836,39.03696],[-94.75784,39.03655],[-94.75184,39.0366],[-94.75189,39.03294],[-94.75655,39.03296],[-94.75662,39.02931],[-94.76124,39.02933],[-94.76133,39.02886]]]}},{"type":"Feature","properties":{"ZIP":"66217"},"geometry":{"type":"Polygon","coordinates":[[[-94.79755,38.99179],[-94.79752,38.98893],[-94.79608,38.9888],[-94.79501,38.98831],[-94.79413,38.98743],[-94.79381,38.98641],[-94.79393,38.98541],[-94.79474,38.98545],[-94.79531,38.98395],[-94.7956,38.98403],[-94.79611,38.98497],[-94.79677,38.98519],[-94.79725,38.98516],[-94.7973,38.97449],[-94.7936,38.97454],[-94.7936,38.97816],[-94.78433,38.97824],[-94.78431,38.98006],[-94.77976,38.98009],[-94.77973,38.98557],[-94.76109,38.98559],[-94.76117,39.00391],[-94.75912,39.00391],[-94.75876,39.00352],[-94.75855,39.00244],[-94.75772,39.0016],[-94.75709,39.00141],[-94.75558,39.00144],[-94.75463,39.00096],[-94.75344,39.00328],[-94.75409,39.00338],[-94.75444,39.0027],[-94.7554,39.00258],[-94.756,39.00277],[-94.75688,39.00342],[-94.757,39.00369],[-94.75702,39.00635],[-94.75794,39.00655],[-94.75794,39.00743],[-94.75978,39.00743],[-94.76033,39.00716],[-94.76117,39.00714],[-94.76124,39.02933],[-94.75662,39.02931],[-94.75655,39.03296],[-94.75189,39.03294],[-94.75184,39.0366],[-94.75784,39.03655],[-94.75836,39.03696],[-94.75949,39.03695],[-94.76026,39.03749],[-94.75901,39.04017],[-94.75875,39.04017],[-94.75875,39.04369],[-94.78574,39.04364],[-94.78826,39.04379],[-94.78959,39.04347],[-94.78875,39.03476],[-94.78744,39.0291],[-94.78863,39.0291],[-94.78864,39.02191],[-94.793,39.0219],[-94.79298,39.01826],[-94.78866,39.01826],[-94.78865,39.01473],[-94.79747,39.01477],[-94.79733,39.0104],[-94.79751,38.99991],[-94.79749,38.99925],[-94.79708,38.99864],[-94.79701,38.99824],[-94.79744,38.99582],[-94.79718,38.99469],[-94.7975,38.99411],[-94.79755,38.99179]]]}},{"type":"Feature","properties":{"ZIP":"66218"},"geometry":{"type":"Polygon","coordinates":[[[-94.8441,38.9855],[-94.84409,38.98162],[-94.82077,38.98157],[-94.82083,38.98527],[-94.80926,38.98532],[-94.81076,38.98154],[-94.81054,38.98111],[-94.80933,38.98014],[-94.80889,38.97818],[-94.80727,38.97524],[-94.8065,38.97492],[-94.80535,38.97496],[-94.80484,38.97517],[-94.80401,38.97589],[-94.80327,38.97612],[-94.80232,38.97592],[-94.80134,38.9749],[-94.79851,38.97486],[-94.7979,38.97502],[-94.79729,38.97542],[-94.79725,38.98516],[-94.79677,38.98519],[-94.79611,38.98497],[-94.7956,38.98403],[-94.79531,38.98395],[-94.79474,38.98545],[-94.79393,38.98541],[-94.79381,38.98641],[-94.79413,38.98743],[-94.79501,38.98831],[-94.79608,38.9888],[-94.79752,38.98893],[-94.7975,38.99411],[-94.79718,38.99469],[-94.79744,38.99582],[-94.79701,38.99824],[-94.79708,38.99864],[-94.79749,38.99925],[-94.79751,38.99991],[-94.79733,39.0104],[-94.79747,39.01477],[-94.78865,39.01473],[-94.78866,39.01826],[-94.79298,39.01826],[-94.793,39.0219],[-94.78864,39.02191],[-94.78863,39.0291],[-94.78744,39.0291],[-94.78848,39.03321],[-94.78894,39.03628],[-94.78959,39.04347],[-94.78918,39.04361],[-94.79153,39.04357],[-94.80729,39.03951],[-94.80889,39.04007],[-94.80883,39.04034],[-94.80896,39.04041],[-94.81754,39.04453],[-94.81902,39.04507],[-94.83373,39.04865],[-94.83358,39.04698],[-94.83401,39.04618],[-94.83476,39.04618],[-94.83473,39.04484],[-94.83435,39.04424],[-94.83426,39.04354],[-94.83476,39.04353],[-94.83475,39.029],[-94.83945,39.02899],[-94.83946,39.01868],[-94.83922,39.01641],[-94.83925,39.01349],[-94.83947,39.01201],[-94.83949,38.99929],[-94.83969,38.99908],[-94.84194,38.99908],[-94.84212,38.9945],[-94.84236,38.99437],[-94.84405,38.99437],[-94.8441,38.9855]]]}},{"type":"Feature","properties":{"ZIP":"66219"},"geometry":{"type":"Polygon","coordinates":[[[-94.80726,38.94188],[-94.80739,38.94166],[-94.79944,38.94141],[-94.79208,38.94137],[-94.78878,38.94149],[-94.78876,38.93822],[-94.78409,38.93826],[-94.7841,38.93462],[-94.79342,38.93454],[-94.79347,38.92727],[-94.78878,38.92731],[-94.78888,38.9164],[-94.781,38.91646],[-94.78101,38.91685],[-94.77955,38.91686],[-94.77955,38.91647],[-94.77025,38.91643],[-94.77026,38.91553],[-94.77056,38.91529],[-94.76981,38.9148],[-94.76797,38.91596],[-94.76414,38.92006],[-94.76492,38.92006],[-94.76026,38.9255],[-94.76072,38.92585],[-94.76081,38.92735],[-94.76082,38.93711],[-94.76023,38.93715],[-94.7602,38.9373],[-94.76023,38.93824],[-94.76082,38.93821],[-94.76086,38.94916],[-94.75853,38.94918],[-94.75854,38.9507],[-94.75913,38.95139],[-94.75914,38.95458],[-94.76089,38.9546],[-94.76109,38.98559],[-94.77973,38.98557],[-94.77976,38.98009],[-94.78431,38.98006],[-94.78433,38.97824],[-94.7936,38.97816],[-94.7936,38.97454],[-94.7973,38.97449],[-94.79738,38.95582],[-94.80106,38.95583],[-94.80027,38.95414],[-94.80004,38.9531],[-94.80004,38.95139],[-94.80044,38.94996],[-94.80123,38.94851],[-94.80176,38.94784],[-94.80626,38.94331],[-94.80726,38.94188]]]}},{"type":"Feature","properties":{"ZIP":"66220"},"geometry":{"type":"Polygon","coordinates":[[[-94.84458,38.96083],[-94.84407,38.9595],[-94.84397,38.94882],[-94.84266,38.94879],[-94.84258,38.94539],[-94.84233,38.94539],[-94.84227,38.94288],[-94.84344,38.94288],[-94.84343,38.94165],[-94.83455,38.94164],[-94.83457,38.94112],[-94.83226,38.94112],[-94.81614,38.94181],[-94.80739,38.94166],[-94.80626,38.94331],[-94.80176,38.94784],[-94.80123,38.94851],[-94.80044,38.94996],[-94.80004,38.95139],[-94.80004,38.9531],[-94.80027,38.95414],[-94.80106,38.95583],[-94.79738,38.95582],[-94.79729,38.97542],[-94.7979,38.97502],[-94.79851,38.97486],[-94.80134,38.9749],[-94.80232,38.97592],[-94.80327,38.97612],[-94.80401,38.97589],[-94.80484,38.97517],[-94.80535,38.97496],[-94.8065,38.97492],[-94.80727,38.97524],[-94.80889,38.97818],[-94.80933,38.98014],[-94.81054,38.98111],[-94.81076,38.98154],[-94.80926,38.98532],[-94.82083,38.98527],[-94.82077,38.98157],[-94.84409,38.98162],[-94.84411,38.97805],[-94.83648,38.97812],[-94.83648,38.97606],[-94.83714,38.97642],[-94.83738,38.97605],[-94.83827,38.97605],[-94.83826,38.97427],[-94.84123,38.97429],[-94.84123,38.97488],[-94.84417,38.9749],[-94.84439,38.97277],[-94.84435,38.9716],[-94.84409,38.97076],[-94.84405,38.96463],[-94.84369,38.96347],[-94.84222,38.96348],[-94.84225,38.96309],[-94.8436,38.96136],[-94.84378,38.96127],[-94.84417,38.9614],[-94.84458,38.96083]]]}},{"type":"Feature","properties":{"ZIP":"66221"},"geometry":{"type":"Polygon","coordinates":[[[-94.74252,38.82568],[-94.74237,38.81099],[-94.73771,38.81089],[-94.736,38.81062],[-94.73482,38.81014],[-94.73393,38.81083],[-94.73337,38.81098],[-94.71706,38.81096],[-94.717,38.80613],[-94.71681,38.80569],[-94.7156,38.8043],[-94.71547,38.80366],[-94.70503,38.80365],[-94.70508,38.81093],[-94.68653,38.81087],[-94.68641,38.81217],[-94.68744,38.81222],[-94.68763,38.81274],[-94.68855,38.81282],[-94.68957,38.81368],[-94.69008,38.81362],[-94.69024,38.81318],[-94.6906,38.81296],[-94.69199,38.81323],[-94.69225,38.8134],[-94.6923,38.81364],[-94.69211,38.81422],[-94.69222,38.81453],[-94.69293,38.81494],[-94.69425,38.81524],[-94.69624,38.81598],[-94.6982,38.81731],[-94.69864,38.8183],[-94.69901,38.81862],[-94.70076,38.81865],[-94.70107,38.81882],[-94.70149,38.81971],[-94.70208,38.82007],[-94.70269,38.8201],[-94.70364,38.81976],[-94.70467,38.81992],[-94.70487,38.82148],[-94.70521,38.82155],[-94.70522,38.82551],[-94.70518,38.84009],[-94.68633,38.84002],[-94.6865,38.8865],[-94.68767,38.88642],[-94.68939,38.8858],[-94.6908,38.88558],[-94.69174,38.88564],[-94.69357,38.88633],[-94.69594,38.88629],[-94.69594,38.88372],[-94.71637,38.88369],[-94.71636,38.88461],[-94.71567,38.88563],[-94.71656,38.88606],[-94.71762,38.88639],[-94.71941,38.88649],[-94.72187,38.88727],[-94.72486,38.88731],[-94.72631,38.88697],[-94.7283,38.88587],[-94.7283,38.88366],[-94.74236,38.88364],[-94.7423,38.86909],[-94.71906,38.86912],[-94.71906,38.86553],[-94.7144,38.86553],[-94.71438,38.86194],[-94.71907,38.86194],[-94.71907,38.85832],[-94.7144,38.85831],[-94.7144,38.85469],[-94.73304,38.85477],[-94.73308,38.84746],[-94.73633,38.84747],[-94.73635,38.84017],[-94.74243,38.84022],[-94.74252,38.82568]]]}},{"type":"Feature","properties":{"ZIP":"66223"},"geometry":{"type":"Polygon","coordinates":[[[-94.68653,38.87729],[-94.68635,38.83079],[-94.68314,38.83062],[-94.68235,38.83086],[-94.68277,38.83198],[-94.68283,38.833],[-94.68318,38.83405],[-94.68276,38.83557],[-94.68285,38.83887],[-94.6812,38.83901],[-94.67997,38.83871],[-94.67942,38.83947],[-94.67936,38.83984],[-94.66771,38.84007],[-94.64919,38.84011],[-94.64922,38.88373],[-94.66315,38.88374],[-94.66317,38.88622],[-94.66436,38.88622],[-94.66658,38.88663],[-94.6678,38.88664],[-94.66779,38.88374],[-94.66845,38.88375],[-94.66848,38.88426],[-94.66992,38.88428],[-94.66992,38.88465],[-94.66907,38.8848],[-94.66889,38.8853],[-94.66946,38.88528],[-94.66945,38.88569],[-94.66992,38.8857],[-94.66999,38.88528],[-94.67154,38.88529],[-94.67154,38.88375],[-94.68185,38.88374],[-94.68185,38.88649],[-94.68199,38.88694],[-94.68269,38.88774],[-94.68469,38.88661],[-94.6865,38.8865],[-94.68653,38.87729]]]}},{"type":"Feature","properties":{"ZIP":"66224"},"geometry":{"type":"Polygon","coordinates":[[[-94.64924,38.86918],[-94.64919,38.84011],[-94.61663,38.84025],[-94.61441,38.84122],[-94.61394,38.84172],[-94.61345,38.84272],[-94.61228,38.84218],[-94.61196,38.84184],[-94.61189,38.83891],[-94.6105,38.83873],[-94.60944,38.83906],[-94.60909,38.83874],[-94.60904,38.83808],[-94.60784,38.83807],[-94.60803,38.84721],[-94.60797,38.88382],[-94.62594,38.88377],[-94.62589,38.88465],[-94.62892,38.88468],[-94.62893,38.88377],[-94.63984,38.88373],[-94.63985,38.88594],[-94.64452,38.88592],[-94.64454,38.88374],[-94.64922,38.88373],[-94.64924,38.86918]]]}},{"type":"Feature","properties":{"ZIP":"66226"},"geometry":{"type":"Polygon","coordinates":[[[-94.9089,38.98976],[-94.90889,38.9892],[-94.90461,38.99344],[-94.89952,38.99943],[-94.8957,39.00363],[-94.89122,39.00355],[-94.89105,38.99986],[-94.8825,38.99999],[-94.88189,39.00027],[-94.88189,38.99997],[-94.85321,38.99988],[-94.85329,39.00149],[-94.85417,39.00714],[-94.84528,39.00733],[-94.84529,39.00615],[-94.84916,39.00609],[-94.85073,39.00545],[-94.85128,39.00495],[-94.85143,39.00442],[-94.85093,39.00334],[-94.85087,39.00166],[-94.84997,39.00044],[-94.84985,38.99992],[-94.84434,38.99991],[-94.84437,38.99911],[-94.83959,38.99912],[-94.83945,38.99987],[-94.83947,39.01201],[-94.83925,39.01349],[-94.83922,39.01641],[-94.83946,39.01868],[-94.83945,39.02899],[-94.83475,39.029],[-94.83476,39.04353],[-94.83426,39.04354],[-94.83435,39.04424],[-94.83473,39.04484],[-94.83476,39.04618],[-94.83401,39.04618],[-94.83358,39.04698],[-94.83373,39.04865],[-94.81902,39.04507],[-94.81754,39.04453],[-94.80896,39.04041],[-94.80883,39.04034],[-94.80889,39.04007],[-94.80729,39.03951],[-94.79153,39.04357],[-94.80333,39.04352],[-94.80702,39.04519],[-94.82049,39.05023],[-94.82673,39.054],[-94.83414,39.05781],[-94.83928,39.05994],[-94.84384,39.06121],[-94.84526,39.06134],[-94.85441,39.06135],[-94.86328,39.06083],[-94.86826,39.06011],[-94.87161,39.05935],[-94.87344,39.05867],[-94.87643,39.05714],[-94.87772,39.05619],[-94.88357,39.05069],[-94.88412,39.04928],[-94.88505,39.04475],[-94.88719,39.03845],[-94.88782,39.0371],[-94.88963,39.03418],[-94.89114,39.03068],[-94.89128,39.02932],[-94.89122,39.02789],[-94.89053,39.0244],[-94.89014,39.02315],[-94.88835,39.0201],[-94.8883,39.01675],[-94.88843,39.01614],[-94.88955,39.01426],[-94.89229,39.0108],[-94.8948,39.00727],[-94.90235,38.99877],[-94.90351,38.99763],[-94.90877,38.9914],[-94.9089,38.98976]]]}},{"type":"Feature","properties":{"ZIP":"66227"},"geometry":{"type":"Polygon","coordinates":[[[-94.90893,38.96623],[-94.90893,38.96555],[-94.90873,38.9656],[-94.90874,38.95274],[-94.90331,38.94925],[-94.90116,38.9482],[-94.89865,38.94752],[-94.89659,38.9473],[-94.88892,38.94772],[-94.88462,38.94735],[-94.88188,38.9467],[-94.86853,38.94216],[-94.86448,38.94134],[-94.86166,38.94116],[-94.85263,38.94113],[-94.85265,38.94167],[-94.84343,38.94165],[-94.84344,38.94288],[-94.84227,38.94288],[-94.84233,38.94539],[-94.84258,38.94539],[-94.84266,38.94879],[-94.84397,38.94882],[-94.84407,38.9595],[-94.84458,38.96083],[-94.84417,38.9614],[-94.84378,38.96127],[-94.8436,38.96136],[-94.84225,38.96309],[-94.84222,38.96348],[-94.84369,38.96347],[-94.84405,38.96463],[-94.84409,38.97076],[-94.84435,38.9716],[-94.84439,38.97277],[-94.84422,38.97469],[-94.84417,38.9749],[-94.84123,38.97488],[-94.84123,38.97429],[-94.83826,38.97427],[-94.83827,38.97605],[-94.83738,38.97605],[-94.83714,38.97642],[-94.83648,38.97606],[-94.83648,38.97812],[-94.84411,38.97805],[-94.84405,38.99437],[-94.84236,38.99437],[-94.84212,38.9945],[-94.84194,38.99908],[-94.84437,38.99911],[-94.84434,38.99991],[-94.84985,38.99992],[-94.84997,39.00044],[-94.85083,39.00152],[-94.85093,39.00334],[-94.85143,39.00442],[-94.85128,39.00495],[-94.85099,39.00528],[-94.84936,39.00604],[-94.84858,39.00617],[-94.84529,39.00615],[-94.84528,39.00733],[-94.85417,39.00714],[-94.85329,39.00149],[-94.85321,38.99988],[-94.88189,38.99997],[-94.88189,39.00027],[-94.8825,38.99999],[-94.89105,38.99986],[-94.89122,39.00355],[-94.8957,39.00363],[-94.89952,38.99943],[-94.90461,38.99344],[-94.90889,38.9892],[-94.90889,38.97071],[-94.90874,38.96623],[-94.90893,38.96623]]]}},{"type":"Feature","properties":{"ZIP":"66251"},"geometry":{"type":"Polygon","coordinates":[[[-94.66326,38.91728],[-94.66307,38.91611],[-94.66251,38.91488],[-94.66303,38.91284],[-94.65826,38.91297],[-94.65828,38.91361],[-94.65572,38.91371],[-94.65548,38.9141],[-94.65551,38.91595],[-94.65664,38.9177],[-94.65673,38.91828],[-94.65526,38.92023],[-94.65532,38.92105],[-94.65468,38.92143],[-94.65427,38.922],[-94.65548,38.92228],[-94.65677,38.92228],[-94.65819,38.92196],[-94.65894,38.92162],[-94.66017,38.92057],[-94.66096,38.91862],[-94.66139,38.91807],[-94.66222,38.91757],[-94.66326,38.91728]]]}}]}